:1000000000180002BD03000029040000413E00006A
:100010002904000029040000290400000000000059
:10002000000000000000000000000000112500009A
:100030002904000000000000B12500001526000082
:10004000F9A8000009A90000B9AC0000C9AC000083
:10005000D9AC0000E9AC0000F9AC000009AD00002B
:1000600029040000290400002904000029040000DC
:1000700029040000290400002904000029040000CC
:1000800019AD000029040000290400002904000023
:10009000A9A90000B9A90000290400002904000052
:1000A000290400002904000089AC000099AC00007C
:1000B000A9AC000029040000290400002904000064
:1000C000290400002904000029040000290400007C
:1000D000290400002904000029040000C9A9000027
:1000E0002904000029040000E9A90000F9A9000082
:1000F000290400002904000029040000D9A90000F7
:1001000039A9000049A9000059A9000069A9000007
:1001100079A9000029040000290400002904000036
:10012000290400002904000029040000290400001B
:100130002904000019A9000029A9000029040000D1
:10014000290400002904000099A9000089A90000E1
:1001500029040000290400002904000029040000EB
:1001600029040000290400002904000029040000DB
:1001700029040000290400002904000029040000CB
:1001800029040000290400002904000029040000BB
:1001900029040000290400002904000029040000AB
:1001A000290400002904000029040000290400009B
:1001B000290400002904000029040000290400008B
:1001C000290400002904000029040000290400007B
:1001D000290400002904000029040000290400006B
:1001E000290400002904000029040000290400005B
:1001F000290400002904000029040000290400004B
:10020000290400002904000029040000290400003A
:10021000290400002904000029040000290400002A
:10022000290400002904000029040000290400001A
:10023000290400002904000029040000290400000A
:1002400029040000290400002904000029040000FA
:1002500029040000290400002904000029040000EA
:1002600029040000290400002904000029040000DA
:1002700029040000290400002904000029040000CA
:1002800029040000290400002904000029040000BA
:1002900029040000290400002904000029040000AA
:1002A000290400002904000029040000290400009A
:1002B000290400002904000029040000290400008A
:1002C000290400002904000029040000290400007A
:1002D000290400002904000029040000290400006A
:1002E000290400002904000029040000290400005A
:1002F000290400002904000029040000290400004A
:100300002904000029040000290400002904000039
:100310002904000029040000290400002904000029
:1003200029040000FFFFFFFFF0B400EB4003DFF8FB
:10033000880000EBC30000F118063069F7687568A3
:10034000874232D3B368DC1B631E934214D37D19FA
:10035000D01900BF11F8013B05F8013B013A05D067
:1003600011F8013B05F8013B013AF3D1BFF35F8F70
:10037000F0600120F0BC7047C018904219D3781982
:10038000121B11F8013B00F8013B013CF9D1141C90
:1003900005D011F8013B05F8013B013AF9D1BFF353
:1003A0005F8FF4600120F0BC7047C01B01389042A1
:1003B000CDD20020F0BC7047DC92002072B64FF026
:1003C00000014FF000024FF000034FF000044FF027
:1003D00000054FF000064FF00007B846B946BA4690
:1003E000BB46BC460A480B4901600B4885460B4A90
:1003F000094C002301E013600432A242FBD30848F9
:1004000080470848804762B60EF00AFAFEE700000F
:1004100008ED00E0000000000018000200080002E3
:10042000A13E0000493E0000FFF7FEBF81F0004101
:1004300002E000BF83F0004330B54FEA41044FEAC9
:10044000430594EA050F08BF90EA020F1FBF54EA64
:10045000000C55EA020C7FEA645C7FEA655C00F000
:10046000E2804FEA5454D4EB5555B8BF6D420CDDD1
:100470002C4480EA020281EA030382EA000083EA54
:10048000010180EA020281EA0303362D88BF30BDF4
:1004900011F0004F4FEA01314FF4801C4CEA11314A
:1004A00002D0404261EB410113F0004F4FEA0333A9
:1004B0004CEA133302D0524263EB430394EA050F34
:1004C00000F0A780A4F10104D5F1200E0DDB02FAA3
:1004D0000EFC22FA05F2801841F1000103FA0EF237
:1004E000801843FA05F359410EE0A5F120050EF1FD
:1004F000200E012A03FA0EFC28BF4CF0020C43FA2E
:1005000005F3C01851EBE37101F0004507D54FF03A
:10051000000EDCF1000C7EEB00006EEB0101B1F58A
:10052000801F1BD3B1F5001F0CD349085FEA3000D0
:100530004FEA3C0C04F101044FEA445212F5800FDB
:1005400080F09A80BCF1004F08BF5FEA500C50F178
:10055000000041EB045141EA050130BD5FEA4C0C5B
:10056000404141EB0101013C28BFB1F5801FE9D2B8
:1005700091F0000F04BF01460020B1FA81F308BFDB
:100580002033A3F10B03B3F120020CDA0C3208DDA7
:1005900002F1140CC2F10C0201FA0CF021FA02F182
:1005A0000CE002F11402D8BFC2F1200C01FA02F1F2
:1005B00020FA0CFCDCBF41EA0C019040E41AA2BF17
:1005C00001EB0451294330BD6FEA04041F3C1CDADF
:1005D0000C340EDC04F11404C4F1200220FA04F0FF
:1005E00001FA02F340EA030021FA04F345EA0301A9
:1005F00030BDC4F10C04C4F1200220FA02F001FA6B
:1006000004F340EA0300294630BD21FA04F02946EC
:1006100030BD94F0000F83F4801306BF81F4801185
:100620000134013D4EE77FEA645C18BF7FEA655CF8
:1006300029D094EA050F08BF90EA020F05D054EACA
:10064000000C04BF1946104630BD91EA030F1EBFCF
:100650000021002030BD5FEA545C05D140004941D3
:1006600028BF41F0004130BD14F580043CBF01F5C6
:10067000801130BD01F0004545F0FE4141F47001AC
:100680004FF0000030BD7FEA645C1ABF1946104687
:100690007FEA655C1CBF0B46024650EA013406BF88
:1006A00052EA033591EA030F41F4002130BD00BF47
:1006B00090F0000F04BF0021704730B54FF4806404
:1006C00004F132044FF000054FF0000150E700BF85
:1006D00090F0000F04BF0021704730B54FF48064E4
:1006E00004F1320410F0004548BF40424FF00001D1
:1006F0003EE700BF42004FEAE2014FEA31014FEA14
:1007000002701FBF12F07F4393F07F4F81F0605162
:10071000704732F07F4208BF704793F07F4F04BFAD
:1007200041F40021704730B54FF4607401F000458A
:1007300021F000411CE700BF50EA010208BF7047EA
:1007400030B54FF000050AE050EA010208BF7047DB
:1007500030B511F0004502D5404261EB41014FF444
:10076000806404F132045FEA915C3FF4D8AE4FF04C
:1007700003025FEADC0C18BF03325FEADC0C18BF2F
:10078000033202EBDC02C2F1200300FA03FC20FA80
:1007900002F001FA03FE40EA0E0021FA02F11444CD
:1007A000BDE600BF70B54FF0FF0C4CF4E06C1CEAE6
:1007B00011541DBF1CEA135594EA0C0F95EA0C0F57
:1007C00000F0DEF82C4481EA030621EA4C5123EACA
:1007D0004C5350EA013518BF52EA033541F48011F9
:1007E00043F4801338D0A0FB02CE4FF00005E1FBAC
:1007F00002E506F00042E0FB03E54FF00006E1FBF6
:1008000003569CF0000F18BF4EF0010EA4F1FF0438
:10081000B6F5007F64F5407404D25FEA4E0E6D4178
:1008200046EB060642EAC62141EA55514FEAC52089
:1008300040EA5E504FEACE2EB4F1FD0C88BFBCF505
:10084000E06F1ED8BEF1004F08BF5FEA500E50F1B6
:10085000000041EB045170BD06F0004646EA01017C
:1008600040EA020081EA0301B4EB5C04C2BFD4EBAE
:100870000C0541EA045170BD41F480114FF0000EA7
:10088000013C00F3AB8014F1360FDEBF002001F015
:10089000004170BDC4F10004203C35DA0C341BDC8F
:1008A00004F11404C4F1200500FA05F320FA04F061
:1008B00001FA05F240EA020001F0004221F0004195
:1008C00010EBD37021FA04F642EB06015EEA430E08
:1008D00008BF20EAD37070BDC4F10C04C4F1200538
:1008E00000FA04F320FA05F001FA04F240EA0200EB
:1008F00001F0004110EBD37041F100015EEA430EBC
:1009000008BF20EAD37070BDC4F1200500FA05F2DB
:100910004EEA020E20FA04F301FA05F243EA02035A
:1009200021FA04F001F0004121FA04F220EA020069
:1009300000EBD3705EEA430E08BF20EAD37070BDAF
:1009400094F0000F0FD101F00046400041EB01018F
:1009500011F4801F08BF013CF7D041EA060195F071
:10096000000F18BF704703F00046520043EB03032B
:1009700013F4801F08BF013DF7D043EA0603704718
:1009800094EA0C0F0CEA135518BF95EA0C0F0CD023
:1009900050EA410618BF52EA4306D1D181EA030169
:1009A00001F000414FF0000070BD50EA410606BF63
:1009B0001046194652EA430619D094EA0C0F02D1A8
:1009C00050EA013613D195EA0C0F05D152EA0336ED
:1009D0001CBF104619460AD181EA030101F000410B
:1009E00041F0FE4141F470014FF0000070BD41F054
:1009F000FE4141F4780170BD70B54FF0FF0C4CF42E
:100A0000E06C1CEA11541DBF1CEA135594EA0C0F4C
:100A100095EA0C0F00F0A7F8A4EB050481EA030E99
:100A200052EA03354FEA013100F088804FEA033380
:100A30004FF0805545EA131343EA12634FEA02224E
:100A400045EA111545EA10654FEA00260EF000410F
:100A50009D4208BF964244F1FD0404F5407402D261
:100A60005B084FEA3202B61A65EB03055B084FEAF2
:100A700032024FF480104FF4002CB6EB020E75EBEF
:100A8000030E22BFB61A754640EA0C005B084FEA17
:100A90003202B6EB020E75EB030E22BFB61A754694
:100AA00040EA5C005B084FEA3202B6EB020E75EBDF
:100AB000030E22BFB61A754640EA9C005B084FEA57
:100AC0003202B6EB020E75EB030E22BFB61A754664
:100AD00040EADC0055EA060E18D04FEA051545EA53
:100AE00016754FEA06164FEAC30343EA52734FEAFC
:100AF000C2025FEA1C1CC0D111F4801F0BD141EA75
:100B000000014FF000004FF0004CB6E711F4801FD9
:100B100004BF01430020B4F1FD0C88BFBCF5E06FB9
:100B20003FF6AFAEB5EB030C04BFB6EB020C5FEAC9
:100B3000500C50F1000041EB045170BD0EF0004E1E
:100B40004EEA113114EB5C04C2BFD4EB0C0541EA50
:100B5000045170BD41F480114FF0000E013C90E64D
:100B600045EA060E8DE60CEA135594EA0C0F08BF11
:100B700095EA0C0F3FF43BAF94EA0C0F0AD150EA10
:100B800001347FF434AF95EA0C0F7FF425AF1046A3
:100B900019462CE795EA0C0F06D152EA03353FF4CB
:100BA000FDAE1046194622E750EA410618BF52EA48
:100BB00043067FF4C5AE50EA41047FF40DAF52EA1C
:100BC00043057FF4EBAE12E74FF0FF3C06E000BFB9
:100BD0004FF0010C02E000BF4FF0010C4DF804CDC6
:100BE0004FEA410C7FEA6C5C4FEA430C18BF7FEA86
:100BF0006C5C1BD001B050EA410C0CBF52EA430CB4
:100C000091EA030F02BF90EA020F0020704710F133
:100C1000000F91EA030F58BF994208BF90422CBFC2
:100C2000D8176FEAE37040F0010070474FEA410CBB
:100C30007FEA6C5C02D150EA013C07D14FEA430CD9
:100C40007FEA6C5CD6D152EA033CD3D05DF8040B4A
:100C5000704700BF8446104662468C46194663467C
:100C600000E000BF01B5FFF7B7FF002848BF10F153
:100C7000000F01BD4DF808EDFFF7F4FF0CBF012098
:100C800000205DF808FB00BF4DF808EDFFF7EAFF14
:100C900034BF012000205DF808FB00BF4DF808EDCF
:100CA000FFF7E0FF94BF012000205DF808FB00BFC4
:100CB0004DF808EDFFF7CEFF94BF012000205DF84E
:100CC00008FB00BF4DF808EDFFF7C4FF34BF01205B
:100CD00000205DF808FB00BF4FEA4102B2F1E0439B
:100CE00024BFB3F5001CDCF1FE5C0DD901F0004C13
:100CF0004FEAC0024CEA5070B2F1004F40EB830063
:100D000008BF20F00100704711F0804F21D113F18E
:100D10003872BCBF01F00040704741F480114FEAC7
:100D20005252C2F11802C2F1200C10FA0CF320FA50
:100D300002F018BF40F001004FEAC1234FEAD3236D
:100D400003FA0CFC40EA0C0023FA02F34FEA4303D7
:100D5000CCE77FEA625307D150EA01331EBF4FF060
:100D6000FE4040F44000704701F0004040F0FE407B
:100D700040F40000704700BF844641EA000313F0CE
:100D800003036DD1403A41D351F8043B40F8043B92
:100D900051F8043B40F8043B51F8043B40F8043B55
:100DA00051F8043B40F8043B51F8043B40F8043B45
:100DB00051F8043B40F8043B51F8043B40F8043B35
:100DC00051F8043B40F8043B51F8043B40F8043B25
:100DD00051F8043B40F8043B51F8043B40F8043B15
:100DE00051F8043B40F8043B51F8043B40F8043B05
:100DF00051F8043B40F8043B51F8043B40F8043BF5
:100E000051F8043B40F8043B403ABDD2303211D394
:100E100051F8043B40F8043B51F8043B40F8043BD4
:100E200051F8043B40F8043B51F8043B40F8043BC4
:100E3000103AEDD20C3205D351F8043B40F8043B94
:100E4000043AF9D2043208D0D2071CBF11F8013B92
:100E500000F8013B01D30B8803806046704700BF58
:100E6000082A13D38B078DD010F003038AD0C3F167
:100E70000403D21ADB071CBF11F8013B00F8013B49
:100E800080D331F8023B20F8023B7BE7043AD9D308
:100E9000013A11F8013B00F8013BF9D20B780370DD
:100EA0004B7843708B788370604670470000000079
:100EB0000000000000000000000000000000000032
:100EC000A2EB0300704700BF02780B78012A28BF0D
:100ED0009A42F5D16DE9044540EA0104CDE9026783
:100EE0006FF0000C4FEA447212B380EA010414F070
:100EF000070F6AD100F0070420F0070004F0030593
:100F000021F007014FEAC505F0E8042314F0040FAF
:100F1000F1E804670CFA05F462EA040266EA0406E2
:100F20000AD063EA0403624667EA0407664603E000
:100F3000F0E80423F1E8046782FA4CF582EA06043B
:100F4000A4FA8CF46CBB83FA4CF583EA0705A5FA86
:100F50008CF595B950E9022351E9026782FA4CF504
:100F600082EA0604A4FA8CF483FA4CF583EA0705B6
:100F7000A5FA8CF52543DBD09CB92DBAB5FA85F4DA
:100F800024F0070427FA04F1DDE9026723FA04F3E9
:100F900003F0FF0001F0FF01FDE80445A0EB0100B4
:100FA000704724BAB4FA84F424F0070426FA04F152
:100FB000DDE9026722FA04F202F0FF0001F0FF010E
:100FC000FDE80445A0EB0100704714F0030F3CD18D
:100FD00010F0030428D150F8082B51F8083B82FA8E
:100FE0004CF582EA0305A5FA8CF55DB950F8042C9E
:100FF00051F8043C82FA4CF582EA0305A5FA8CF517
:10100000002DE8D02DBAB5FA85F424F0070423FAB0
:1010100004F122FA04F202F0FF0001F0FF01FDE802
:101020000445A0EB010070474FEAC40420F0030020
:1010300050F8082B21F0030151F8083B0CFA04F496
:1010400062EA040263EA0403C9E710F003041AD059
:10105000A1EB040120F00300E40750F8042B06D0B4
:101060000FD28B785FFAA2F4E41A06D12BB1CB78B9
:101070005FFAB2F4E41A00D11BB920465DF8104BB8
:10108000704701F1040150F8042BCC0721F0030153
:1010900051F8043B48D824D222F07F4482FA4CF520
:1010A00094EA1325A5FA8CF50AD165B951F8043BE9
:1010B00084EA0204B4EB036F0ED150F8042BEBE783
:1010C0004FEA132355E035F07F454DD10878FDE810
:1010D0000445C0F1000070474FEA126203F0FF03BD
:1010E00047E002EA1C4482FA4CF594EA1345A5FA5B
:1010F0008CF50AD165B951F8043B84EA0204B4EBDB
:10110000034F0CD150F8042BEBE74FEA134330E0C8
:1011100015EA1C4528D10B884FEA124229E04FEA14
:10112000124203EA1C4324E002F0FF0482FA4CF569
:1011300094EA1365A5FA8CF50AD165B951F8043B18
:1011400084EA0204B4EB032F09D150F8042BEBE737
:101150004FEA13630DE015F0FF0F05D10B684FEA5E
:10116000122223F07F4304E04FF00000FDE8044525
:10117000704712BA1BBA82FA4CF482EA0304A4FA4A
:101180008CF5B5FA85F402FA04F203FA04F34FEA97
:101190001260FDE80445A0EB1360704700B583B012
:1011A00001F06AFD01900A2101A801F08DFEFAE725
:1011B00000B583B001F060FD0190022101A801F0AB
:1011C00083FEFAE700B583B001F056FD019009E017
:1011D0001B4B1B78DBB2022B1FD1194B1B78DBB2E8
:1011E000022B25D0642101A801F06EFE154B1B785F
:1011F000642B02D80133134A1370124B1B78142B43
:10120000E6D0104B1B78632BE7D90D4B1B78DBB274
:10121000022BE2D00DF09EFAE4E701200AF0D2FDA5
:101220009FED090A0AF0D6FD01200AF01DFDE8E74E
:101230000AF0C0FD0028D5D000200AF015FDD1E746
:10124000D00D0020D10D002000007A4400B583B0FD
:101250000DF048FA01F010FD0190052101A801F000
:1012600033FEFAE700B583B001F006FD01900121DD
:1012700001A801F029FE0BF03BF8F8E700B583B0B8
:101280000AF046FB0DF006F90AF00AFA0DF060F9D3
:1012900001F0F2FC01900A2101A801F015FE0AF00C
:1012A00005FAF8E700B583B001F0E6FC01900521EE
:1012B00001A801F009FE052101A801F005FE01F0D9
:1012C000DBFC0190052101A801F0FEFD02F018F8F9
:1012D0000AF0D6F9F6E700B583B00AF081FE01F016
:1012E000CBFC0190032101A801F0EEFD012101A832
:1012F00001F0EAFD09F094FD0BF0C4FFF6E74FF0B2
:10130000200383F31188BFF36F8FBFF34F8FFEE786
:1013100030B583B000F012F9002401940523009346
:1013200023464FF4C8722649264801F047FB019432
:101330000423009323464FF4C8722349234801F045
:101340003DFB01940A25009523464FF4167220496F
:10135000204801F033FB0194009523464FF4C872F6
:101360001D491E4801F02AFB0194009523464FF4C5
:10137000C8721B491B4801F021FB0194082300930C
:1013800023464FF4C8721849184801F017FB01941E
:101390000723009323464FF4C8721549154801F0FE
:1013A0000DFB01940123009323464FF4C8721249A8
:1013B000124801F003FB01F003FC03B030BD00BF95
:1013C000CCEB0000D7120000D8EB0000B1110000F8
:1013D000E4EB0000A5120000F0EB00007D1200001D
:1013E00000EC0000651200000CEC00004D12000043
:1013F00018EC00009D11000028EC0000C511000051
:10140000034B1B78642B9ABF0370002001207047A8
:10141000B18F0020B0F5805F3DBF024B18800020E7
:1014200001207047DA8F0020B0F5805F3DBF024B8E
:101430001880002001207047DC8F0020B0F5805F0D
:101440003DBF024B1880002001207047DE8F002036
:10145000431E044A073013F8011F02F8011F83429C
:10146000F9D17047D30D0020014B1870704700BFB1
:10147000DC0D0020038C03EB43010C4A02EB41021C
:10148000927892B910B50446084A02EB41035B78A2
:1014900003B110BD09F02CFD0128FAD109F034FD8B
:1014A000012804BF01232377F3E7704738EC0000DD
:1014B00000EB4002194B13F812306BBBF0B58FB044
:1014C00004460D461346154A02EB43039B78012B55
:1014D00001D00FB0F0BD09F011FD0128F9D109F0DC
:1014E00019FD0128F5D1DFF838C004EB44040B4F97
:1014F00007EB44076C460CF108060FCE0FC40FCE65
:101500000FC40FCE0FC4336823609CE80C0029463B
:10151000B88808F091FCDCE7704700BF38EC0000A9
:101520006803002008B5034800F028FD024800F0D9
:1015300025FD08BDA0EC0000DCEC000008B5064B62
:101540001868064B064A014600F0BCF94FF00050FF
:1015500000F0EEF908BD00BF809B002025150000BB
:1015600044ED000010B501F08DFB04464201C30EAE
:10157000121A63F10003990041EA92719000001978
:1015800041F10001CB0043EA5073C20010461946F6
:1015900010BDF0B587B007460E4615461C4618220A
:1015A000002168460DF094FA009701960295039485
:1015B0000C9B0493684600F071FC07B0F0BD00007E
:1015C000F0B583B005460C4616461F460522134962
:1015D00020460DF04DFAD0B1114B1A68072A18D8E1
:1015E000104B02EB820003EB800143F820504C606B
:1015F0008E60CF60089B0B610132094B1A60089B1B
:1016000000933B46324621462846FFF7C2FF03B00F
:10161000F0BD054800F002FEF9E700BFECEC000069
:10162000E00D0020E40D0020F4EC00000B4B1B68E3
:101630009BB130B583B00A4C002523690093E36861
:10164000A26861682068FFF7A4FF01351434034BDA
:101650001B68AB42F1D803B030BD7047E00D0020ED
:10166000E40D002038B5174CA822002120460DF0CB
:101670002FFA032323616361134AA261134BE361D1
:101680004FF4806323620023A3626362E3622266F5
:101690000F4A62661022A2662367E3666367BFF3A0
:1016A0005F8F0C4800F10F0300F10F01C91A93F985
:1016B0000050044C6554834203F1FF33F4D1BFF36F
:1016C0005F8F38BDDC9200204CED0000940E0020AE
:1016D000840E002058ED00002DE9F04704468946AD
:1016E00017462A4B1B785BB2532B28D104EB4403DB
:1016F000264A02EBC3031E6FD3F86C80464521D8FF
:10170000A8EB0605BD4228BF3D46ADB14FF000082D
:1017100004EB44031D4A02EBC303596E2A463144CD
:101720004846FFF729FB2E4445442DB104EB440401
:10173000164B03EBC40426672846BDE8F087FFF785
:1017400091FFD3E704EB440A02EBCA0ADAF86850C7
:10175000AD1BBD4228BF3D46DAF864102A4631442D
:101760004846FFF709FB7F1B2E44DAF86830B34286
:1017700008BF0026A8EB0608474528BF4746002FAC
:10178000D3D0A944A8463D46C2E700BFDC92002062
:101790002DE9F04180460F4616461D461E4B1B782C
:1017A0005BB2532B32D1EFF311824FF0200181F362
:1017B00011880020441C04EB4404174B03EBC404C1
:1017C000636823B10130144B1B698342F2DC124B76
:1017D0001B6983421DDD104B411C01EB4104E400F9
:1017E00043F8048001EB410103EBC1014F6000EBC2
:1017F000400103EBC1031E62002199625962DD6260
:10180000BFF35F8F82F31188BDE8F081FFF72AFFF5
:10181000C9E74FF0FF30F5E7DC9200202DE9F041F9
:101820000446884617461E46164B187840B2532881
:1018300022D1022C23D8EFF311834FF0200181F342
:1018400011885CB104EB44000E4D05EBC000C0F8FC
:1018500060804766866600220267C26604EB440425
:10186000084800EBC404069A6267BFF35F8F83F3F6
:1018700011880020BDE8F081FFF7F4FED9E74FF0B2
:10188000FF30F7E7DC92002070B40446B1B10E4699
:1018900001301546802A28BF80255AB10B461946CB
:1018A00013F9012B32B1194600F8012B6A1C2244AE
:1018B0009042F4D1891B217070BC7047002300F85E
:1018C000013BF9E72DE9F04782B007460E46904606
:1018D0001D46DFF8589000234FF400520F49484648
:1018E000FFF756FFC0B20E4C607020764FF0000A32
:1018F000CDF800A008230B4A4946FFF78FFFC4F834
:1019000010A0094B1B68E360C4F820806760A660E4
:10191000656284F800A002B0BDE8F087C81200201C
:10192000A012002094120020041000E06CED0000D2
:10193000014B1861704700BFA012002008B5034B8F
:101940001B6A13B15B6803B1984708BDA012002061
:1019500010B5064B1C681CB910BD2469002CFBD0C7
:10196000E368002BF9D09847F7E700BFAC330020BD
:1019700010B5EFF311844FF0200181F311880B4B68
:101980001B787F2B0ED90A4963F07F02CA71DA09EE
:10199000083101F8012B1B22064800F0B7F884F348
:1019A000118810BD1A460349F3E700BF9C120020BE
:1019B000C8320020CF32002038B52A4D01232B70C9
:1019C000EFF311844FF0200181F311880A22264998
:1019D0006878FEF7A9FC84F311880A2000F08EF9DC
:1019E000EFF311844FF0200181F311886B687F2B96
:1019F00036D91E4963F07F0201F8012BDB097F2BEA
:101A0000F8D801F8013B174B9B687F2B06D963F090
:101A10007F0201F8012BDB097F2BF8D801F8013B8D
:101A2000104B1B697F2B06D963F07F0201F8012B55
:101A3000DB097F2BF8D80B7000234B701822023182
:101A40000A4800F063F884F31188064B5B6A03B11F
:101A5000984700F0AFF9FFF771FFFFF789FF38BD36
:101A60000249CEE7A012002074ED0000CF32002022
:101A700000B583B001220DF10701234B187EFFF75B
:101A80002BFE00B39DF80730072B09D8DBB15A1E97
:101A9000062A2DD8DFE802F0151A1D20232629007A
:101AA0007F2B10D0802B23D101220DF10701164B83
:101AB000187EFFF711FE30B19DF8070000F06EFBB5
:101AC00001E0FFF779FF03B05DF804FB00F08AF94D
:101AD000F9E700F06FF9F6E7FFF730FFF3E700F002
:101AE0009BF9F0E7FFF744FFEDE7FFF731FFEAE787
:101AF00013F0800FE7D001220DF10701024B187E91
:101B0000FFF7EAFDDFE700BFA0120020F0B585B0C7
:101B100006460C461546764B1B78012B02D043B384
:101B2000022B3CD01F2D05D8714BDB69EB4013F025
:101B3000010F1ED1172D6DD8711E06F8015C6D4B7B
:101B40001D686B4BDB68EB1A7F2B06D963F07F02B5
:101B500004F8012BDB097F2BF8D804F8013B621A4B
:101B6000634B5878FEF7E0FB002800F0B380604B31
:101B7000DD605F4B1B7E604A03EB430102EBC1015A
:101B8000C96E03EB430302EBC3031B6F994204D0FE
:101B9000574B9B78002B00F0A28005B0F0BD0123CD
:101BA0008DF80430524B5B697F2B2BD90DF1050268
:101BB00063F07F0102F8011BDB097F2BF8D802F8E4
:101BC000013B4C4B1F684A4BDB68FB1A7F2B06D945
:101BD00063F07F0102F8011BDB097F2BF8D802F8C4
:101BE000013B01A9521A424B5878FEF79DFB60B1A8
:101BF0003F4BDF601A78013A1A703D4B1B78012B7E
:101C0000B7D18FE70DF10502D9E7394A536901339E
:101C10005361F2E7A31B7F2B0DD9DA0906F8012CDB
:101C2000B21E63F07F0306F8023C7E2D07D8511EDA
:101C300002F8015C83E7721E06F8013CF5E7B5F592
:101C4000804F08D2EB0902F8013C911E65F07F0538
:101C500002F8025C73E7B5F5001F0DD2AB0B02F87A
:101C6000013CEB0963F07F0302F8023CD11E65F0F2
:101C70007F0502F8035C62E7B5F1805F12D26B0D5D
:101C800002F8013CAB0B63F07F0302F8023CEB0966
:101C900063F07F0302F8033C111F65F07F0502F833
:101CA000045C4CE72B0F02F8013C6B0D63F07F03E3
:101CB00002F8023CAB0B63F07F0302F8033CEB0934
:101CC00063F07F0302F8043C511F65F07F0502F8C2
:101CD000055C34E7064A13780133137049E7044C76
:101CE0000123A370FFF7C4FE0023A37055E700BFD4
:101CF000A0120020041000E0DC92002010B5024683
:101D0000EFF311844FF0200181F31188034801465D
:101D1000FFF7FCFE84F3118810BD00BFCF32002016
:101D200038B502460B46EFF311854FF0200181F3E1
:101D300011887F2B0FD9094963F07F0401F8014B0B
:101D4000DB097F2BF8D801F8013B0448FFF7DEFEE2
:101D500085F3118838BD0149F5E700BFCF32002077
:101D600038B50B46EFF311854FF0200181F3118850
:101D70007F2B1BD90E4963F07F0401F8014BDB096F
:101D80007F2BF8D801F8013B7F2A06D962F07F0348
:101D900001F8013BD2097F2AF8D801F8012B02464D
:101DA0000348FFF7B3FE85F3118838BD0049E9E722
:101DB000CF32002008B5094B1B6A43B11B6833B111
:101DC00098470A4601460D20FFF7CAFF08BD044B9D
:101DD00019680C20FFF7A4FFF8E700BFA01200204D
:101DE000041000E010B5EFF311844FF0200181F3EF
:101DF0001188074B1B7813B984F3118810BD05486F
:101E00000B220146FFF782FE014B00221A70F3E716
:101E1000A0120020CF32002010B5EFF311844FF054
:101E2000200181F311881B4B5B687F2B30D91A4945
:101E300063F07F0201F8012BDB097F2BF8D801F852
:101E4000013B144B9B687F2B06D963F07F0201F89E
:101E5000012BDB097F2BF8D801F8013B0D4B1B69E7
:101E60007F2B06D963F07F0201F8012BDB097F2B62
:101E7000F8D80B7000234B70182202310648FFF788
:101E800045FE84F31188034B5B6A03B1984710BD8C
:101E90000149D4E7A0120020CF32002038B5054612
:101EA000EFF311844FF0200181F311880368314A68
:101EB00012699B1A7F2B59D92F4863F07F0200F8D3
:101EC000012BDB097F2BF8D800F8013BAB687F2B97
:101ED00006D963F07F0200F8012BDB097F2BF8D8CD
:101EE00000F8013B20226968FFF7CEFC0146092279
:101EF0002148FFF70BFE2B681E4A12699B1A7F2BA5
:101F000036D91D4963F07F0201F8012BDB097F2BD5
:101F1000F8D801F8013BEB687F2B06D963F07F020C
:101F200001F8012BDB097F2BF8D801F8013B2B6965
:101F30007F2B06D963F07F0201F8012BDB097F2B91
:101F4000F8D801F8013B6B697F2B06D963F07F025B
:101F500001F8012BDB097F2BF8D801F8013B152292
:101F60000548FFF7D3FD84F3118838BD0248ABE77D
:101F70000149CEE7A0120020CF32002038B5EFF3A0
:101F800011854FF0200181F31188074C8022014612
:101F90002046FFF779FC01460E222046FFF7B6FDEA
:101FA00085F3118838BD00BFCF32002010B5EFF3A4
:101FB00011844FF0200181F311880C4B1A68C2F391
:101FC000080312F4C07F0ED0094963F07F02CA7182
:101FD000DB09083101F8013B02220648FFF796FDB4
:101FE00084F3118810BD0349F4E700BF04ED00E05D
:101FF000C8320020CF32002010B5EFF311844FF02B
:10200000200181F31188044803220146FFF77EFD79
:1020100084F3118810BD00BFCF32002010B5EFF35C
:1020200011844FF0200181F31188044812220146E7
:10203000FFF76CFD84F3118810BD00BFCF32002084
:1020400010B5EFF311844FF0200181F3118804489B
:1020500011220146FFF75AFD84F3118810BD00BF1D
:10206000CF32002010B5EFF311844FF0200181F33F
:1020700011880C4B1B69C01A7F2810D90A4960F0DF
:102080007F0301F8013BC0097F28F8D801F8010B54
:1020900008220548FFF73AFD84F3118810BD024974
:1020A000F4E700BFA0120020CF32002010B5EFF3FC
:1020B00011844FF0200181F311880C4B1B69C01A69
:1020C0007F2810D90A4960F07F0301F8013BC0095D
:1020D0007F28F8D801F8010B04220548FFF716FD08
:1020E00084F3118810BD0249F4E700BFA01200205C
:1020F000CF32002010B5EFF311844FF0200181F3AF
:1021000011880C4B1B69C01A7F2810D90A4960F04E
:102110007F0301F8013BC0097F28F8D801F8010BC3
:1021200006220548FFF7F2FC84F3118810BD02492E
:10213000F4E700BFA0120020CF32002010B50B46FC
:10214000EFF311844FF0200181F31188114A1269D5
:10215000801A7F281BD9104960F07F0201F8012BFB
:10216000C0097F28F8D801F8010B7F2B06D963F04E
:102170007F0201F8012BDB097F2BF8D801F8013B26
:1021800007220548FFF7C2FC84F3118810BD0249FD
:10219000E9E700BFA0120020CF32002038B51C4B69
:1021A0001C6894B3024628B1002324696CB3013340
:1021B0009342FAD1EFF311854FF0200181F311889A
:1021C0007F2823D9134B60F07F02DA71C20903F133
:1021D000080000F8012BA3687F2B06D963F07F026B
:1021E00000F8012BDB097F2BF8D800F8013B802297
:1021F0002168FFF749FB014616220748FFF786FCD6
:1022000085F31188E36803B1984738BD0248E0E7D9
:10221000AC330020C8320020CF32002038B5EFF3B5
:1022200011854FF0200181F31188094C802201466D
:102230002046FFF729FB01230370002343701A2275
:10224000811C2046FFF762FC85F3118838BD00BF72
:10225000CF32002010B4134B1A461B688342FBD3C5
:1022600051685418A0420AD041684418A3420BD0C8
:102270000360904218BF10605DF8044B70474068DF
:10228000014451601046EFE7074C2468A34206D092
:102290005B681944416013681B680360E9E70460E8
:1022A000E7E700BFC8830020B0330020F8B504463C
:1022B00000F0DAFC464B1B68D3B1464B1E68264241
:1022C00040F08180631E13F10A0F7CD804F10803EB
:1022D00014F0070F05D023F0070208329A4272D992
:1022E00013463D4A15689D426DD33C4A146827E069
:1022F0003B4A12F0070F1ED0D11D21F0070102F555
:10230000A0435B1A0A46354802600021416013442D
:10231000083B23F007032E48036059601960991A9F
:10232000516013602F4B19602B4B1960294B4FF0F4
:1023300000421A60C1E74FF4A043E4E722460C468E
:102340006168994202D221680029F7D120490968C1
:10235000A14238D017680837216811606268D21A24
:10236000102A10D9E01810F0070F08D04FF0200302
:1023700083F31188BFF36F8FBFF34F8FFEE7426087
:102380006360FFF767FF6268AD1A13490D60154976
:1023900009688D423CBF13490D60164366600023F7
:1023A0002360114A13680133136000F009FD17F030
:1023B000070F0BD04FF0200383F31188BFF36F8F0B
:1023C000BFF34F8FFEE700F0FBFC00273846F8BD57
:1023D000B0330020B4830020B8830020C8830020DD
:1023E000B4330020BC830020C0830020002833D0F9
:1023F00010B5044650F8043C184A1268134208D13C
:102400004FF0200383F31188BFF36F8FBFF34F8F1B
:10241000FEE750F8081C41B14FF0200383F3118808
:10242000BFF36F8FBFF34F8FFEE723EA020340F83D
:10243000043C00F019FC0A4A54F8043C11680B44AF
:102440001360A4F10800FFF705FF064A1368013383
:10245000136000F0B5FC10BD704700BFB4830020CE
:10246000B8830020C483002082B0002301930D4B69
:102470001B68B3F1FF3F08D04FF0200383F31188AE
:10248000BFF36F8FBFF34F8FFEE74FF0200383F34F
:102490001188BFF36F8FBFF34F8F019B002BFCD0D0
:1024A00002B070470000002008480068006880F310
:1024B00008884FF0000080F3148862B661B6BFF35D
:1024C0004F8FBFF36F8F00DF00BF000008ED00E00B
:1024D000DFF80C00016841F47001016070470000F2
:1024E00088ED00E04FF0807340F8043C21F00101DA
:1024F00040F8081C054B40F80C3C40F8202C6FF0CD
:10250000020340F8243C4438704700BF69240000AF
:10251000074B19680868B0E8F04F80F30988BFF3EB
:102520006F8F4FF0000080F311887047AFF3008089
:10253000D88300204FF0200383F31188BFF36F8FFF
:10254000BFF34F8F0A4A136801331360012B00D089
:102550007047084B1B6813F0FF0FF9D04FF02003B2
:1025600083F31188BFF36F8FBFF34F8FFEE700BF78
:102570000000002004ED00E0094B1B6843B94FF058
:10258000200383F31188BFF36F8FBFF34F8FFEE7F4
:10259000013B034A13600BB983F31188704700BFF6
:1025A000000000200000000000000000000000000B
:1025B000EFF30980BFF36F8F154B1A681EF0100FF1
:1025C00008BF20ED108A20E9F04F10602DE90900C6
:1025D0004FF0200080F31188BFF34F8FBFF36F8F50
:1025E00000F0CCFC4FF0000080F3118809BC1968A2
:1025F0000868B0E8F04F1EF0100F08BFB0EC108A6A
:1026000080F30988BFF36F8F704700BFAFF300807E
:10261000D883002008B54FF0200383F31188BFF35F
:102620006F8FBFF34F8FFFF7C1FC00F033FB48B152
:10263000FFF7F4FC054B4FF080521A60002383F340
:10264000118808BDFFF7D8FCF8E700BF04ED00E0F3
:10265000084A0023136008490B60084B1B680849AF
:10266000A1FB03139B09013B06490B600723136081
:10267000704700BF10E000E018E000E0809B002001
:10268000D34D621014E000E03B4B1A683B4B9A427A
:1026900039D0394B1A683A4B9A423DD010B582B0C6
:1026A000384B1A78D2B20192FF221A701B78DBB233
:1026B0008DF803309DF8033003F02003324A137085
:1026C000324B07221A609DF8033013F0800F11D0AF
:1026D00006229DF803305B00DBB28DF803309DF8D5
:1026E00003101346013A11F0800FF2D1274A13600C
:1026F000042B1AD04FF0200383F31188BFF36F8FA0
:10270000BFF34F8FFEE74FF0200383F31188BFF331
:102710006F8FBFF34F8FFEE74FF0200383F31188D5
:10272000BFF36F8FBFF34F8FFEE7184B4FF48062FC
:102730001A60019BDBB202F1E0221370144B1A689D
:1027400042F460021A601A6842F060421A60FFF7B1
:102750007FFF00240F4B1C60FFF7BAFE0E4A136880
:1027600043F040431360FFF79FFE00F007FCFFF7C4
:102770007BFE204602B010BD00ED00E071C20F41AB
:1027800070C20F4100E400E0D0830020D483002019
:1027900020ED00E00000002034EF00E0EFF30583BF
:1027A0000F2B0FD9104A9B5CDBB2104A12789A4269
:1027B00008D94FF0200383F31188BFF36F8FBFF365
:1027C0004F8FFEE70A4B1B6803F4E063094A126867
:1027D000934208D94FF0200383F31188BFF36F8F22
:1027E000BFF34F8FFEE77047F0E300E0D083002097
:1027F0000CED00E0D483002000F1080343604FF0AB
:10280000FF328260C36003610023036070470023CE
:102810000361704743684B609A688A6051609960B1
:102820000861036801330360704730B40D68B5F187
:10283000FF3F11D000F108031C465B681A68AA42EA
:10284000FAD963684B6099608C60616008610368C5
:102850000133036030BC70470469F2E703694168E3
:1028600082688A60416851605A68824204BF826807
:102870005A60002202611A68013A1A6018687047AB
:10288000074B1B681B6823B9064B4FF0FF321A60D9
:102890007047034B1B68DB681A68024B1A6070476D
:1028A000DC830020C484002008B5154B1B68D3B11D
:1028B000FFF740FE134BDB68DD68281DFFF7CEFFF6
:1028C000114A1368013B13600D4C2368013B2360E0
:1028D000FFF752FE286BFFF789FD2846FFF786FDBC
:1028E0002368002BE4D1094B1B68012BDDD9084B71
:1028F0004FF080521A60BFF34F8FBFF36F8FD4E752
:1029000088840020FC84002084840020E48300204C
:1029100004ED00E070B504460D46214B1E68214BC6
:1029200018680430FFF79AFF48B91E4B1A681E4911
:102930000B68D06A0122824023EA02030B60B4F1E3
:10294000FF3F11D03444174B1B685C60A64214D97A
:10295000144C20680421FFF7F1FB144B1868216820
:102960000431FFF762FF70BD002DEBD00D4B1968ED
:1029700004310F48FFF74EFFF5E70A4D28680421A0
:10298000FFF7DCFB0B4B186829680431FFF74DFF9C
:10299000094B1B68A34284BF074B1C60E3E700BFE1
:1029A00010850020D883002094840020E08300203C
:1029B000E8840020DC830020C48400202DE9F04F4F
:1029C00083B007460D46984696003046FFF76EFCEA
:1029D000002800F0CF8081465C20FFF767FC0446AA
:1029E000002800F09980C0F830903246A521484672
:1029F0000CF06EF8D4F83090002D00F093806A1E31
:102A000004F133010E3512F9013F01F8013F0BB11A
:102A1000AA42F8D1002384F842300C9D072D28BF2C
:102A20000725E562E5644FF0000BC4F850B004F1EF
:102A3000040A5046FFF7EBFE04F11800FFF7E7FE2B
:102A40002461C5F10805A56164620422594604F1B8
:102A500054000CF03DF80122594604F158000CF0E6
:102A600037F8043E4E444246394626F00700FFF749
:102A700039FD20600D9B03B11C60FFF75BFD424AEE
:102A8000136801331360414B1B68002B4ED0404B41
:102A90001B683BB93D4B1B68DA6AE36A9A429CBFEC
:102AA0003A4B1C603B4A1368013313606364204651
:102AB000FFF7D8FA236BE26A214651F8340BC01AAB
:102AC00000902046FEF77CFD2046FFF713FBE06AEE
:102AD000314A1168012383400B43136000EB8000EF
:102AE00051462E4B03EB8000FFF794FEFFF744FDA9
:102AF000274B1B68002B42D0244B1B68DA6AE36A21
:102B00009A423ED2264B4FF080521A60BFF34F8F4D
:102B1000BFF36F8F01202FE04846FFF767FC4FF0AF
:102B2000FF3029E0002384F8343076E7174B1C602F
:102B30001368012BB6D1194D05F1A0062846FFF701
:102B40005BFE1435AE42F9D1164E3046FFF754FE07
:102B5000154D2846FFF750FE1448FFF74DFE144868
:102B6000FFF74AFE1348FFF747FE134B1E60134B57
:102B70001D6097E74FF0FF3003B0BDE8F08F0120F4
:102B8000FAE70120F8E700BF84840020D883002002
:102B9000E48400209084002094840020E4830020BA
:102BA00004ED00E098840020AC840020D084002054
:102BB000FC840020E8840020DC830020E0830020E7
:102BC00000B583B0204B0193002300934FF4C872EB
:102BD0001E491F48FFF7F2FE012807D0B0F1FF3F62
:102BE00028D01C4B1B6803B05DF804FB4FF020039A
:102BF00083F31188BFF36F8FBFF34F8F164B4FF0E6
:102C0000FF321A60154B01221A60154B00221A6020
:102C1000144B186805220D4934300BF029FF30B1F0
:102C2000104B1868FFF742FAFFF72EFDD9E7FFF7C0
:102C300007FAF9E74FF0200383F31188BFF36F8F92
:102C4000BFF34F8FFEE700BFC0840020ECEC000014
:102C5000A928000004000020C4840020E48400208F
:102C600010850020D8830020024A136801331360C6
:102C7000704700BF8C840020014B1868704700BF6C
:102C80001085002008B5FFF789FD014B186808BDC5
:102C900010850020F8B53F4B1B68002B73D13E4BCD
:102CA0001E6801361E60C6B93C4B1B681B6843B1E9
:102CB0004FF0200383F31188BFF36F8FBFF34F8F63
:102CC000FEE7364A1168364B186810601960354ABD
:102CD000136801331360FFF7D3FD334B1B68B34216
:102CE0003FD82E4B1B681B680BB1002426E0002444
:102CF0002D4B4FF0FF321A6034E02B4A136031E065
:102D00002846FFF7F7F9E86A284A1168012383404B
:102D10000B43136000EB80003946254B03EB80002A
:102D2000FFF778FD234B1B68EA6ADB6A9A4228BFEB
:102D300001241A4B1B681B68002BD9D0174B1B684A
:102D4000DB68DD686B689E42D7D32F1D3846FFF7DE
:102D500085FDAB6A002BD3D005F11800FFF77EFD8F
:102D6000CEE70024134B1B68DB6A03EB83039B0055
:102D70000F4AD358022B28BF01240F4B1B68002B8E
:102D800018BF012404E00D4A1368013313600024C6
:102D90002046F8BD8C84002010850020DC830020B4
:102DA000E0830020C8840020C48400209484002094
:102DB000E4830020D883002014850020CC840020E8
:102DC00038B5384B1B6843B94FF0200383F31188A3
:102DD000BFF36F8FBFF34F8FFEE7FFF7ABFB314BB6
:102DE0001A68013A1A601B68002B40D12E4B1B68F1
:102DF000002B41D02D4B1B6823B941E02B4B1B68A6
:102E0000002B3BD0294BDB68DC6804F11800FFF78E
:102E100025FD251D2846FFF721FD2046FFF76AF90D
:102E2000E06A234A1168012383400B43136000EBDF
:102E3000800029461F4B03EB8000FFF7EBFC1E4B85
:102E40001B68E26ADB6A9A42D8D31C4B01221A60E3
:102E5000D4E7013C07D0FFF71DFF0028F9D0174B3E
:102E600001221A60F5E7164B00221A600CE00024DC
:102E7000FFF782FB204638BD0024F9E7FFF700FD8D
:102E80000F4B1C68002CE6D10C4B1C68002CEFD0BB
:102E90000C4B4FF080521A60BFF34F8FBFF36F8F10
:102EA0000124E5E78C84002084840020D084002065
:102EB00094840020E4830020D8830020148500201F
:102EC000CC84002004ED00E060B170B50C460546EE
:102ED00089B94FF0200383F31188BFF36F8FBFF3DD
:102EE0004F8FFEE74FF0200383F31188BFF36F8FFE
:102EF000BFF34F8FFEE71E4B1B6843B14FF020031B
:102F000083F31188BFF36F8FBFF34F8FFEE7FFF797
:102F1000ABFE184B1E682B681C44B3420BD9A3426E
:102F200002D82C60002413E0A64202D32C600024B7
:102F30000EE02C6004E0A34201D8A64215D22C601A
:102F40002420FEF7DBFE0021A01BFFF7E3FC012499
:102F5000FFF736FF38B9084B4FF080521A60BFF3C5
:102F60004F8FBFF36F8F204670BD2C600024EFE7BA
:102F70008C8400201085002004ED00E008B5334B60
:102F80001B681BB1324B01221A6008BD304B002276
:102F90001A60304B1B681B6B1A68B2F1A53F03D156
:102FA0005A68B2F1A53F1BD02A4B18681968343112
:102FB000FEF7A5F9284B1B68B3FA83F3DBB2C3F124
:102FC0001F0303EB8302920024498A588AB94FF009
:102FD000200383F31188BFF36F8FBFF34F8FFEE79A
:102FE0009A68B2F1A53FDFD1DB68B3F1A53FDBD131
:102FF000E0E71A4A03EB830102EB8101486840686D
:10300000486003EB830102EB81020832904214D046
:1030100003EB8303114A02EB83035B68DA680D4B11
:103020001A60186805220E4934300BF021FD50B1AA
:10303000084B1868FFF73AF8A7E74068074A02EB21
:1030400081025060E4E7FEF7FBFF9EE78C840020DE
:1030500014850020D883002094840020E48300207D
:10306000ECEC000091B3F0B40B46011F013B9BB2A6
:1030700000EB83044FF6FF7051F8046F154DF3B267
:1030800083EA102335F8132082EA002083B27040CF
:10309000C0F3072035F8102082EA032297B2C6F366
:1030A0000740C2F30722424035F8123083EA072373
:1030B0009AB2C3F3072383EA166335F8130080EA54
:1030C000022080B2A142D7D1F0BC70474FF6FF700A
:1030D000704700BF80ED0000064B1B88834206D07E
:1030E000044B9B89834214BF0220012070470020BB
:1030F000704700BF0C0000207D4B1B78012B01D0D6
:10310000042070472DE9F047044607F057F90028DE
:1031100040F0EB802046FFF7DFFF0446012801D98D
:103120000420E3E0054600EB4003724A02EB830310
:1031300059886F4B02221A7000EB40036E4A02EB73
:10314000C3035B78012B14D071B1002105EB45035B
:10315000684A02EB83038AB25868FF248454013121
:103160005A888BB29A42F1D8614B01221A7003201F
:10317000BCE04FEA9108DFF884A100238AF8003010
:1031800000EB40035C4A02EBC3039F68D7F804904E
:1031900007F1080641463046FFF764FF00BF9AF882
:1031A0000030DBB2012B3DD01FFA89F981455ED09A
:1031B00004EB4403504A02EBC3031F69B7F80490C1
:1031C00007F1080641463046FFF74CFF00BF814536
:1031D00071D004EB4402474B03EB82035B88002170
:1031E0006BB105EB4503434A02EB83038AB258688F
:1031F000FF26865401315A888BB29A42F1D804EBEB
:1032000044023D4B03EBC20300225A7004221A759C
:1032100004EB4404374B03EB8404A3689B6801224E
:103220001A71A1E704EB4402334B03EBC203002203
:103230005A7003221A7504EB44042E4B03EB8403EB
:103240009A689268012111715B88002B8CD0002153
:1032500005EB4503274A02EB83038AB25868FF2433
:10326000845401315A888BB29A42F1D87CE7B8F184
:10327000000F15D008F1FF339BB207F10C0000EBF3
:103280008300316805EB45031A4A02EB83035A6851
:1032900032446FF00703DB1BD1500436B042F0D14B
:1032A000154B04EB440203EBC2020121517013469B
:1032B00000221A7558E7B8F1000FA0D008F1FF33CB
:1032C0009BB207F10C0000EB8300316805EB45036E
:1032D000084A02EB83035A6832446FF00703DB1B92
:1032E000D15004368642F0D189E70420BDE8F0874A
:1032F000198500200C00002028850020588500201A
:103300002DE9F04186B09C4B1B78022B0BD09B4BD8
:103310001B682BB1013B994A1360002B00F03883E6
:1033200006B0BDE8F081964B1B78092B00F0978121
:103330000A2B40D0904B01221A70904B00221A6049
:1033400007F048F8E3E78F4B1B788F4A03EB430104
:1033500002EB81039B689B7803EB430352F8212027
:1033600002EB8301098952F8230006F0F9FF07F008
:103370002BF8864B0E221A701DE006F081FE07F036
:103380001DF8012823D007F019F80028D2D107F042
:1033900027F8022827D17B4B1B7803EB43037A4A9B
:1033A00002EB830399680B79012B14D003230022CD
:1033B0000A61052B06D1754B1B780D2BC3D00E2B44
:1033C000DBD00423033BDBB2012BA0D8B2E76F4B69
:1033D0000E221A709BE76A4B09221A706B4B12225D
:1033E0001A700623E3E706F0FBFF0328A2D1654B22
:1033F0001B7803EB4303644A02EB83039A68137957
:10340000012B06D00423116909290AD80131116161
:10341000D8E75B4B092119705C4B12211970062308
:10342000F1E70123D3705A4A137083E7594B1B8885
:10343000012B15D81A4603EB4301574800EBC10195
:10344000C978012900F090825A1C92B2012A05D84D
:10345000C17E012900F0868202339AB24D4B1A8058
:103460004E4B00221A7065E74D4B1888012800F278
:103470006A824C4B1B8803EB43034B4A02EB8303EA
:103480009E68464B1F78034600EB4000424A02EB21
:10349000C00036E2434B1A8802EB4201424B03EB79
:1034A00081039B68996808780C7994B91C6800EBD3
:1034B000400504EB850402EB42023B4D05EB820222
:1034C000528808328D682A446468944250D201229E
:1034D0000A719A68117901294AD1D178002936D127
:1034E000D4681D79314901FB05F18C422FD201349A
:1034F000D46099684A7801324A709A685478197988
:103500008C4224BF002151709A6851788842F0D0D3
:10351000917099684A781B6802EB420253F8223096
:1035200010338B601E4B00221A801E4B1B8803EB4E
:1035300043031D4A02EB83039A68134B9A4213D04C
:103540000F4B0A221A70114B0D221A70DFE601236D
:10355000D3700F4A1370114B1B78012B7FF4EAAE26
:103560000A4B13221A707AE0064B00221A70E7E722
:10357000064B10221A7072E0198500202085002069
:103580000800002059850020240000201885002014
:103590005A8500201A850020288500201C850020DF
:1035A0005C850020248500200C000020A0860100FE
:1035B000B84B1E88B84906EB460401EB84039F68AC
:1035C000BA68D2F808805D88D3F804C031F8243096
:1035D000ADF80030ADF8025041F23423ADF80630BA
:1035E0001379002B4ED15DB10CF1FF33AB4A681E4D
:1035F0001CFA80F013F8011F02F8011F8342F9D171
:10360000A74CA90804F10800FFF72CFDADF8040051
:103610000DF1FF33621E0DF1070413F8011F02F8CC
:10362000011FA342F9D19F4B06EB460203EBC202F6
:10363000D080C2F80C80BA6805F1080189B293689D
:103640000B449360964A404606F0A0FE06F0BCFE8E
:10365000954B11221A700523052B7FF4B3AE924BC4
:103660001B780F3B042B00F2918101A252F823F04A
:1036700095340000B1350000C73700006934000000
:103680002D340000012B05D0022B75D000231371BF
:103690000423E1E706EB4603824A02EBC3039B786F
:1036A000012B42D006EB46037E4A02EBC3039B8804
:1036B000ADF804300DF1FF337C4A0DF1070013F82B
:1036C000011F02F8011F8342F9D1ADB106EB460399
:1036D000744A02EBC3039C68083400231959704AEA
:1036E0001A441172080A5072080C9072090ED172B5
:1036F00004339BB29D42F1D806EB4606694B03EBBF
:10370000C606C6F80C80BA6805F1080189B293684C
:103710000B449360624A404606F038FE06F054FEC1
:10372000614B11221A70052396E75DB10CF1FF334E
:103730005A4A681E1CFA80F013F8011F02F8011F94
:103740008342F9D1564CA90804F10800FFF78AFC1E
:10375000ADF804000DF1FF33621E0DF1070413F8FC
:10376000011F02F8011FA342F9D106EB46034D4A9F
:1037700002EBC303D880BFE7D36802934C4B03939B
:1037800003F188330493A3F1443305930DF1070348
:10379000464A0DF1170013F8011F02F8011F83427A
:1037A000F9D1BB685B78386803EB43033C4A1021CE
:1037B00050F8230006F0EAFD06F006FE3A4B11220F
:1037C0001A70052348E7334B1B8803EB4303324A47
:1037D00002EB83039C6806F053FC06F0EFFD012822
:1037E00003D1314B11221A7091E506F0E7FD002854
:1037F0007FF4A0AD06F0F4FD022869D1A268137928
:10380000D3B9244B1A88274902EB420301EBC303C7
:10381000D88898800020987001245C709C681C6196
:10382000DC689C601875234B1B78012B7FF482ADFC
:103830001D4B13221A706AE5012B1BD0022B7FF45B
:1038400079AD1549174B03F130058868844215D0CE
:103850000C311833AB42F8D100231371A3685A78A6
:103860001A70144B1B78012B7FF464AD0E4B13229E
:103870001A704CE50C4B12221A7048E518465E7817
:10388000012E19D09E78012EE2D1C68886800026AE
:10389000067514E0248500200C00002067850020B8
:1038A0006085002028850020188500205F85002085
:1038B000674523011C8500209E78012EE5D0002657
:1038C00086700126467086680661C6688660BFE716
:1038D00006F086FD03287FF42DADA36801221A713E
:1038E0002E4B0F221A7012E54178012920D08178E1
:1038F00001291DD0013292B21830013399B2012949
:103900001FD89AB21D4603EB4301254C54F82110F1
:103910008E42EFD1012FE7D1C1780129E4D1214BAB
:1039200005EB450103EBC101012088700023CB703A
:103930001D4B1A8001321D4B1A80184B10221A7031
:103940008DE61A4B1A80184B1B8803EB4303184A69
:1039500002EB83039B689B6802221A710F4B1022B3
:103960001A707CE6134601220E4902EB420001EB7D
:10397000C000012484700021C1700B4A13802344CD
:103980000C4A1380054B0F221A7068E6042363E685
:10399000094B01221A7006F01DFDC1E418850020B4
:1039A0001400002028850020248500205C8500204C
:1039B0000C0000201A850020198500202DE9F8430D
:1039C00002F0A4FD974B996800220A7099688A70EA
:1039D00099680A7199680A709968CA601B79002B06
:1039E00051D014461646174609E0BC4584BF2E4602
:1039F000674601348B4B1A79E3B29A4225D9E5B276
:103A0000884B1B6805EB450253F82230864900229B
:103A10000A7086480260D3F800C0D3F804E0D3F8F7
:103A20000880D3F80C9000BF02600B78DBB2012B4A
:103A3000DFD07F4B9E45DCD103F188339845D8D148
:103A4000A3F144339945D4D1CFE7E7B1754A9368E0
:103A50001E7093685E709068C76006EB460311683D
:103A600001EB8304666851F8235010351279714BCD
:103A700003FB02F3BB4203D80123C3706E4A1370E9
:103A8000AE4260D8ABE06D4B9A68664B9A4208D064
:103A90006A4B5A69634B9A4208BF012440F0A280E6
:103AA00000E000240023664A13705E4A91680B719F
:103AB00092689370634B0A221A70634B0D221A703E
:103AC000624B02221A70FFF71BFC604B1B78022B23
:103AD000F9D0544B996800224A7099680A709A6824
:103AE0000123D36002231371594A1480554A0921D6
:103AF0001170554A10211170544A1370FFF700FCE1
:103B0000524B1B78022BF9D046498A681378096812
:103B100003EB430351F823301033936062E0414BD1
:103B20009B681A715BE000EB4003444A02EB83039D
:103B30009A683C4B9A4235D03A4B9B6801221A71E5
:103B4000A64251D92546384800220270374C2260DF
:103B50002B68696800BF22600278D2B2012ADED0E9
:103B600098B21C0C27460A0C0B40B3F1FF3F36D02D
:103B700041F234239A422ED114F0070F2BD1A4F135
:103B800008039BB2B3F57E7F20D808342C44A642AC
:103B90001CD3FFF7A1FA0128C5D9224B9B6801224B
:103BA0001A71CDE700EB4003244A02EB83035B88E4
:103BB000BB42C1D1274B00EB400103EBC1020127FF
:103BC00003F83170916811619560B9E7154B9B68F6
:103BD00001221A7103E0134B9B6801221A71114BE9
:103BE0009B689D60002449E02546F8E704EB440308
:103BF000184A02EBC30303221A7504EB44030F4A6D
:103C000002EB83039B689B6801221A7177E0114ADB
:103C100004EB440102EBC101012048708B800023BA
:103C20000B7527E0240000205885002010E001409B
:103C300067452301A08601005A8500200C00002062
:103C400059850020080000201885002019850020D3
:103C50002485002028850020534B04EB440203EB0D
:103C6000C20200219160116104EB440203EBC20324
:103C700002221A750134A4B2012C59D825464A49AA
:103C800004EB440001EBC00300225A709A709A8042
:103C9000DA80DA601A7511F83030012BDCD1434A32
:103CA00002EB80035988424F00263E70DFF8048102
:103CB000C8F800603C4A02EBC0039868D0F8049052
:103CC00089080830FFF7CEF900BFC8F800603B78DC
:103CD000DBB2012B8AD01FFA89F3834297D004EB21
:103CE0004403314A02EBC30304221A7504EB440374
:103CF0002E4A02EB83039B689B6801221A7105EB35
:103D00004503294A02EBC3031B7D033BDBB2012BB6
:103D1000B0D805EB450302EBC3031B69002BA9D008
:103D200005EB450102EBC1018B6000230B61A3E7AA
:103D30001E491D4C01F1180E28E0D4F808C00CF102
:103D400008071C4A002010609B0810D0013B9BB262
:103D50000CF10C0202EB8303686838446FF0070231
:103D6000A2EB0C023E68865004379F42F4D1114BFF
:103D700000221A6006E06868FF278754013290B27B
:103D80008342F8D80C311834714508D00D464B8861
:103D90006278012AD1D00022002BECD1F2E7064B49
:103DA00001221A70BDE8F883288500200C0000204D
:103DB0005885002010E0014019850020014B18783B
:103DC000704700BF1985002000B583B00DF10701D1
:103DD000164802F075FB18B19DF80730022B02D08F
:103DE00003B05DF804FB124B986B124B1979002954
:103DF000F6D01A68131D0139C9B201EB4101103226
:103E000002EB810102E00C338B42E9D053F8042C21
:103E10008242F8D81A688242F5D9074B01221A70FB
:103E2000064A136843F080031360D9E7DC8E002054
:103E300000ED00E0240000205885002010E0014043
:103E400008B5FFF7C1FF08BD104A114B9A420AD2CC
:103E5000013B9B1A23F0030304331344002142F86F
:103E6000041B9A42FAD10B4A0B4B9A420CD20B49D3
:103E7000013B9B1A23F003030433134451F8040B52
:103E800042F8040B9A42F9D1704700BFD00D0020D0
:103E9000849B002000000020C80D002000090100C4
:103EA000204B214A1A60214B1B6813F4006FFAD093
:103EB0001E4B42F620121A6008334FF470421A600B
:103EC0001A4B1B6813F4806FFAD0194B164A1A600C
:103ED000184B1B6813F4006FFAD0164B42F62012F1
:103EE0001A6008334FF470421A60124B1B6813F4C7
:103EF000806FFAD0104B4FF080421A6002F5743296
:103F00004FF0FF31116000221A600C4AD2F888305D
:103F100043F47003C2F88830BFF34F8FBFF36F8F45
:103F2000F746704704200540821918080020054014
:103F30000430054000300540F450064000ED00E03C
:103F400008B50278104B53F822301A6812F0080FA7
:103F50001CBF08221A601A6812F0040F1CBF04224A
:103F60001A601A6812F0020F1CBF02221A601A6847
:103F700012F4807F1CBF4FF480721A6083680BB10B
:103F80004169984708BD00BF98EF0000F0B402787F
:103F9000724B53F822508B7A032B19BF8C7902266F
:103FA000012400264A7A0B68002B00F0AD80D34034
:103FB0006B4AA2FB03239B0C03EB83030133FF2B10
:103FC00028BFFF23022B38BF02231022AA60002241
:103FD000AA60CF790A7AD20742EA0752CF7ABF079E
:103FE00007F080473A438F7ABF0507F440073A430A
:103FF0004F79BF0207F480673A430F793F0207F415
:1040000040773A4342EA0642E40204F46054224311
:10401000EA604A7B43EA82438A7B120402F440321C
:1040200013430A7B120302F48052134343F080537C
:104030002B612B6943F400532B612B6913F4804FE0
:1040400006D1484A2B6913F4804F01D1013AF9D1C6
:104050002B6913F4804F08D02A694B7A1B0203F4B2
:10406000407322F4407213432B612B6923F40053F5
:104070002B612B6913F4804F06D03A4A2B6913F455
:10408000804F01D0013AF9D101F10F07002217F852
:10409000013B023BDCB2D3B2032BFCD86B694FEA85
:1040A000C20CFF2606FA0CF623EA060604FA0CF305
:1040B00033436B610132042AE9D1CB7C2A4A954211
:1040C00024D02A4A954234D0CC7DC4714D7D4571AF
:1040D0008B7D83710A6A02618A698260CA69C260E3
:1040E0004A6A426101781D4A52F82110CA68C2F337
:1040F0008152032A4FEA031343EAC41318BF43EA69
:10410000C5034B60F0BC7047C0235EE702F5504228
:1041100094691B0103F0300324F0300423439361BE
:1041200094690B7D03F0010324F0010423439361A0
:10413000CAE702F5043294691B0303F4405324F4E4
:1041400040542343936194690B7D1B0203F48073F5
:1041500024F4807423439361B6E700BF98EF000016
:1041600083DE1B43C0E1E40000B003400070024066
:10417000F0B40478334B53F82450EB680271C3F366
:104180008153032B2FD00024EAB105EB8400066D88
:104190004B1C13F814301B0203F4407326F44076D2
:1041A00033430365036D23F040030365066D11F887
:1041B000143003F03F0326F03F0633430365013418
:1041C000E3B29A42E1D8EB68013A120602F0F852E3
:1041D00023F0F8531343EB602B6923F0F8531A4391
:1041E0002A61F0BC704702B30026331DDBB205EB39
:1041F00083031F6D4C1C14F81640240204F4407411
:1042000027F440773C431C651C6D24F040041C657A
:104210001F6D11F8164004F03F0427F03F073C43A0
:104220001C650136F3B29342DFD303790333DBB26B
:1042300005EB83052B6D427923F0400343EA82139B
:104240002B65CEE798EF000030B593B004460878B0
:10425000384B53F820501378002B65D053684B61CE
:1042600093688B6053782370EB68C3F38153032BFF
:1042700046D005F14C030193536802930B799B00E0
:1042800005930123ADF8183000238DF81D3001206F
:104290008DF81E0002238DF81B308DF81C309378AA
:1042A0008DF81A3000238DF81F308DF820300993D7
:1042B0008DF828008DF829008DF82A308DF82B30E4
:1042C0000B908DF830300D900B783BBB2A238DF886
:1042D0003930D3788DF83A3000238DF84030164AC3
:1042E0000F9211930391EB6843F00103EB602046BA
:1042F00000F046FD01A9204600F02AF913B030BDB8
:1043000005F1E003019353680293042305930B79AD
:10431000ADF8183001238DF81D30B8E7012B04BF2C
:104320002B238DF83930D4E7EB6823F00103EB60E1
:10433000E4E700BF98EF0000413F000002780D4B1A
:1043400053F8223001229A601A6812F0010F0CD142
:10435000094A013A196811F0010F03D1002AF8D176
:10436000022070470AB90220704701221A6000201B
:10437000704700BF98EF0000C0E1E4000278034BF3
:1043800053F8223004229A60704700BF98EF000073
:1043900008B5074A136823F001031360436803B1AB
:1043A0009847034A136843F00103136008BD00BF38
:1043B00000000440084A136843F00543136042F2CA
:1043C0001173054A1268002A03DA013BF9D1012072
:1043D00070470020704700BF002008E008B5064B7A
:1043E00000221A60FFF7E6FF18B9034B01221A609A
:1043F00008BD0120FCE700BF002008E038B50546F5
:10440000002402E00134102C17D0E2B20B4BD96A21
:104410000123A3400B40E340F4D002F00F02074B0E
:104420009A7705F1080353F82430002BEAD005F100
:10443000480252F824009847E4E738BD0080004065
:1044400008B5037803F00F03034AD377C3680BB1B1
:104450008068984708BD00BF0080004030B4294BF9
:104460000021196040221A769A761A779A77DA77BD
:104470009964196559659965D965C8B280F00302D8
:10448000204B1A4482F800014D0105F1804202F5EB
:10449000004402F510400022026041F20400225262
:1044A0002B4441F20C001A5041F210001A5041F214
:1044B00014001A5241F218001A5041F2060022521A
:1044C00041F208001A501A501A5041F21C001A52B8
:1044D00041F21E041A5341F216001A521A531A528C
:1044E00001311029C9D11346074AD15C01F04001BE
:1044F000D154D15C01F0BF01D1540133102BF3D161
:1045000030BC7047008000400010024010B50C46DF
:10451000FF23037043708370C370FFF79FFF0B4A44
:104520001368217823F0100343EA01131360116824
:1045300063789B0003F0040321F004010B43136034
:10454000136843F08003136010BD00BF008000407B
:104550002DE9F04F85B005784B7ECA7D012B36D012
:10456000022B3BD04FF0000C8B7E0A7E012B49D0F2
:10457000022B4ED04FF0000E91F82760002E5CD138
:1045800091F82C80B8F1000F7AD1464600221446EB
:10459000019291F82470002F40F0AE800023029326
:1045A00091F82570002F00F0DF800F7F002F40F082
:1045B000C78091F818900F6927FA09F70EFB07F7E3
:1045C000B1F8149009FB07F77B420393CEE04FF05C
:1045D000010C0CFA02FC1FFA8CFCC5E7042A0ED071
:1045E00006D8032A34BF4FF0040C4FF0000CBBE791
:1045F000052A14BF4FF0000C4FF0200CB4E74FF029
:10460000100CB1E74FF0010E0EFA02FE1FFA8EFEFB
:10461000B2E7042A0ED006D8032A34BF4FF0040EA6
:104620004FF0000EA8E7052A14BF4FF0000E4FF020
:10463000200EA1E74FF0100E9EE78A6A012A1CD9CE
:1046400000240134E4B227460123A3409A42F8D85B
:104650004FF0FF3303FA07F7BA4314BF4FF00108D6
:104660004FF0000891F82C7067B9002E40F07C8361
:10467000002A3ED1B04601928BE700242746E7E7A7
:10468000B04600240F6B012F30D900220132D2B284
:104690009146012393409F42F8D84FF0FF3303FA2D
:1046A00009F937EA090314BF012700271EB18B6AF5
:1046B0006345C0F041830B6B7345C0F03983B8F19B
:1046C000000F02D1002F00F02E83D0F804A00AF1D1
:1046D000FF36002316F8019FB9F1FF0F00F03C836D
:1046E0000133DBB2042BF5D10620DCE20022914637
:1046F000D3E737460022E8E7CF7E6FB991F81790ED
:104700000F6927FA09F70CFB07F7B1F8149009FBBA
:1047100007F77B42029343E7B1F814A091F8179092
:104720000F6927FA09F90CFB09F90AFB09F9C9F124
:1047300000090AF1FF3A0F6A07FB1A9302932FE769
:10474000B1F8149091F818A00F6927FA0AF70EFB38
:1047500007F709FB07F7C7F1000A09F1FF390F6AEC
:1047600007FB19A3039301E0002303934FEA451AC3
:104770000AF1804909F5004709F510490B68C9F8A5
:104780000030DFF83C94CA4441F2100B4B684AF801
:104790000B3091F816A085F0030BD94489F800A1DD
:1047A00091F82790B9F1000F00F0F08091F82C906B
:1047B000B9F1000F32D041F2060937F809B01FFAFB
:1047C0008BFB91F817A04FEA0A2A0AF4E06A2BF44F
:1047D000E06B4AEA0B0A27F809A037F809A0CAF3E8
:1047E0000A0A4AEAC424A4B227F8094037F809A003
:1047F0001FFA8AFA0C7E04F007042AF0070A44EA3A
:104800000A0427F8094037F80940A4B2D200D2B20E
:1048100024F0F804224327F809202BE041F2060295
:1048200037F802A01FFA8AFA91F817904FEA09297F
:1048300009F4E0692AF4E06A49EA0A0927F80290D3
:1048400037F80290C9F30A0949EAC424A4B2BC5259
:1048500037F802901FFA89F90C7E04F0070429F05A
:10486000070944EA0904BC52BC5A24F0F8042404A1
:10487000240CBC52B8F1000F00F068828A6AB2FBC7
:10488000FCF4013C14FB0CF41FFA84F9002E00F038
:10489000D8800A6BB2FBFEF4013C14FB0EF4A4B208
:1048A00044EA094AC64A019B03F1140942F829A0C7
:1048B000D2F848A04FEA4509032404FA09F42AEA89
:1048C000040446EA480606FA09F944EA090494642D
:1048D00002EB451241F21C04165BB6B21B0303F453
:1048E000405326F4405633431353B54C04EB451262
:1048F00041F21C06935B9BB291F8268023F00803DB
:1049000043EAC803935341F2040327F803C041F27A
:10491000140322F803E0236813F0800F00F0A9804D
:10492000CC7E0A7F002C40F08E80002A40F08B80E5
:10493000A34B1B6813F0800F0AD06B0103F1804377
:1049400003F5004341F208041B59002BC0F2F68125
:104950009B4B1B6813F0800F00F08B806B0103F101
:10496000804303F5004341F208041B5913F0804FC4
:1049700000F0D5816B0103F1804303F5004341F260
:1049800008041A59C2F309021A5172E091F82C4036
:104990008CB341F2060437F804A01FFA8AFA91F8A2
:1049A00017904FEA092909F4E0692AF4E06A49EA14
:1049B0000A0927F8049037F80490C9F30A0927F880
:1049C000049037F804A01FFA8AFA91F8189009F0B9
:1049D00007092AF0070A49EA0A0927F8049037F874
:1049E00004901FFA89F9D200D2B229F0F80942EAFC
:1049F00009023A533EE741F2060437F804901FFAE1
:104A000089F9CA7D120202F4E06229F4E06942EAFF
:104A100009023A533A5BC2F30A023A5337F8049058
:104A20001FFA89F90A7E02F0070229F0070942EA13
:104A300009023A533A5B22F0F8021204120C3A537C
:104A400018E700242CE76E0106F1804606F50046C3
:104A500041F2080756F807C0DFF868E10B6A0EEA72
:104A60008323920742EAC4742343CCF3090213431D
:104A7000F3510C69524A126812F0800F28D0504B43
:104A80001B6813F0800F65D14D4B1B6813F0800F2E
:104A900071D000266B0103F1804303F5004341F21E
:104AA00008029B5813F0804F01D1002E63D06A0199
:104AB00002F1804202F5004241F20806935923F4C4
:104AC0007F7323F00303C4F309042343935107E0E6
:104AD0006A0102F1804202F5004241F20803D4501B
:104AE0008B8A012B70D991F83430002B6CD06C017B
:104AF00004F1804404F5004441F21E06A25B6B02FF
:104B000003F4F05346F2FF1C0CEA02021A4342F48B
:104B10000042A25341F21607E25B0CEA0202134381
:104B200043F40043E3538B8AA25B12F4004F31D06D
:104B30006C0104F1804404F50044A25BC3F3080354
:104B400002F47E421A43A253E25B02F47E42134314
:104B5000E35364E06B0103F1804303F5004341F24A
:104B600008029B58002B8FDA154B1B6813F0800F3F
:104B70009DD001268EE76A0102F1804202F50042D3
:104B800041F20807D65906F0404624F04044344329
:104B9000D451A5E76C0104F1804404F5004441F2CE
:104BA0001E06A25BC3F30E0302F400421A43A25393
:104BB00041F21606A25B02F400421343A3532EE017
:104BC0000080004000FCFF3F6B0103F1804303F5D0
:104BD000004341F216041A5BC2F30E021A5341F26B
:104BE0001E041A5BC2F30E021A538A8A1B5B13F46B
:104BF000004F5BD06C0104F1804404F5004441F2A5
:104C00001E06A35BC2F3080203F47E431343A353BF
:104C100041F21606A35B03F47E431A43A2536B01D1
:104C200003F1804303F5004341F20C02029C9C50C7
:104C300041F21802039C9C5091F83520002A4BD178
:104C400002F1804202F50432535D03F040035355F4
:104C500091F83630002B4AD08B6BC3608B68836031
:104C600003785B0103F1804303F5004341F21C0428
:104C70001A5B92B242F002021A5391F83C30002BB8
:104C800046D043680A6C047803EB84039A60436857
:104C9000CA68017803EB81039A64037803F00F0379
:104CA000354A5376002005B0BDE8F08F6C0104F161
:104CB000804404F5004441F21E06A35BC2F30E02D9
:104CC00003F400431343A35341F21606A35B03F41A
:104CD00000431A43A253A2E7284C635D03F040034C
:104CE00002F03F02134343F080036355B0E70378BB
:104CF0005B0103F1804303F5004341F21C041A5B9E
:104D000022F002021204120C1A530023C360B4E70B
:104D10004368027803EB820300209860C3E7002A0F
:104D20007FF428AEA5E63E46B8460023019330E462
:104D30000420B8E70620B6E70420B4E70E4B1B6852
:104D400013F0800F3FF416AE012207E6002E3FF469
:104D5000CCAD4FF000099CE50193042BEAD0019BF8
:104D60000AF803503E4614E48B6A634501D20420DE
:104D700099E70022A3E400BF008000400010024039
:104D800030B4002302E00133042B0DD04268D45C20
:104D900001788C42F7D1FF21D15403F11402394933
:104DA000002441F82240EEE7364B9A6C01784C0023
:104DB0000321A14022EA01029A64027802F00F0264
:104DC0001A76027802F00F029A76027802F00F0249
:104DD0001A77027802F00F029A77027802F00F0237
:104DE000DA7701788031490100225A500178803108
:104DF00003EB41118A80017803EB411141F20C046D
:104E00000A51017803EB411141F210040A51017873
:104E100003EB411141F214040A53017803EB4111F1
:104E200041F218040A510178803103EB4111CA8024
:104E3000047803EB441441F208016250047803EB58
:104E400044146250047803EB44146250017803EB7D
:104E5000411141F21C040A53017803EB411141F264
:104E60001E054A53017803EB411141F216040A531F
:104E7000017803EB41114A53017803EB41131A53B4
:104E800030BC7047008000400378054AD25C12F0C5
:104E90003F0F03F00F03034A0CBF5377D3767047DD
:104EA000001002400080004010B4114C54F8204023
:104EB000206900290CBF00214FF400710AB141F4B0
:104EC0008071012B0CD0014341F00801216140F2B7
:104ED0000F31014041F0080121615DF8044B70473A
:104EE000014341F00A01216108232361F5E700BF76
:104EF000A0EF0000074B53F820305A6912F0807F72
:104F000005D11A6922F001021A61002070470520BC
:104F1000704700BFA0EF0000054B53F820309A699E
:104F200021F0F0018904890C11439961704700BF99
:104F3000A0EF00000E4B53F82000436A012A0CD06A
:104F4000083123FA01F212F0010F04D0012202FA13
:104F500001F123EA010343627047083123FA01F2A9
:104F600012F0010FF7D1012202FA01F10B43F2E72F
:104F7000A0EF00008289072A26D912F0010F26D15E
:104F8000017843789B0743EAC173817843EAC163A0
:104F9000C17843EA0163017943EAC153417943EAA5
:104FA0008153817943EA4153C17943EA0153017A3C
:104FB00043EAC143417A43EA8143807A43EA0040AD
:104FC000531E9BB2184370474FF0FF3070474FF0AD
:104FD000FF307047F0B40278214B53F82230DB6D7C
:104FE000C3F3034713F4702F28D1F0BC7047042596
:104FF0000021C38A9BB2046CCA0026FA02F2E25472
:10500000C38A01339BB2C3824B1CD9B2A942F0D3ED
:10501000C38B15FA83F2418A92FBF1F301FB132350
:105020009BB2C383438B5D1BADB24583438B9BB265
:10503000002BDAD0013F17F0FF07D6D00278084BDB
:1050400053F822305E6F458AC38B9BB204339D4276
:10505000CDDCC38BED1AADB2002DC9D1D8E700BFAE
:10506000A0EF00000278344B53F82230DB6D03F0E0
:105070000F030279D21A038B12F0FF025BD09BB2AE
:10508000002B58D070B431E0038B9BB2012B30D190
:10509000036D23F480130178274A52F82120136608
:1050A00003650023038370BC7047858AADB25E5DE3
:1050B000838A01339BB28382858B14FA85F595FB35
:1050C000F1F301FB135189B2818301781A4B53F834
:1050D00021305E66038B1B1B9BB20383038B9BB249
:1050E000013A12F0FF02DED0002BDCD0437B012B13
:1050F000CAD0418A838B9BB2CB1A042BDDBF838B32
:10510000CB1A9CB20424C36B9BB10129CDD00229D8
:1051100007D0858AADB25E59838A04339BB28382FD
:10512000CAE7858AADB25E5B838A02339BB2838213
:10513000C2E70026C9E77047A0EF000070470000F3
:1051400008B5437B012B08D00023038343834FF42E
:1051500080610078FFF7E0FE08BD036D23F4801343
:105160000178034A52F8212013660365ECE700BF7B
:10517000A0EF00000278034B53F822300222DA61DC
:10518000704700BFA0EF000010B504460023C373B2
:10519000037A012B25D002781C4B53F82220936907
:1051A00023F003039361194A237852F8230083699B
:1051B00023F4E0538361237852F823304FF4E05214
:1051C0005A61012914D0E36A13B10021204698479F
:1051D000A3792BB1A36B0021204698470023A3712C
:1051E00010BD0278094B53F822300022DA61DAE769
:1051F000E36A0BB120469847A379002BF0D0A36B4C
:105200000121204698470023A371E9E7A0EF0000A1
:1052100010B50446FFF7B8FF00230122114620789D
:10522000FFF742FE0023012211462078FFF73CFEE3
:1052300010BD08B5022282730121FFF7E9FF08BD06
:1052400008B501218173FFF7E3FF08BD70B504467F
:105250000E4602782B4B53F822305D6915F4006F2F
:1052600007D0C36B2BB101238373FFF7D1FF092054
:105270001CE015F4805F09D0236C3BB10223A373BB
:1052800031462046FFF7C4FF0A200FE015F0020F59
:1052900002D0638B9BB253B915F0010F02D0238B60
:1052A0009BB243B9238B9BB24BB1082070BD204603
:1052B000FFF790FEF0E72046FFF7D4FEF2E72278F2
:1052C000104B53F82220936923F0010393614FF4AC
:1052D00080612078FFF720FE638B9BB27BB9227838
:1052E000084B53F822305B6913F4806F01D108201A
:1052F000DCE731462046FFF747FF0B20D6E70820C2
:10530000D4E700BFA0EF00002DE9F041A2B00446B1
:105310000E4617461D464FF04408424600210DEB4D
:10532000080009F0D5FB42460021684609F0D0FB91
:10533000002E72D0638A002B00F0A481002D00F0B3
:10534000A581B5FBF3F203FB12539BB2002B40F097
:105350009F81E37BDBB2012B00F09C814FF00008C2
:1053600084F80E804346012211462078FFF79CFD09
:105370004346012211462078FFF796FD2278B64B6E
:1053800053F822304FF47C525A614FF4C0512078C8
:10539000FFF7C2FDE6632764A4F81480A4F8168022
:1053A00094F80880B8F1010F3BD02278AA4B53F84B
:1053B000223002229A65E36B002B00F040812583A6
:1053C000236D23F4802323652278A34B53F82230E6
:1053D000226D1A66236C002B00F048816583236DD3
:1053E00023F40023236522789B4B53F82230226D4F
:1053F0001A660023E383A38363730123E3731FB15E
:1054000002212078FFF788FD002E00F04581012160
:105410002078FFF781FD002035E1002F8AD103209D
:1054200031E122788C4B53F8223003229A6594F8AC
:1054300045308DF85A3000238DF869308DF868308A
:1054400001228DF86A208DF86B308DF87030638AF8
:1054500093420CD0022B2DD002238DF85B308DF8B7
:105460005C3001238DF85F300423199309E0002399
:105470008DF85B308DF85C3001238DF85F30199327
:10548000434695FBF3F2ADF8582000228DF86020DA
:1054900001228DF87A208DF88020139414946F4A9D
:1054A0001F926F4A21922278032A4FD8DFE802F038
:1054B0000C42464A01238DF85B308DF85C308DF844
:1054C0005F3002231993DCE70F218DF8791000215A
:1054D0008DF85E108DF85D105F4951F8222064321E
:1054E00012921593B6B32583119611A9A06CFFF7FC
:1054F0002FF894F844308DF8163000238DF82530BD
:105500008DF8243001228DF826208DF827308DF873
:105510002C30638A934226D0022B46D002238DF88A
:1055200018308DF8173001238DF81C3004230893B0
:10553000984621E011218DF87910C8E713218DF8E4
:105540007910C4E73D218DF87910C0E73D218DF831
:105550007910BCE7002323838DF85F30199304F1A1
:1055600020031193C1E700238DF818308DF8173010
:1055700001238DF81C30089395FBF8F3ADF8143037
:1055800000238DF81B3001238DF836308DF83C3028
:1055900002940394334B0E93334B10932378032BD5
:1055A00040D8DFE803F00D33373B01238DF8183086
:1055B0008DF817308DF81C30022308939846DBE7EE
:1055C0000E228DF8352000228DF819208DF81A2032
:1055D000214A52F8233074330093CDF810802FB352
:1055E000658301976946E06CFEF7B2FF0123E37320
:1055F000E06CFFF749FCA06CFFF746FC2278164BE5
:1056000053F822300322DA6100203CE010228DF8AA
:105610003520D8E712228DF83520D4E73C228DF8CA
:105620003520D0E73C228DF83520CCE7002363837A
:1056300004F1200201928DF81C300893D2E72383F5
:10564000236D43F4802323652278034B53F82230E3
:10565000226D1A66BEE600BFA0EF00007551000083
:10566000ED5A0000E35A0000D55A00006383236D11
:1056700043F4002323652278084B53F82230226D2F
:105680001A66B6E6032022B0BDE8F0810420FAE7EE
:105690000320F8E70520F6E70020F4E7A0EF00007C
:1056A0002DE9F041A2B004460F4616461D464FF0C4
:1056B0004408424600210DEB080009F009FA424671
:1056C0000021684609F004FA638A002B00F09781F4
:1056D000002D00F09881B5FBF3F203FB12539BB24F
:1056E000002B40F092812078B84B53F8202051696C
:1056F000E37BDBB2012B00F08A8111F0807F40F068
:105700008881536913F0807F01D0052078E1002360
:1057100001221146FFF7C8FB002301221146207821
:10572000FFF7C2FB637B002B40D10023A373A74B81
:10573000227853F8222002219165227853F82230F2
:105740004FF47C525A614FF400612078FFF7E4FB7C
:10575000002E35D04FF480512078FFF7DDFB6583B4
:10576000236D23F4002323652278984B53F82230CD
:10577000226D1A6694F80880B8F1010F2DD0E76306
:1057800026640023A382E382A383E3832583637BD0
:10579000012B00F029810123E373002E00F0298101
:1057A00003212078FFF7B8FB002029E1236D43F4A3
:1057B00080132178854A52F8212013662365B4E7C7
:1057C00000236383236D43F40023236522787F4BFA
:1057D00053F82230226D1A66CCE794F845308DF8E4
:1057E0005A3000238DF869308DF8683001228DF829
:1057F0006A208DF86B308DF87030638A93420CD03C
:10580000022B2DD002238DF85B308DF85C30012304
:105810008DF85F300423199309E000238DF85B3085
:105820008DF85C3001238DF85F301993434695FB6A
:10583000F3F2ADF8582000228DF8602001228DF897
:105840007A208DF8802013941494614A1F92614A43
:1058500021922278032A51D8DFE802F00C44484C08
:1058600001238DF85B308DF85C308DF85F300223BA
:105870001993DCE70F218DF8791000218DF85E1067
:105880008DF85D10514951F822206432129215931F
:10589000C7B3119711A9A06CFEF75AFE002E00F0B5
:1058A000BA8094F844308DF8163000238DF82530F6
:1058B0008DF8243001228DF826208DF827308DF8C0
:1058C0002C30638A934225D0022B45D002238DF8D9
:1058D00018308DF8173001238DF81C3004230893FD
:1058E000984620E011218DF87910C6E713218DF834
:1058F0007910C2E73D218DF87910BEE73D218DF882
:105900007910BAE700238DF85F3004F1200211927C
:105910001993BFE700238DF818308DF81730012355
:105920008DF81C30089395FBF8F5ADF81450002362
:105930008DF81B3001238DF836308DF83C30029401
:105940000394254B0E93254B10932378032B47D8B4
:10595000DFE803F00D30343801238DF818308DF86E
:1059600017308DF81C30022308939846DBE70E228F
:105970008DF8352000258DF81A508DF81950134FE9
:1059800057F82330743300930196CDF810806946A0
:10599000E06CFEF7DDFDE06CFFF776FAA06CFFF738
:1059A00073FA0123E373237857F823300322DA6173
:1059B000284625E010228DF83520DBE712228DF8ED
:1059C0003520D7E73C228DF83520D3E7A0EF000043
:1059D00041510000415200003D510000335200008F
:1059E0003C228DF83520C5E7238B01339BB22383FE
:1059F000D1E601212078FFF78FFA002000E0032094
:105A000022B0BDE8F0810420FAE70320F8E7052082
:105A1000F6E70520F4E7A06CFFF736FA0123E373FD
:105A20002178034A52F82120D3610020E8E700BF23
:105A3000A0EF000010B504460023C373037A012BC6
:105A400031D00278224B53F82220936923F00303CC
:105A500093611F4A237852F82300836923F4C053CB
:105A60008361237852F823304FF4C0525A610129E0
:105A700020D0E36A13B1002120469847A3792BB1C7
:105A8000A36B0021204698470023A3710023012225
:105A900011462078FFF708FA0023012211462078EA
:105AA000FFF702FA10BD0278094B53F822300022AA
:105AB000DA61CEE7E36A0BB120469847A379002B61
:105AC000E4D0A36B0121204698470023A371DDE7B2
:105AD000A0EF000008B5022282730121FFF7AAFFA0
:105AE00008BD08B50121FFF7A5FF08BD08B50121D4
:105AF0008173FFF79FFF08BD70B504460E4602781C
:105B0000334B53F822305D6915F4006F07D0C36B37
:105B10002BB101238373FFF78DFF092024E015F4D7
:105B2000805F09D0236C3BB10223A373314620462A
:105B3000FFF780FF0A2017E015F0020F02D0638BF9
:105B40009BB293B915F0010F02D0238B9BB283B99E
:105B5000238B9BB28BB1638B9BB2BBB1228B638BCC
:105B600013439BB2DBB1082070BD2046FFF732FA29
:105B7000E8E72046FFF776FAEAE72278144B53F875
:105B80002220936923F001039361E4E72278104B0C
:105B900053F82220936923F002039361DEE7227811
:105BA0000B4B53F82220936923F4C0539361E36AAB
:105BB00013B1314620469847A3792BB1A36B3146E8
:105BC000204698470023A3710023E3730B20CBE703
:105BD000A0EF00000B88083B9BB240F6F87293429E
:105BE00001D9022070472DE9F04F89B080460F4659
:105BF000CD68D1F804A0BAEB450FC0F0C1810078A0
:105C000000EB8002B74B03EBC2035B689A4518D0E8
:105C100000231946019302939B4600EB8003B14A8F
:105C200002EBC3039B699A4523D0002937D14FEA81
:105C30005A0B4FF00009CDF80890CDF8049003906E
:105C400040E11346A74A52F833309D4205D0002365
:105C50001946019302939B46DFE700EB800302EBBA
:105C6000C3039A6802921A690192D3F80CB0012119
:105C7000D3E700EB800302EBC3035B699D42D4D101
:105C8000134600EB800203EBC202D1690291526A13
:105C9000019200EB800203EBC203D3F820B0BBF10A
:105CA000000F00F07381012300221146FFF7FCF87A
:105CB0008D4A98F8003052F823104B6A43F00103E4
:105CC0004B6298F8003052F82320536AF97D00297E
:105CD00040F04F8123F00063536298F80020824B1C
:105CE00053F82220536A23F0E063797E09B143F030
:105CF00080635362082388F8043088F80530002157
:105D0000C8F820103B88A8F810300733DA10DB08F9
:105D1000A8F81230B87C88F80D007868C8F824001C
:105D200088F80F10797D88F80710B97D88F8081079
:105D3000397D88F80A10F97C88F80910397C88F8D0
:105D40000B10797C88F80C10C8F828B0032B00F0F1
:105D50001381042B06D9D31C23F4004323F003033F
:105D6000A8F8123008F1440307F12C0207CA83E8AF
:105D70000700FB69C8F82C303B6AC8F830307B6AF2
:105D8000C8F83430BB6AC8F838307A7C397C98F867
:105D90000000FFF7CFF898F80020534B53F822206B
:105DA000536A43F002035362019C60084E4D98F819
:105DB000003055F823100B6C030403F47F03020238
:105DC00092B243EA00631A43E3B213430B64002424
:105DD0008DF815408DF817408DF818408DF8194052
:105DE0003B7D8DF81030FB7C8DF81130029B8DF8D7
:105DF00012303B7C8DF813307B7D8DF81430BB7CEA
:105E00008DF816303B7E8DF81A303B88ADF81C308B
:105E100004A8FFF7AFF8C8F8500098F8003055F81C
:105E20002330D8F850201A6698F8003055F823200F
:105E3000136943F0010313612046A2E0411BB14204
:105E400038BF1C46B14238BF0246854221D00133DB
:105E500019B261451DDC01EB0C00C0F3C03303FA3D
:105E600080F35B10981C00FA0EF0BAFBF0F095423C
:105E70008CBFAE1A561B8542E0D9A5EB000CB44589
:105E800038BF1C46B44538BF0246013B0FFA83FCBD
:105E9000DFE75D458CBFA5EB0B03ABEB050395423C
:105EA0001BD9A91A994208D2BB7E012B1ED0CDF86E
:105EB00008900194934695423CD009F10109B9F14B
:105EC000080F37D0CE46022202FA09F2BAFBF2F2EC
:105ED00000244FF0FF0C2146BDE7511B9942EAD246
:105EE000E2E700BF8C890020A0EF000014F0010F52
:105EF000DDD0FF2C15D0621C02FA0EF3BAFBF3F3CF
:105F00009D428CBFE91A591BE31C03FA0EF3BAFB3E
:105F1000F3F39D428CBFEB1A5B1B994208D8013CFE
:105F200000E0FE24A21C02FA0EF2BAFBF2F2BEE777
:105F30001446F7E70398BBF1000F25D014490B5C1A
:105F4000144C03EB830600EB8002D20002EB8602C6
:105F5000A618A550C6F804A0029AB260C6F80CB004
:105F6000019A3261013303F0010348BF5B420B54D5
:105F700099E643F00063AFE60423A8F81230F1E697
:105F8000032009B0BDE8F08F0320FAE70320F8E70B
:105F90002C8A00208C8900202DE9F0410446884697
:105FA0000078FEF7A7FF10B10520BDE8F081264E6E
:105FB000237856F823502F6EC7F3C267626AFA40FF
:105FC000224FA7FB0232970CD8F8001001FB07F113
:105FD000D8F8043003FB07F3D8F8082002FB07F2D7
:105FE00040F20117B94228BF3946B3F5807F28BF78
:105FF0004FF48073B2F5807F28BF4FF4807217464C
:106000002A6C012B38BF012303F1FF3C93B243EA12
:106010000C633A46012F38BF0122013AD2B243EA5B
:10602000024323F47F43022938BF02210239C9B257
:1060300043EA01232B64237856F82320136943F0A5
:1060400001031361B1E700BFA0EF000083DE1B4333
:1060500008B5037A022B1BD002780E4B53F822307E
:106060005B6A13F0010F09D1438A0A8813FB02F31C
:106070009BB28A684968FFF747F908BD0B88428AD6
:1060800013FB02F39BB28A684968FFF709FBF4E748
:106090000320F2E7A0EF00002DE9F0410278974BD2
:1060A00053F822305F6A0B88002B00F01C810446F5
:1060B0000D4607F00107026B32B1416B21B1816BD4
:1060C00011B1017A012923D9002F76D1628A12FBFE
:1060D00003F39BB2AA6869682046FFF715F90646E4
:1060E000002E40F00181ED68002D71D0B046237A7A
:1060F000022B72D0012B40F2AB800323A373002F3D
:1061000040F0EB8000212046FFF794FC0726EBE0EF
:106110009047002840F0EB800123A371E7B9638A20
:106120002A8813FB02F39BB2AA6869682046FFF72E
:10613000EBF80646002E3DD1636BE9682046984790
:10614000012815D0022824D00023A371A67B16F0C5
:10615000FF0618BF0726C7E0638A2A8813FB02F3ED
:106160009BB2AA6869682046FFF79AFA0646E1E7FB
:106170000023A3710323A3732FB900212046FFF747
:1061800059FC0326B0E000212046FFF741F8032622
:10619000AAE00023A3710323A3732FB90021204693
:1061A000FFF748FC06269FE000212046FFF730F865
:1061B000062699E00023A37196E0628A12FB03F39E
:1061C0009BB2AA6869682046FFF76AFA064687E725
:1061D0004FF001084FF0FF3589E7BFB101E0082813
:1061E00027D100212046FFF731F8B8F1000FF6D192
:1061F000013DF4D10B287ED00323A3730021204658
:10620000FFF706F806266FE0082812D10021204685
:10621000FFF772FCB8F1000FF6D1013DF4D10B2865
:1062200067D00323A37300212046FFF703FC062653
:106230005AE00B2858D0B8F1000F01D0072653E0E0
:106240000DB1072650E00323A373002FEBD0D5E751
:10625000618B89B2208B80B2294AE37BDBB2012BB0
:106260001AD1013AF9D1638B9BB2228B92B2994237
:1062700009D090421DD0B8F1000F01D1013D0FD0DF
:1062800010461946E8E7002BF3D00323A3739FB908
:1062900000212046FFF7CEFBB8F1000F17D1B5B9AA
:1062A0000323A3736FB900212046FFF7C3FB062623
:1062B0001AE0002ADFD0E8E700212046FEF7A8FF19
:1062C000EAE700212046FEF7A3FF06260CE0A67BA6
:1062D00016F0FF0618BF072606E000212046FEF74D
:1062E00097FF072600E000263046BDE8F081032630
:1062F000FAE74646F8E74646F6E700BFA0EF00009B
:1063000000FFFF0F034629B15A8B92B24A601A8BE5
:1063100092B20A609A7B02F0FF002AB9DB7BDBB203
:10632000012B08BF052070470320704708B502788D
:10633000074B53F822305B6A13F0010F03D10121A0
:10634000FFF7DAFB08BD0121FEF780FFFAE700BF87
:10635000A0EF0000642300BF013BFCD1704703683D
:106360004268002101619918B1F5801F0DD8C3F36F
:106370000A0121B9C2F30A0222B900207047036161
:1063800004207047036105207047B3F1887F10D364
:10639000B1F1897F0DD8C3F30A0121B9C2F30A0212
:1063A00022B9002070470361042070470361052073
:1063B0007047036103207047036842680021016150
:1063C0009918B1F5801F0DD813F0070F04D112F002
:1063D000070F04D100207047036104207047036158
:1063E00005207047B3F1887F10D3B1F1897F0DD8B4
:1063F00013F0070F04D112F0070F04D100207047EB
:106400000361042070470361052070470361032086
:1064100070470000B0F5801F25D8C30C10F4802F02
:106420000ED151B9C0F30240012202FA00F0C0437C
:106430009B00174AD050002070474FF0FF30F7E71D
:1064400071B9C0F31200A0F58020400B012202FABE
:1064500000F0C043D0330F4A42F8230000207047B9
:106460004FF0FF30F6E7A0F18870B0F5003F0DD295
:1064700049B9400B012303FA00F0C043054BC3F8B0
:106480004803002070474FF0FF30F7E704207047C3
:106490005CE3014000E00140B0F5801F04D8C30C6C
:1064A0000B60486000207047A0F18873B3F5003F8F
:1064B00004D202230B60486000207047042070471C
:1064C00010B50C46104B1B6B20209847202809D094
:1064D0000D4B1B6B1020984710280CD00023237005
:1064E000012010BD01232370074B5B6B9847B0FA66
:1064F00080F04009F5E702232370034B5B6B98475C
:10650000B0FA80F04009ECE700D08001024A136C39
:1065100043F00103136470470080044002780E4B7F
:1065200053F822301A6B12F0400F13D000B583B02D
:1065300000228DF8042001218DF805108DF8072028
:106540008DF8062040221A63C36A01A9984703B058
:106550005DF804FB704700BFCCEF000002780E4BE3
:1065600053F822301A6B12F0800F13D000B583B0AD
:1065700000228DF804208DF805208DF807200122D7
:106580008DF8062080221A63C36A01A9984703B0D8
:106590005DF804FB704700BFCCEF000030B583B05E
:1065A00004460278144B53F8225001238DF804302E
:1065B00000238DF80530D5F8142CD30F8DF8073053
:1065C000D5F8143CC3F380738DF80630002A06DA40
:1065D0004FF00043C5F8143CC36A01A998479DF8E1
:1065E00006303BB14FF08043C5F8143CE36A01A983
:1065F0002046984703B030BDCCEF000030B587B0DF
:1066000002780F4B53F82240256AE3690D4A2A406D
:10661000059202B12262C3F3072202921A0E01927E
:10662000DAB20492C3F30743039315F0060F03D0C5
:1066300011B1836A01A99847002007B030BD00BF9F
:10664000CCEF000036FF3BDC2DE9F04F85B0024671
:106650000B7E002B40F0C681082383711078AA4B73
:1066600053F820400B7E002B40F0C0814F68013F63
:10667000C7F309074B695D1EAD0505F0FE550B69B3
:10668000013B1B0303F4FE231D43CB6888680344CE
:10669000013BDBB21D430026B446236843F00043B0
:1066A0002360002363600B78012B63680CBF43F405
:1066B000005323F400536360236823F000432360F6
:1066C000236843F0A043236042F21073206810F067
:1066D000807F40F0CD81013BB3F1FF3FF6D18B4B82
:1066E00063630B785B0303F400534878C00000F049
:1066F0000800034391F83100800100F0400003439B
:10670000087E002840F0BA81C4F8F07BC4F8F45B3E
:10671000636091F8303063B10B6A486A1844CB6902
:1067200000FB03331B0403F4FE0343F00043C4F8EF
:10673000FC3B1578744B53F82530002002907448C8
:10674000465DB7000298B0EB860F0FD2029803EBBC
:1067500080008030039003984FF0000CC0F800C018
:106760000298013002900298B842EFD300200290C4
:106770000298B0420ED2029803EB800000F5086048
:106780000390039800270760029801300290029856
:10679000B042F0D300200290029817280DD802983A
:1067A00000F52860184403900398002606600298BC
:1067B0000430029002981728F1D900200290029824
:1067C0000F280DD8029800F52A601844039003980A
:1067D0000026066002980430029002980F28F1D932
:1067E0000020029002980F280DD8029800F52B6027
:1067F0001844039003980026066002980430029023
:1068000002980F28F1D90020029002980F280DD885
:10681000029800F52C601844039003980026066047
:1068200002980430029002980F28F1D900200290BB
:1068300002980F280DD8029800F52D601844039097
:1068400003980026066002980430029002980F28F0
:10685000F1D93048405D002800F002850020029008
:10686000029847280DD8029800F628701844039023
:106870000398002606600298043002900298472888
:10688000F1D900200290029847280DD8029800F50F
:10689000776018440390039800260660029804303D
:1068A000029002984728F1D90020029002984728C8
:1068B0000DD8029800F6B87018440390039800268B
:1068C000066002980430029002984728F1D91248D5
:1068D000405D002838D00026029600EB80000001C1
:1068E0000746029EB04219D9029800F5005018449C
:1068F00003900398002606600298043002900298E4
:106900008742F1D80AE000BFCCEF00000030A010B1
:10691000C8EF0000BCEF0000B4EF000000200290C0
:10692000B448475D029887420ED9029803EB800075
:1069300000F540500390039800260660029801304D
:10694000029002988742F0D8AB48405DB0B1002574
:1069500002954600029DB5EB400F0FD2029803EB63
:10696000800000F5D050103003900398002505609A
:106970000298013002900298B042EFD30B7EDB0206
:1069800003F4006343F0A14343F4043391F834006B
:1069900050B191F83500002879D191F83800C00342
:1069A00080B2034343F00053236000230193137824
:1069B000924850F823A091F83400002800F0DB80C2
:1069C00091F83500002868D08D48C35C002B00F09A
:1069D000D28091F84B30002B00F07A8100231F46C3
:1069E0001846E7E091F85030837137E6DB0791F8FD
:1069F0005000082836D0102837D020280CBF4FF47C
:106A0000003C4FF4403C43EA0C0CCF697B1E7D4FA9
:106A100007EA03474B68013BC3F309031F434B6974
:106A20005D1EAD0505F0FE550B69013B1B0303F42C
:106A3000FE231D43CB6888680344013BDBB21D4342
:106A4000CB6A5E1EB60506F070768B6A013B1B03AF
:106A50009BB21E434B6A086A0344013B03F01F03C9
:106A60001E431AE64FF0000CCDE74FF4803CCAE716
:106A7000002B7FF434AE4023019398E7C4F800CC98
:106A8000C4F8F07BC4F8F45BC4F8F86B40E691F806
:106A90004400C00380B2034386E70E6C91F83C705B
:106AA00000235371DAF8005045F00055CAF8005041
:106AB00055484578AF4205D0013303300D2BF8D14E
:106AC0002020C4E0002F41D030464FF0000C664635
:106AD0001DE045686D0045F080450AEB8608C8F862
:106AE000E05003EB4309484D4D44AD78B54285680D
:106AF0004FEA450545F080458CBFC8F88058CAF874
:106B000048500CF1020C01360C30B7421AD08646C0
:106B10000578012DDDD04568ED040AEB8608C8F83C
:106B2000E05003EB4309384D4D44AD78B5428568DC
:106B30004FEAC5458CBFC8F88058CAF848500CF1D8
:106B4000010CE0E7BCF1680F00F286832E4803EBEE
:106B50004303C518C35CDAF8340020F07060CAF84B
:106B60003400DAF834001B0603F070630343CAF8FC
:106B70003430AB78537191F85130002B40F08F8353
:106B800013782248C35C33B10023D36093619360D0
:106B900053611361D361537991F85100002800F0DB
:106BA000A18198460026AFE0013091F84B500C339C
:106BB000A84216D2CD6CEE18ED5C012DF4D1D6F8BA
:106BC00004C00AEBC70606F54055C5F800C0CD6CF9
:106BD0001D44D5F808C043F2040546F805C0013746
:106BE000E2E7002D40D04FEA470C00231E4618462E
:106BF000964613E0B8EF0000C0EF0000CCEF0000B5
:106C0000BCEF00000000FF03D8EF0000C4EF00005D
:106C100001300C3391F84B50A84213D2CD6C05EBE8
:106C20000308EA5C002AF3D10CEB0605D8F80490BF
:106C3000D8F8082042EA094205F540654AF82520BF
:106C40000136E5E77246B00010F004000DD091F86F
:106C50005130002B00F024814B6D002B00F0248379
:106C6000002840F01D818BE7002606EB47061378CD
:106C70009F48C35C9E4200F2F182DAF8143C43F074
:106C80000063CAF8143C4FF07043CAF8143C730810
:106C9000013B1B0203F47C5391F84600013800F0DD
:106CA0001F00034391F84A000C30000600F0F84042
:106CB0000343380400F4FE00034343F00043CAF8E2
:106CC0000C3CDAF80C3C43F00043CAF80C3C52E7A9
:106CD00000273E46D1E700207D789DB302EB80007F
:106CE0004FF0010C0CFA08FCC7686744C7600569DF
:106CF0006544056108F101085FFA88F891F85100D0
:106D00000136F5B2A8422AD9F0B200EB40004D6D31
:106D100005EB800715F820000128EFD191F83450D9
:106D200025B191F83550012D00F08A82B8F11F0F7E
:106D3000D1D9B8F13F0FCFD9B8F1600F34BF0220DD
:106D40000020C9E702EB80004FF0010C0CFA08FCB0
:106D5000876967448761C5696544C561CAE70028DA
:106D600000F090804FF00009A6465DE001246EE03F
:106D70000133DBB21D462CFA03F010F0010FF7D1FE
:106D8000A069D84010F0010FF2D17878002863D0C4
:106D900001279F40A0683844A060206938442061E2
:106DA00010784C6D34449B46524E365C05FB06F51C
:106DB000514E305C95FBF0F51544A879083003FB83
:106DC00000F00AF1800500EB050CA678760506F4C4
:106DD000C007465926F4C0063E434651A678002E09
:106DE00043D16668454F07EA8647DCF8046026F021
:106DF000FF5626F4E0163E43CCF80460A668B604BD
:106E0000445924F0706444F0806444510BF5087BCD
:106E10004AF82B600133DBB209F1010991F85140C6
:106E20005FFA89F084422CD95FFA89F000EB4000C8
:106E300086004C6D04EB800714F82040002CEBD149
:106E40001F2B04D93F2B91D95F2B98BF022402EB53
:106E50008404D4F80CC08DE701279F406069384452
:106E60006061E0693844E0619AE7DCF8046006F0AC
:106E70006046676827F060473E43CCF80460A66828
:106E8000BEE77446DAF80000434538BF43467F3317
:106E900003F07F03034343F48033CAF8003000203B
:106EA000019B034318460B7EF3B11578124B5B5DD3
:106EB000134E755DB3FBF5F31B0191F85050083587
:106EC000B3FBF5F3DBB2557991F851603544AB4231
:106ED00018DA40F4807091F85C30002B6DD105B069
:106EE000BDE8F08F9846CDE71378034DEB5CEAE7F9
:106EF000B8EF0000B0EF0000C8EF00000000FC1F7A
:106F0000C4EF00000028E6D11578C94B53F82530AE
:106F100091F858505DB15D6845F480455D60157825
:106F2000C44E755D1DB15D6B45F000455D6391F824
:106F300059501DB15D6845F400455D6091F85A50A7
:106F40001DB15D6B45F080455D6391F85B501DB1EF
:106F50005D6845F444655D6091F8345075B191F811
:106F6000355095B991F8396091F83A50AD0145EA3C
:106F7000461591F83B6045EAC6159D629D6A166903
:106F800035439D6201231371A5E791F845502D0704
:106F900005F0805591F84760760706F000563543B6
:106FA00091F8496045EAC67591F84860B60706F061
:106FB00080463543C3F8105CE0E715789C4B53F8E6
:106FC00025300025C3F8005B926B002A00F0198180
:106FD00091F85D204AB1B1F85E20C3F8042BD3F8D4
:106FE000002B42F40032C3F8002B91F86020002AF5
:106FF00000F00981D3F8005B91F8612002F00302F0
:107000002A43C3F8002BD3F8002B91F8625042EAD0
:107010000522C3F8002BD3F8002B42F48032C3F8CA
:10702000002BD3F8005B91F86420920002F00C0270
:107030002A43C3F8002B91F86870CE6E91F869204E
:10704000520702F00052BD0705F080452A4307B9F8
:10705000B6043243C3F80C2B91F86420EAB991F8D6
:1070600070604F6F91F87120520702F00052B5071F
:1070700005F080452A4306B9BF043A43C3F81C2BE8
:1070800091F86120002A00F0C580012A19D0022A57
:107090005FD0032A67D00023B6E0032AF0D191F82D
:1070A00070704D6F91F87120520702F00052BE07C8
:1070B00006F08046324307B9AD042A43C3F81C2BBF
:1070C000DEE791F87920082A00F2A68091F87A206C
:1070D000082A00F2A380D3F8005B91F8782012010F
:1070E00002F030022A43C3F8002B91F879201204F1
:1070F00002F4702291F87A5005F00F052A43C3F884
:10710000102BD1F88050CA6FC3F8185BC3F8142B4A
:1071100091F878208AB991F8795091F87A209542BF
:1071200001D0042370E0D1F88850D1F88420C3F84E
:10713000245BC3F8202B002366E0032A70D1D1F82A
:107140008850D1F88420C3F8245BC3F8202B002397
:107150005AE0D3F8002B91F8621042EA0122C3F8FA
:10716000002B002350E0D3F8002B91F8625042EA44
:107170000522C3F8002B91F87920082A52D891F8FB
:107180007A20082A50D8D3F8005B91F878201201B1
:1071900002F030022A43C3F8002B91F87920120440
:1071A00002F4702291F87A5005F00F052A43C3F8D3
:1071B000102BD1F88050CA6FC3F8185BC3F8142B9A
:1071C00091F878208AB991F8795091F87A2095420F
:1071D00001D0042318E0D1F88850D1F88420C3F8F6
:1071E000245BC3F8202B00230EE0032A1ED1D1F824
:1071F0008850D1F88420C3F8245BC3F8202B0023E7
:1072000002E0202300E000231843236843F4804376
:10721000236064E60023F7E70423F5E70423F3E79C
:107220000023F1E70423EFE70423EDE70023EBE776
:10723000CCEF0000BCEF000008F101085FFA88F80D
:10724000B8F1190F3FF672AD194D25FA08F515F092
:10725000010F3FF46BADEFE70420F8E40420F6E4FF
:107260001448405D00283FF46FAB0026029600EB07
:107270004000C0000746029EB0427FF64FAB029826
:1072800000F5005018440390039800260660029809
:10729000043002900298B842F1D3FFF73FBB4B6D28
:1072A000002B7FF46DAC002040F02000F8E500BF1B
:1072B00020800002B4EF00000278144B53F8221033
:1072C0000B6823F0A0430B6042F210730A6812F0BF
:1072D000807F11D0013BB3F1FF3FF7D142F2107331
:1072E0000A6812F0006F0DD0013BB3F1FF3FF7D1F8
:1072F00002230371002070470BB94020704742F20F
:107300001073EDE7002BF3D140207047CCEF000065
:10731000402830D8DFE800F03030303030303030C6
:10732000302F2F2F212F2F2F232F2F2F252F2F2F90
:10733000272F2F2F2F2F2F2F292F2F2F2F2F2F2F6B
:107340002F2F2F2F2F2F2F2F2B2F2F2F2F2F2F2F51
:107350002F2F2F2F2F2F2F2F2D00092070470A207E
:1073600070470B2070470C2070470D2070470E208F
:1073700070470F2070470020704700002DE9F84348
:107380000E788369C268134317D00D460022144655
:1073900002E001325B0808D0D1B213F0010FF8D03F
:1073A000A64210D00134E4B2F3E704273846BDE822
:1073B000F8836B6823F0604350E00427F6E78027EA
:1073C000F4E70427F2E7FF29FBD00178D4B2334B6E
:1073D0005B5C03FB04F3324C645C93FBF4F31844F2
:1073E0008479EF68A7428CBF042700270834D2B203
:1073F00002FB04F42B4B53F82160803604EB0608A3
:10740000A3591B0E13F0060FD9D10023A35195F8F1
:1074100001904FEAC972A251AB789B0703F08043F9
:1074200043EA020944F80690E868FFF771FF030495
:1074300003F4702343EA0903A3512A7A1AB15205CF
:1074400002F4C0021343A3510023C8F804302B7A7E
:10745000002BAED16A68144B03EA8243C8F80430AB
:10746000EB6813F0030C18BF4FF0010C1CEB930CEE
:107470000DD005F10C0202EB8C0CA8EB0503043BCC
:10748000134452F8040F00BA18609445F5D1A3597B
:1074900023F0706343F04063A35187E7B0EF00002F
:1074A000C8EF0000CCEF00000000FC1F0F2817D829
:1074B000DFE800F0171717171717171717080A0C28
:1074C0000E1012140C2070471020704714207047C3
:1074D00018207047202070473020704740207047A8
:1074E000002070472DE9F843054602782E4B9B5C3F
:1074F00001FB03F32D48805C93FBF0F32B449F7951
:107500002B4B53F822402B6A1A702B6A597008379C
:1075100001FB07F704F1800807EB08062A6A57F811
:107520000830DB0F93702A6A57F80830C3F3807372
:10753000D3702A6A57F80830C3F30343D360D5F8F1
:107540002090D9F80C00FFF7B1FFC9F80C002A6AA7
:1075500057F80830C3F3405313712A6A1379FBB10B
:10756000736823F0604393602B6A03F1100706F100
:107570000805DB6813F0030018BF012010EB93002F
:107580000BD00023194655F8212012BA47F82120C4
:107590000133DBB219468342F5D3A368BDE8F88313
:1075A0007368C3F38A43DEE7B0EF0000C8EF000062
:1075B000CCEF000038B5044602780D4B53F822504A
:1075C0002B6B13F0200F11D000212046FFF78AFF0C
:1075D000AB6820232B63236AFF225A70636B216AF6
:1075E000204698472B6B13F0200FEDD138BD00BF1C
:1075F000CCEF00002DE9F041044602782E4B53F801
:107600002270D7F8143C13F0405F26D1BDE8F0811A
:1076100042F20403EB58C3F38A43936005F5005329
:107620000833226A103205F50150103053F8041B5C
:1076300009BA42F8041B8342F8D14FF04053C5F811
:10764000143C236AFF225A70636B216A20469847D4
:10765000D7F8143C13F0405FD8D02378164A52F87C
:107660002350226A137005F500563368226ADB0F37
:1076700093703368226AC3F38073D3703368226ACD
:10768000C3F30343D360D4F82080D8F80C00FFF78D
:107690000DFFC0B2C8F80C003368226AC3F3405330
:1076A0001371226A1379002BB2D042F20403EB5813
:1076B00023F06043B1E700BFCCEF00002DE9F047B5
:1076C00004460278A84B53F822506A686B6B02F4A8
:1076D0004C4203F0404313430AD12278A24B53F8A3
:1076E0002280D8F83060E3681E402CD000271BE0D1
:1076F0000121FEF783FFF0E701305B0809D013F0AA
:10770000010FF9D05FFA80FEE64503D00131C9B21E
:10771000F2E7FF2120469047FAB201239340C8F8D0
:107720003030013776080ED05FFA87FC16F0010F73
:10773000F7D0226BE368A1690B4302D00020014619
:10774000DDE7FF21E6E72278874B53F82280D8F85F
:107750003060A3681E4030D000271AE001315B087A
:1077600008D013F0010FF9D0C8B2814503D001321F
:10777000D2B2F3E7FF228CF80120636B216A204626
:107780009847FAB201239340C8F8303001377608A1
:1077900013D05FFA87F916F0010FF7D0494620465B
:1077A000FFF7A0FED4F820C0A3686269134302D09B
:1077B00000210A46D5E7FF22DDE72B6813F0005FC2
:1077C00015D02B6813F4004F05D1AB6A2A6B134018
:1077D00013F0200F59D1AB6A2A6B134013F0400FFE
:1077E00057D1AB6A2A6B134013F0800F55D1237821
:1077F0005E4AD35C1BB1D5F80C3C002B51DB2278E0
:10780000594B53F8225040F2E933296811F4801F94
:1078100001D0013BF9D1A36B002B00F0A380616A7A
:10782000002900F09F80D5F8003BD5F8080B0340F5
:1078300013F4003F0BD00A70636A00225A70A36BE6
:10784000616A204698474FF40033C5F8083BD5F8E5
:10785000003BD5F8082B134013F4803F00F08280E2
:10786000636A22781A70636A01225A70D5F8083B5D
:10787000C3F307239846042B28BF4FF00408002BBE
:1078800068D005F64836002745E02046FFF792FE0F
:10789000A1E72046FEF742FEA3E72046FEF75EFE84
:1078A000A5E7D5F8143CD5F8102C134003F040534D
:1078B0002A6802F4004213430BD1D5F8143CD5F8E2
:1078C000102C134013F0404F99D02046FEF766FE6F
:1078D00095E72046FFF78EFEEFE756F8043CC3F32A
:1078E0008A435360626A916811F0030318BF012351
:1078F00013EB91030BD0301F0C3206EB8303043BD8
:1079000050F8041F09BA42F8041B8342F8D101372A
:107910001036B8451ED905EB0719626AD9F8403B05
:10792000C3F303439360D4F824A0DAF80800FFF708
:10793000BDFDCAF80800626AD9F8403BC3F3405362
:107940009370626A9378002BC7D056F8043C23F0FA
:107950006043C6E7A36B616A204698474FF48033C3
:10796000C5F8083BBDE8F087CCEF0000BCEF000095
:1079700030B402786A4B53F82220CB7A002B51D0D6
:10798000D2F8843043F40073C2F88430136823F0D3
:107990002003136014680B7803F0070324F0070436
:1079A0002343136014688B781B0603F0706324F084
:1079B0007064234313608B8893600024D464012394
:1079C0005360936D43F008039365D2F884508B7A2B
:1079D0009B01DBB225F0C0052B43C2F88430D2F8FE
:1079E0008C504B7A03F0010325F001052B43C2F8BC
:1079F0008C30D2F884500B7A03F01F0325F01F055A
:107A00002B43C2F88430C4600461446184614B78C4
:107A1000012B0ED0032B46D0042B56D0052B69D05A
:107A2000037107E0D2F8843023F40073C2F8843085
:107A3000ACE703710023CC68DC4014F0010F02EBCB
:107A4000C305EC6814BF44F0400424F04004EC602B
:107A50000133082BEFD1CB6813F4807F136814BF78
:107A600043F4807323F480731360CB6813F4007FB6
:107A7000536D14BF43F0800323F080035365CB683C
:107A800013F4806F136814BF43F0400323F04003E6
:107A900013600B69C3604B6903618B694361CB69F8
:107AA000836130BC7047037103781E4CE468032B7C
:107AB0004FEA43038CBF08331833032505FA03F359
:107AC00024EA0304174BDC60B4E703710378154C18
:107AD000E468032B4FEA43038CBF083318330325B4
:107AE0009D4024EA0504012505FA03F323430D4CC8
:107AF000E3609FE7037103780A4CE468032B4FEAC5
:107B000043038CBF0833183303259D4024EA050442
:107B1000022505FA03F32343024CE3608AE700BF22
:107B200000F00000008004400023037083704FF6D3
:107B3000FF72426001224270037243728372C37209
:107B4000C360036143618361C36170470278064B80
:107B500053F822301A6822F018021A600A889A60D4
:107B60008A88DA64704700BF00F0000010B4027821
:107B70001E4B53F822208379012B1AD00B78C4793D
:107B8000DC4014F0010F24D08C68013302EBC303F6
:107B90009C604B6823448468A34284BF03F1FF3395
:107BA0001B1B0C780134E4B2013402EBC404A36063
:107BB00006E04B685C080B78013302EBC3039C6062
:107BC000437963B10B7B73B1936D43F0800393658D
:107BD00009E04C68013302EBC3039C60F0E7936D4E
:107BE00043F0800393655DF8044B704700F000009C
:107BF00010B404780C4B53F824308479012C0CBF5A
:107C0000C1F34F0189B29960417929B142B19A6DAE
:107C100042F080029A6503E09A6D42F080029A6514
:107C20005DF8044B704700BF00F0000002786E4B17
:107C300053F822300A6882600022C2710A79827188
:107C40004A7942715A6D42F001025A654A79022A14
:107C50000CD0012A21D0032A24D05A6D22F0080228
:107C60005A659A6D42F004029A6503E09A6D42F0FB
:107C700002029A651A6822F018021A600A79DAB9C3
:107C80001A6822F020021A600A889A608A6892B103
:107C90002DE9F04100263746D1E09A6D42F001020D
:107CA0009A65E7E79A6D42F002029A659A6D42F092
:107CB00001029A65DEE770471A6842F020021A60F6
:107CC0000A68C2F34F029A60E0E7D3F87080541C50
:107CD0004FF0010E0EFA04F40EFA02FE44EA0E040E
:107CE000E4B228EA04041C67D7E0AC68002C54D046
:107CF000D3F870E002F1010C012404FA0CFC5FFAE5
:107D00008CFC2EEA0C0CC3F870C0D3F8648022FA05
:107D100004FC4FEACC0C0CF1050E04FA0EFE4EEA00
:107D2000080EC3F864E0D3F8648004FA0CFE4EEA4F
:107D3000080EC3F864E0D3F864E00CF1070C04FA11
:107D40000CF444EA0E045C66D3F864E04FEA520C8B
:107D50004FEACC0C0CF1010C012404FA0CFC2EEAC5
:107D60000C0CC3F864C09440D3F870C05FFA84FE72
:107D70002CEA0E0CC3F870C0D3F800C0240404F43D
:107D80007F0444EA0C041C6003EBC20CDCF80C40DA
:107D900024F48074CCF80C40AFE0D3F864E05408CD
:107DA0004FEAC40C0CF10508012404FA08F82EEA85
:107DB000080EC3F864E0D3F864E004FA0CF42EEA89
:107DC000040EC3F864E0D3F864C02CEA04045C66D3
:107DD000BAE75C6E0EF1040E4FF0010808FA0EFED1
:107DE00024EA0E045C66BEE000F000006C686408E3
:107DF000CCF810402C69B4F5806F80F0DD8003F181
:107E0000A00522F0010E55F82E2022F0C00245F800
:107E10002E2055F82E204FEA941C04F03F0444EA2B
:107E20000C4422F4702C2CF03F0C44EA0C0445F86E
:107E30002E40013714368A68BA4240F2F680CA688A
:107E40009519925D2C7B002C3FF44FAFD3F864E082
:107E50004FEA520C4FEACC0C0CF10108012404FA51
:107E600008F444EA0E045C666C7B002C7FF42DAFB2
:107E7000D3F870E0012404FA02F85FFA88F82EEAD9
:107E8000080EC3F870E0D3F870E002EB040804FABF
:107E900008F4E4B244EA0E041C67541CE4B203EB99
:107EA000C404D4F80CE02EF03C0E4EF0080EC4F8DA
:107EB0000CE0D3F864800CF1050E4FF0010C0CFAC5
:107EC0000EFC4CEA080CC3F864C003EBC20EDEF8EB
:107ED0000CC02CF4807CCEF80CC0D4F80CC02CF470
:107EE000807CC4F80CC0D3F800C04FF440349440F8
:107EF00004F47F0444EA0C041C60D3F864C04FEA25
:107F0000520E4FEACE0E0EF10508012404FA08F4D1
:107F100044EA0C045C660C794CB903EBC20CDCF847
:107F20000C4024F0300444F02004CCF80C4003EB67
:107F3000C20CDCF80C806C78A40004F00C0428F06F
:107F40000C0844EA0804CCF80C40AC7B002C3FF44D
:107F500040AFD3F864800EF1040E012404FA0EF44D
:107F600044EA08045C660C79012C3FF43FAFAC682E
:107F7000F4B1012404FA02FEC47944EA0E04C47187
:107F8000D5F808E0CCF810E06C687444D1F800E053
:107F9000744584BF6FEA0E0E744402F1010C5FFA5F
:107FA0008CFC0CF1010C03EBCC0CCCF8084021E765
:107FB0006C68CCF810401DE7B4F5805F1BD203F16C
:107FC000A00522F0010E55F82E2022F0C00242F04A
:107FD000800245F82E2055F82E20C4F3850C240A83
:107FE0004CEA044422F4702C2CF03F0C44EA0C04BC
:107FF00045F82E401DE703F1A00C22F001025CF8C9
:10800000225045F0C0054CF822505CF822E0A50152
:1080100005F47025C4F305142C432EF4702525F0C7
:108020003F052C434CF8224003E7BDE8F08100BF38
:108030000278024B53F822305868704700F0000075
:1080400010B40278164B53F82220D46EC1F3C0103E
:10805000C1F3800343EA4023080100F0100003430A
:108060002343880000F480700343880800F0080070
:108070000343880800F004000343880800F002006E
:108080000343080100F020000343D36611F4807F0E
:1080900003D0D36E43F04003D3665DF8044B7047C2
:1080A00000F000000278074B53F822300279012AD1
:1080B0001A6806BF22F0180242F0080242F01802C5
:1080C0001A60704700F000000278044B53F8222039
:1080D000136823F018031360704700BF00F000001E
:1080E0002DE9F84306460278424B53F82240636D6F
:1080F000206825682268400A00EA122000F001008A
:108100002268AD0905EAD21505F0010513F0800FCC
:108110001ABF636F03F00F084FF0000818B123680F
:1081200023F4007323601DB1236823F080032360D0
:1081300000273B4602E00133082B12D004EBC302B8
:10814000D16811F0800FF6D0D16811F0400FF2D055
:10815000D16821F08001D16001229A40D2B2174348
:10816000E9E718B173690BB1304698471DB1B3699F
:108170000BB130469847B8F1000F22D0336903B3F2
:1081800032781C4B53F822301B4A934209D002F537
:10819000805293420CBF4FF002094FF004090025B2
:1081A00005E04FF00209FAE70135A94509D028FAA0
:1081B00005F313F0010FF7D033692946304698478D
:1081C000F2E7A7B1F36893B1002502E00135082D6D
:1081D0000DD027FA05F313F0010FF7D06B1C04EB59
:1081E000C3039A68F368294630469847EEE7BDE82E
:1081F000F88300BF00F0000000E0064002461E4B7E
:1082000053F8303003F1804303F5CA231B6813F0A1
:10821000804030D0184800EBC202526812F01E00B5
:1082200029D010B5C3F3026012F0200F1ABF03F07B
:1082300007035C1C0124D0B112F0020F07D112F029
:10824000040F12D112F0080218BF022200E000222F
:108250000A4B03EB400358781044162809D0C0B2EB
:1082600000F0E8FFB0FBF4F010BD0122F0E70020C1
:10827000F5E70020F8E7704728F0000018F000004C
:108280002DE9F041044606783A4B03EBC6035D68DE
:1082900015F0800F05D115F0400F39D10120BDE850
:1082A000F081012000F0C6FF002861D0314B53F867
:1082B000366006F1804606F5CA26336823F080430F
:1082C00033606378002B3FD015F0200724D0E77887
:1082D000781C5FFA80F807F0070715F01E0F04D02E
:1082E000A3781B0603F0E0631F4315F0010F18BFCE
:1082F00047F080473760A37883B315F0020F0ED1A3
:1083000015F0040F18D115F0080018BF022007E07F
:10831000002000F08FFFC7E74FF00108DDE70020E5
:10832000154A02EB43035D782844162818D0B8F1AB
:10833000000F03D100200AE00120F1E7C0B200F0F5
:1083400079FFB0FBF8F002E0002737603846336869
:1083500047F000479F4205D00120A0E70020F6E744
:108360000020F4E7054B984294BF0020012096E7D7
:10837000012094E728F0000018F0000080D1F008F8
:10838000F0B403783D4A52F823603D4A52F8237016
:108390000C68002C6FD00025AC462CE022F00202C5
:1083A00091F80CC0BCF1000F01D042F0400291F8EE
:1083B0000DC0BCF1000F3DD042F0100242F0807CB5
:1083C00001283AD046F823C056F8232042F08072A4
:1083D00046F8232056F82320C87B000400F47020C0
:1083E00022F47022104346F82300012000FA03F320
:1083F00005449C433FD0EBB224FA03F212F0010F84
:10840000F3D04868020202F4E06242EA0C0291F8FA
:108410000AC0BCF1000FC1D00028C1D091F80BC038
:10842000BCF1010F0EBF42F0030222F0010242F044
:108430000202B5E722F01002C0E7087A70B94A7A62
:1084400042B901229A40BA60786901229A400243F7
:108450007A61B7E701229A407A60F5E7012804D0F3
:1084600022F4E06242F0807CACE77A69984022EA2C
:1084700000027A61A6E7F0BC704700BFC4F10000BB
:10848000B0F1000070B5064602780E4B53F822504A
:10849000002402E00134202C12D055F8243013F0CF
:1084A000807FF7D055F8243043F0807345F82430AE
:1084B0007368002BEED00121A14030469847E9E7D0
:1084C00070BD00BFC4F10000F8B5054602781C4B32
:1084D00053F82260336813F0400F06D0336823F05E
:1084E00040033360C36803B198472B793BB3002442
:1084F00004E001342A79E3B29A4220D9E1B204F0CF
:108500000707C4F3C40303EB830206EBC2025069FE
:108510000122BA401040F840EBD003EB830006EB99
:10852000C000406920EA020203EB830306EBC303A9
:108530005A61AB68002BDCD028469847D9E7F8BDD4
:10854000D8F10000F0B484460278244B53F822702E
:1085500000263E603B6843F080033B604FF6FF73AC
:108560007B60FB6006F0070101228A40C6F3C40469
:1085700004EB840307EBC3031869150245EA0245BF
:10858000154320EA05051D615D6925EA02455D6127
:108590005D6925EA02025A6104EB840401EB44019F
:1085A0000631002347F821300136202EDAD1D7F8E2
:1085B000903123F00103C7F890310023C7F89431BC
:1085C0003A6842F001023A603A6822F080023A606A
:1085D000CCF80830CCF80C30F0BC7047D8F1000073
:1085E000012303710023437183714370837003700F
:1085F0000F22C270C37103724EF2E1424281C36026
:1086000003617047F8B505460C462F4F037857F8BD
:108610002360FFF797FF326823789B0403F440231D
:1086200022F4402213433360326863781B0303F45F
:10863000E04322F4E042134333603268E3781B02E4
:1086400003F4706322F47062134333603268A378DA
:108650009B0003F00C0322F00C02134333603368D9
:10866000227923F0020343EA4203336033686279DC
:1086700023F4004343EAC2333360144A5368A179B8
:1086800023F4005343EA413353602369EB60E3680A
:10869000AB60E3792B74217A697463896B82002360
:1086A0002B712B7857F823301A6822F4003242EAF3
:1086B00041421A606A8ADA601A68297C22F0200234
:1086C00042EA41121A60F8BDD8F10000008004406F
:1086D0002DE9F047844600781C4B53F82000904663
:1086E0007AB302F1040E5FFA8EFE042505F007044A
:1086F0000127A740EE0806EB860900EBC909D9F867
:1087000010A0CB78A3400A79A240120442EA0322C7
:108710008B78A34013433A0442EA072217432AEA1C
:1087200007073B43C9F8103031F8082B06EB8603E6
:1087300004EB4303063340F823200135EDB27545C1
:10874000D4D18CF80480BDE8F08700BFD8F10000D8
:108750000278024B53F8223059607047D8F100007C
:108760000278044B53F82220136843F0010313608E
:10877000704700BFD8F100000278044B53F8222064
:10878000136843F080031360704700BFD8F1000006
:1087900008B5012908D002290BD001B108BD8368B2
:1087A000002BFBD09847F9E7C368002BF6D0984719
:1087B000F4E70369002BF1D09847EFE710B50446C2
:1087C0001D4B5B6913F0020F04D01B4BDB6913F0E8
:1087D000020F0AD1184B5B6913F0040F04D0164B3B
:1087E000DB6913F0040F0FD110BD0221FFF7D0FF9A
:1087F000114B5A6922F010025A6100221A605A691C
:1088000042F010025A61E5E700212046FFF7C0FF61
:10881000094B1A681B689A42FAD1074A516921F03C
:1088200010015161616801390B449360536943F051
:1088300010035361D8E700BF00D003400246354B18
:10884000D3F8003613F0807F58D0324BD3F8083677
:1088500013F0010F3048314B08BF18462D4BD3F8A9
:108860000816D3F80836C1F303210131B0FBF1F04B
:10887000C3F30543103303FB00F35808072A48D01D
:10888000132A06D0142A15D0152A25D04FF0FF3010
:108890007047204BD3F8043613F0807F31D013F0AB
:1088A000070F1DBF03F0070303F1FF33DBB2002303
:1088B000D8407047174BD3F8042612F0007F23D01E
:1088C000130A12F4E06F1DBF03F0070303F1FF3337
:1088D000DBB20023D84070470E4BD3F8042612F0C9
:1088E000806F14D0130C12F4E02F1DBF03F00703A8
:1088F00003F1FF33DBB20023D84070474FF0FF3065
:1089000070474FF0FF3070474FF0FF3070474FF027
:10891000FF30704700400640006CDC020024F40089
:10892000124BD3F8002422F40002C3F80024D3F839
:10893000002422F00102C3F80024D3F8003413F01D
:10894000807F0CD00A4B013B084AD2F8002412F079
:10895000807F03D0002BF6D10220704723B1002086
:10896000024BC3F8000470470220704700400640E5
:10897000C068780410B443791BB1013B6B4ADA40FC
:1089800000E0002283791BB1013B6849D94000E037
:108990000021C37923B1013B644C24FA03F300E0C6
:1089A0000023634CA24200F2B480A14200F2B580E1
:1089B000604A934200F2B3805F4BD3F8042122F067
:1089C000E062C3F80421D3F80431C3F30273072B28
:1089D0000FD15A4A013A584BD3F80431C3F302730A
:1089E000072B03D1002AF5D1022093E0002A00F0E2
:1089F00098800379017ADA0742EA014283F00103A1
:108A000042EA036242F478424B4BC3F80821D3F8A0
:108A1000002122F40002C3F80021D3F8002122F43F
:108A2000403222F00202C17842EA4102C3F800213A
:108A3000D3F80411427902F0070221F0071121F462
:108A4000E0610A438179090201F4E0611143C279CE
:108A5000120402F4E0220A43C3F80421D3F80021EF
:108A600042F00102C3F80021D3F8003113F0807FF7
:108A700015D1334B013B304AD2F8002112F0807FF0
:108A80000BD1002BF6D12C4B0022C3F80021C3F8E8
:108A90000821C3F8042102203CE0002BF3D0264A31
:108AA000D2F8043143F0E063C2F8043143782BB1CB
:108AB000D2F8003143F48033C2F80031837833B107
:108AC0001D4AD2F8003143F40033C2F80031037874
:108AD00033B1194AD2F8003143F40003C2F800312F
:108AE000154BD3F80431C3F30273072B1BD0134A81
:108AF000013A114BD3F80431C3F30273072B03D0AF
:108B0000002AF5D1022005E0002A14BF002002202F
:108B100000E004205DF8044B70470420FAE70420CD
:108B2000F8E70220F6E70020F4E700BF0024F40095
:108B3000006CDC0200366E0100400640A086010099
:108B4000804F12001C4B1869C0F30360012831D01C
:108B5000D3F8083613F0010F01D1062827D0164BA1
:108B6000D3F8002122F40002C3F80021D3F8002139
:108B700022F00102C3F80021D3F8003113F0807F06
:108B80000CD00E4B013B0C4AD2F8002112F0807F32
:108B900003D0002BF6D10220704753B1064B0020C2
:108BA000C3F80001C3F80401C3F8040170470120B1
:108BB00070470220704700BF00400640A0860100B9
:108BC00010B40146494AD2F8003223F40003C2F837
:108BD0000032D2F800028C78230243EA442320F4C6
:108BE000813020F483700343C87843EA8003087916
:108BF00043EA4003C2F80032D2F8043223F0E063C3
:108C0000C2F80432D2F80432C3F30273072B0ED138
:108C1000374A013A354BD3F80432C3F30273072BBA
:108C200003D1002AF5D1022054E0002A5BD04B7812
:108C300033B12E4AD2F8003243F48033C2F8003206
:108C40000B7833B1294AD2F8003243F40003C2F85A
:108C500000322648D0F804224B7903F0070322F0B3
:108C6000071222F4E0621343CA79120402F4E022EC
:108C70001A438B791B0203F4E0631343C0F80432F8
:108C8000D0F8043243F0E063C0F80432D0F8043284
:108C9000C3F30273072B24D0154A013A134BD3F8C0
:108CA0000432C3F30273072B17D0002AF5D10F4B00
:108CB0000022C3F8042202208B785BB10B7A022BCE
:108CC00003F003030CBF4FF4702200221343074A42
:108CD000C2F80C325DF8044B7047002AE7D0002040
:108CE000EAE70020E8E70220F4E700BF0040064082
:108CF000A0860100164BD3F8002722F40002C3F827
:108D00000027D3F8002742F00102C3F80027D3F868
:108D1000003713F0807F0CD10E4B013B0C4AD2F888
:108D2000002712F0807F03D1002BF6D1022070477C
:108D300053B1037853B1064AD2F8003743F4000325
:108D4000C2F80037002070470220704700207047AB
:108D500000400640A0860100124BD3F8002722F401
:108D60000002C3F80027D3F8002722F00102C3F85D
:108D70000027D3F8003713F0807F10D00A4B013B57
:108D8000084AD2F8002712F0807F03D0002BF6D1DA
:108D900002207047002B14BF0020022070470020E3
:108DA000704700BF00400640A0860100014643799D
:108DB000002B00F0B880013B6B4A22FA03F3827962
:108DC000002A00F0AB806948834200F2A380013A98
:108DD000654B23FA02F2664B9A4240F2A8800420C7
:108DE00070470023EFE7002A00F0968010B4614B33
:108DF000D3F8002322F40002C3F800230322C3F8AF
:108E00000823D3F800038C78220242EA442220F49B
:108E1000813020F481700243C87842EA4002C3F8EE
:108E20000023D3F804030A7902F0070220F00710A8
:108E300020F4E06002434879000200F4E06010434F
:108E40008A79120402F4E0220243C3F80423D3F81F
:108E5000002342F00102C3F80023D3F8003313F0DB
:108E6000807F15D1444B013B424AD2F8002312F0D7
:108E7000807F0BD1002BF6D13E4B0022C3F800239C
:108E8000C3F8042302205DF8044B7047002BF3D095
:108E90004B7833B1374AD2F8003343F48033C2F809
:108EA00000330B7833B1334AD2F8003343F4000374
:108EB000C2F800332F4BD3F8042342F0E062C3F82A
:108EC0000423D3F80433C3F30273072B20D02A4AB8
:108ED000013A284BD3F80433C3F30273072B03D0B2
:108EE000002AF5D1022003E0002A14BF002002204E
:108EF0008B78002BC7D0CB79022B03F003030CBF78
:108F00004FF47022002213431A4AC2F80C33BAE716
:108F10000020EDE70420704702207047134A934277
:108F200005D9042070478279002A7FF45AAF114B8B
:108F3000D3F8042322F0E062C3F80423D3F8043307
:108F4000C3F30273072B7FF451AF0B4A013A094B6D
:108F5000D3F80433C3F30273072B7FF444AF002A22
:108F6000F4D10220704700BF00D8B805006CDC02C5
:108F700000366E0100400640A086010001468B4B82
:108F8000D3F8003113F0807F03D10379002B00F078
:108F90000481864BD3F8003313F0807F03D1087926
:108FA000012800F00281814BD3F8002612F0807274
:108FB00040F0F58030B40C797D4B7E48002C18BF12
:108FC0000346087A0130B3FBF0F3A3F57420A0F553
:108FD0001070794CA04200F2E480487A103003FB14
:108FE00000F376481844764CA04200F2DC805B081F
:108FF000487918B1013823FA00F000E010468C7966
:109000006CB3013C23FA04F4CD7915B16A1E23FA3E
:1090100002F26C4B984200F2B6806B4B9C4200F21D
:10902000B4806A4B9A4200F2B280604BD3F80426B7
:1090300022F0E062C3F80426D3F80436C3F30273C7
:10904000072B11D1624A013A584BD3F80436C3F3C7
:109050000273072B05D1002AF5D1022091E01446B6
:10906000D2E7002A00F09580504BD3F8002622F476
:109070000002C3F800260022C3F800260A7A120272
:1090800002F47062487A000400F47C10024308790C
:1090900000F001000243C3F80826CA785200C3F862
:1090A0000026D3F804064A7902F0070220F00710E0
:1090B00020F4E06002438879000200F4E06010438D
:1090C000CA79120402F4E0220243C3F80426D3F85A
:1090D000002642F00102C3F80026D3F8003613F050
:1090E000006F15D13B4B013B304AD2F8002612F0FD
:1090F000006F0BD1002BF6D12C4B0022C3F80826B1
:10910000C3F80026C3F8042602203AE0002BF3D06F
:10911000264AD2F8043643F0E063C2F804364B78AE
:109120002BB1D2F8003643F48033C2F800368B7886
:1091300033B11E4AD2F8003643F40033C2F8003689
:109140000B7833B1194AD2F8003643F40003C2F861
:109150000036164BD3F80436C3F30273072B1AD02C
:109160001B4A013A114BD3F80436C3F30273072BA1
:1091700003D0002AF5D1022003E0002A14BF00200A
:10918000022030BC70470420FBE70420F9E70420EC
:10919000F7E70220F5E70020F3E701207047012000
:1091A00070470420EDE70420EBE7704700400640DD
:1091B0000024F400006CDC02C0E1E400006B45F523
:1091C00000EF1C0D80D1F008C068780460343C02C8
:1091D000A0860100F4E30400144BD3F8002622F427
:1091E0000002C3F800260022C3F80826C3F80026B0
:1091F000D3F8003613F0006F0CD00D4B013B0B4A37
:10920000D2F8002612F0006F03D0002BF6D1022016
:10921000704743B1054B0020C3F80006C3F80406AD
:10922000C3F8040670470220704700BF00400640A4
:10923000A086010010B50446022830D9032800F0AA
:10924000CB800A2850D00B2860D00C2871D005287C
:1092500000F082800D2800F0DC800E2800F00981EB
:109260000F2800F0EE8006287FD0102800F018812B
:10927000112800F04281122800F0288107287DD0B3
:10928000A0F11303DBB2022B78D9042800F09E80F2
:10929000082800F09E80092874D000205CE1B04BC3
:1092A0001B69C3F30363012B00F03F81032B00F024
:1092B0005481062B0ED04FF0FF30A94B1A69196963
:1092C0001B69C2F303420132B0FBF2F0002C00F044
:1092D0003F8135E10720FFF7B1FAEEE7C1F3031153
:1092E0000131B0FBF1F033E19D4BD3F8043213F0C0
:1092F000807000F0318113F0070F6FD003F007008A
:109300000138C0B2974B23FA00F021E1944BD3F817
:10931000043213F0007000F01F811A0A13F4E06F9A
:109320005ED002F007000138C0B28E4B23FA00F085
:109330000EE18B4BD3F8043213F0806000F00C8107
:109340001A0C13F4E02F4DD002F007000138C0B220
:10935000844B23FA00F0FBE0814BD3F8000310F0BC
:109360008070814B18BF1846F6E07D4BD3F80001A2
:1093700010F080707D4B18BF1846EDE02046FFF7D7
:109380005DFAE5E0764B1A6AC2F3036312F0706F80
:1093900036D0012B36D0022B36D0032B09D0042B2C
:1093A00034D0062B0ED0072B0CBF4FF4FA40002010
:1093B000D2E06B4BD3F8000310F080706A4B18BFFB
:1093C0001846C9E00720FFF739FAC1E04FF4FA4028
:1093D000C2E04FF40040BFE06248BDE06148BBE03E
:1093E0006048B9E05F48B7E05F48B5E05E48B3E089
:1093F0005D48B1E05D48AFE05C48ADE05B48ABE0A4
:109400000020A9E05948A7E05648A5E04FF40040E5
:10941000A2E0534BD3F8000310F0807000F09C8062
:109420004F4BD3F8043313F0807000F0958013F0A5
:10943000070FD9D003F00703013BDBB24A48D840FD
:1094400086E0474BD3F8000310F0807000F0848072
:10945000434BD3F8043313F080607DD01A0C13F41F
:10946000E02FC5D002F00703013BDBB23E48D840F5
:109470006EE03B4BD3F8000310F080706CD0384B9B
:10948000D3F8043313F0007066D01A0A13F4E06FB7
:10949000ACD002F00703013BDBB23348D84057E0C1
:1094A0002F4BD3F8000110F0807055D02C4BD3F81F
:1094B000043113F080704FD013F0070F9AD003F0EF
:1094C0000703013BDBB22948D84041E0244BD3F8E5
:1094D000000110F080703FD0214BD3F8042112F02E
:1094E000806039D0130C12F4E02F87D003F007030B
:1094F000013BDBB21D48D8402AE0194BD3F80001EC
:1095000010F0807028D0164BD3F8043113F000709F
:1095100022D01A0A13F4E06F3FF46EAF02F0070393
:10952000013BDBB21148D84012E0104A0C4B1869DD
:1095300019691B69C0F303400130B2FBF0F05CB164
:10954000012C3FF4CBAE03F00F030133B0FBF3F07B
:10955000B0F1FF3F08BF002010BD034AE6E700BF9F
:1095600000400640001BB70000D8B8050024F400F6
:10957000044A136A000600F0706023F07063184319
:1095800010627047004006400B4BD3F8003313F0D5
:10959000807F01D11F280CD0074A136A23F0404373
:1095A0001362116A012303FA00F0084310620020DD
:1095B00070470120704700BF00400640214BD3F8A0
:1095C000003113F0807F01D1012839D01D4BD3F831
:1095D000003313F0807F01D103282BD0194BD3F82F
:1095E000003613F0807F01D1062825D0154B1B696A
:1095F000C3F30363984221D010B4124C6169020690
:1096000002F0706221F070610A4362610E4A05E067
:10961000013A0DD00B4B1B69C3F303630949096978
:109620000029F5DA8342F3D100205DF8044B70473E
:109630000020FAE7012070470120704700207047A2
:10964000704700BF00400640A186010070B5044687
:109650004078FFF7B3FF0546002836D16378012B29
:1096600003D0032B63D0062B23D02379E2789342D7
:1096700071D03B4A516963781B0603F0706321F097
:1096800070610B43536113691269002A29DBC3F32C
:1096900003636078334A984208D002B3013A3049F4
:1096A0000B69C3F3036309690029F4DACAB9022517
:1096B0000BE00720FFF7C2F823795A1CB0FBF2F049
:1096C000E2782949884202D90425284670BD511CF8
:1096D000B0FBF1F1A6780136B0FBF6F034E00225DC
:1096E000F3E763781B0603F07063E2781201D2B2ED
:1096F0001343A27802F00F0213432279120402F4FA
:109700007022134343F00043154A53611369002B41
:10971000DBDB144B013B124A1269002A03DB002BEE
:10972000F8D10225D1E7002B08BF0225CDE7237928
:109730005A1C0E48B0FBF2F0E278511CB0FBF1F17C
:10974000A6780136B0FBF6F0094EB142BCD8094903
:109750008842B9D88BE7002A8BD00425B5E700BF33
:1097600000400640A086010080D1F00800D8B8056E
:10977000C068780460343C0200B583B0134B93E8B2
:10978000030002AB03E90300114B1B69C3F303633E
:10979000032B05D00320FFF711FF01280CD040B99F
:1097A000FFF71AFDFFF7CEF9FFF7BAF8FFF7D4FA83
:1097B000002003B05DF804FB6846FFF7F7FA0228C3
:1097C000F7D00320FFF7FAFEE9E700BF70EB0000D7
:1097D00000400640214BD3F800230B6813F0010F23
:1097E00004D012F4803F1CBFCB6883601B4BD3F8BE
:1097F00000310A6812F0040F06D003F44033B3F5C9
:10980000803F04BF4B680360144BD3F800220B6801
:1098100013F0020F04D012F4803F1CBF8B6843602A
:109820000E4BD3F800340A6812F0080F06D003F488
:109830004033B3F5803F04BF0B69C360074BD3F8D7
:1098400000360A6812F0100F06D003F44033B3F567
:10985000803F04BF4B690361704700BF0040064072
:1098600010B40B494C6824F47F644C6043781B01AE
:10987000DBB28278120202F4E062134323434B60AE
:10988000027843EAC2234B605DF8044B704700BF87
:10989000008004400E490A6CC37922F0FF02134392
:1098A000027843EAC213427843EA8213827843EA99
:1098B0004213C27843EA0213027943EAC2034279AF
:1098C00043EA8203827943EA42030B64704700BF94
:1098D0000080044030B4134B1A69817804784078D2
:1098E0008B0003F00C03A501EDB22B4322F0FC0228
:1098F0001A43030103F030031343032909D023F073
:109900000303022909D143F00203064A136130BC64
:10991000704723F0030343F00103012CF3D0012827
:10992000F3D1F0E70080044010B421F00304134B9E
:1099300053F82000035901F00301032906D8DFE89A
:1099400001F002090F16D2B262F3070303515DF86A
:10995000044B704723F47F41120293B20B43F5E7A7
:1099600023F47F03120402F47F021343EEE723F093
:10997000FE43120602F0FE421343E7E7E0F1000067
:1099800008B50278054B53F82220136843F480434E
:109990001360436803B1984708BD00BFF0F10000B1
:1099A0002DE9F8438146B2B11F464D1E441E804644
:1099B000561E064405E015F8013F04F8013FB44285
:1099C00009D0C8F10102224412F03F0FF3D1002F59
:1099D000F1D0B847EFE74846BDE8F88308B5C0685E
:1099E000FAF7CCFC08BD38B5044685680079FEF767
:1099F00005FC28602946E068FAF7C8FAE0680279B1
:109A0000A169FAF7B5FB6269E1682069FAF71CFC05
:109A1000E068FAF793FC38BD10B5044601460A4BDE
:109A20001868F7F751FA034640B12146064B586AC9
:109A3000F7F74AFA08B1002010BD012303EBC30376
:109A4000014800EB8300F7E7600000200178034A3B
:109A500052F82130013342F821307047308A00201B
:109A60007047704770477047704700002DE9F04716
:109A70000F468868B0F5D86F0BD01B4B0024A6B2F8
:109A80009A6890420DD0013424330B2CF7D1BDE8F5
:109A9000F08701F11000F7F7DBFC0120F7F7E4FC99
:109AA000F5E7DFF8449004EBC40809EB88080023CD
:109AB000FA6807F11001D8F81400FFF771FFD8F821
:109AC00018200023138088F81E30FB6888F81230B5
:109AD0000A2EDCD8A4B204EBC404034800EB8400D3
:109AE000F7F7C8FCD3E700BF1001002008B58B686A
:109AF000B3F5807F00D008BD4A7C0B7C03EB0223CA
:109B0000024A138002F04AFAF5E700BF5896002097
:109B1000F8B50C4600230B70404B185CFEF76EFB4B
:109B20000346257E002D51D03D4AA2FB0012D20CE7
:109B30003C4901FB1202002A6CD13B49104603E06C
:109B400001301C3105281CD051F8045C9D42F7D12E
:109B50000E68364DAE42F3D1354DC0EBC00105EB7A
:109B600081018E686660CE68A6600E69E66049690C
:109B70002161C0EBC00005EB8000816961612D4966
:109B800005E0012047E001321C31142A1CD051F8B5
:109B9000040C9842F7D10D6822488542F3D126493A
:109BA000C2EBC20301EB83039868E061D8682062CE
:109BB000186960625B69A362C2EBC20201EB8202B8
:109BC0009369E362002026E0012024E0144AA2FB0E
:109BD0000012520C154901FB1202EAB9144A02F1B3
:109BE0008C07012002E01C32BA4214D0116899425D
:109BF000F9D1DFF838C051686145F4D191686160EE
:109C0000D168A1601169E160516921619169616167
:109C10002846E8E70120F8BD0120FCE7DCF400005D
:109C200083DE1B4380841E0054F4000020A1070043
:109C300050F4000024F2000020F2000070B5D6B00D
:109C400004460378012B03D0022B78D056B070BDA8
:109C500000238DF8CC308DF8CD3034933593369386
:109C6000379338933A933B933C933D933E938DF8CF
:109C7000FC308DF8FD308DF800318DF801318DF814
:109C800004318DF805318DF806318DF807318DF8E6
:109C9000083143938DF810318DF811318DF8123160
:109CA0008DF813318DF814318DF8153140228DF86F
:109CB00016218DF8173146938DF8283101208DF843
:109CC00024018DF825018DF826018DF82701584BC8
:109CD0005A788DF801201A788DF800209A7B8DF83B
:109CE0000E201A6904925A6905925A7B8DF80D204C
:109CF0001A7B8DF80C209A7E8DF81A20DA6907926B
:109D00001A6A08925A7E8DF819201B7E8DF8183039
:109D1000CDF820D103238DF81D318DF8E400082300
:109D20008DF81C3133A9FFF7F3FE00288ED133A93B
:109D30002046FCF789FC2046FDF7BEFA86E70023A3
:109D40008DF8CC308DF8CD303493359336933793EE
:109D500038938DF8E4303A933B933C933D933E9394
:109D60008DF8FC308DF8FD308DF800318DF8013123
:109D70008DF804318DF805318DF806318DF80731F5
:109D80008DF8083143938DF810318DF811318DF82D
:109D900012318DF813318DF814318DF815314022C0
:109DA0008DF816218DF8173146938DF8283101234F
:109DB0008DF824318DF825318DF826318DF8273135
:109DC0001C4A6B4612AE1946104605780D70457850
:109DD0004D700C300C31B142F7D103F1840092F890
:109DE0004A1083F84A10D16CD964116D196592F844
:109DF000491083F8491092F8481083F848100C3243
:109E00000C338342EBD1CDF820D111238DF81D31D5
:109E100033A90220FFF77CFE00287FF417AF33A997
:109E20002046FCF711FC2046FDF746FA0EE700BF7E
:109E3000A4030020C803002082B0F0B595B004460A
:109E40000E461AA981E80C009DF868705022002186
:109E5000684604F03DFE0823039300238DF801308B
:109E60008DF802308DF809308DF80830134B03F16E
:109E70009000FF255A68A24208BF1D7A183383421A
:109E8000F8D1FF2D10D08DF8005001940023082246
:109E9000314604A8FFF784FD094B1B78BB4203D071
:109EA000084B1B78BB4204D015B0BDE8F04002B0AF
:109EB000704769460348FDF761FAF5E79C02002008
:109EC0002C0300206803002008B50348FFF7B6FE06
:109ED0000248FFF7B3FE08BD2C03002068030020F2
:109EE00038B5094C04F5C67509E06269617FA06860
:109EF00001F066FB002323772434AC4203D0237F98
:109F0000002BF9D0F1E738BD1001002070477047F1
:109F100000B583B000238DF807308DF800300122A2
:109F20008DF801208DF802308DF803308DF8043063
:109F30008DF805208DF806206846FFF7ABFC03B0CE
:109F40005DF804FB30B595B0224C11AB94E80700E6
:109F500003C31A7011A8FEF733FE00238DF84030BA
:109F600010A8FEF7C7FE0DAB04F10C0207CA03C32D
:109F70001A700DA8FEF7FEFC0AAB04F1180207CA1E
:109F800003C31A800AA8FEF7F9FFA16A606A089065
:109F90008DF8241008A8FFF759FB06AB216BE06A87
:109FA00083E803001846FEF701FF1F20FFF7ECFAD5
:109FB0000120FFF7DDFA6D4634340FCC0FC594E86D
:109FC000030085E8030069460348FFF703FC15B06A
:109FD00030BD00BF78EB00003495002038B5054C4B
:109FE00004F158052046FEF74BF90434AC42F9D190
:109FF00038BD00BFE0F4000000B583B0FFF7BCFB44
:10A00000FFF7A0FFFFF7EAFF0E4BDB6CADF8043063
:10A010001B0C8DF80630FFF77BFF01A8FFF75AFCF9
:10A0200003238DF8063001238DF8043000238DF8CA
:10A03000053001A8FFF714FCFFF76AFF03B05DF8D5
:10A0400004FB00BF78EB000010B5044C0449204627
:10A05000FAF75CFA034B5C605C6110BD4895002028
:10A0600038F50000D095002010B5044C2046FAF7D2
:10A070000BFF04F11000FAF707FF10BDD095002088
:10A08000A14B1B78012B00D0704710B584B09F4BBB
:10A0900093F82140B4E09D4B93F820300A2B21D057
:10A0A0000B2B43D0092B01D00323B8E0974B9848E2
:10A0B00002681A6042685A6000230361FCF74FF996
:10A0C00010F0FF0F40F01781924B1B681B6E0120B0
:10A0D00098478F4B4FF400625A608C4B0A2283F8EA
:10A0E00020208DE08A4B1868A0F18873B3F5003FFB
:10A0F00001D3032382E00021FCF78CF96946844BED
:10A100001868FCF7C9F972B6824B1B689B686846F1
:10A11000984762B628B97D4B0B2283F82020042390
:10A120006CE07B4B1A681A61032367E0FCF712F9B5
:10A13000794C784B1B689B6B9847B0F5006F40F0EB
:10A14000EF80013CF5D1724B1A681A61032366E077
:10A150006F4BDB6803B198476D4A136803F50063E2
:10A1600013606A490A6849680A44934280F0C580CE
:10A17000664B0A2283F82020A9E0644B64480268F9
:10A180001A6042685A6000230361FCF715F910F069
:10A19000FF0F40F0B4805F4B1B681B6E0120984797
:10A1A0005A4A136803F07F03536151680B44D3602C
:10A1B00013F07F0118BF012101EBD311D161544984
:10A1C00089689160136100239361072382F820302E
:10A1D00016E04E4A536951681944802994BFC3EB75
:10A1E0000103C3F1800313611068494A1060536092
:10A1F000A0F18873B3F5003F1CD30323042B0ED1C9
:10A200000D2C3FF448AF0E2C6ED1404B93F820300C
:10A21000072BDED0082B39D0062BAED003233F4AC4
:10A220001370052B56D0022B58D1374B00221A70D1
:10A2300004B010BD0021FCF7EDF8354B1A68009210
:10A240005B689B080193314B9A680292012103914C
:10A2500019691868084418600A449A605A68521AC2
:10A260005A6000225A6172B62A4B1B689B69684685
:10A27000984762B628B9254B082283F8202004238A
:10A28000BCE7234B1A681A610323B7E7FCF762F8AF
:10A2900042F210741F4B1B689B6B9847B0F5006F20
:10A2A0004CD1013CF6D11A4B1A681A610323B6E768
:10A2B000174BDB6803B19847144A936901339361E4
:10A2C000D26993421DD2114B072283F82020134BF1
:10A2D00005221A700C4B01221A70A9E7032B06D035
:10A2E000094B00221A70A3E70C4B03221A70064B8D
:10A2F00000221A709CE7032391E702238FE70323D0
:10A300008DE702238BE700BF248F0020008F002001
:10A31000C88E002094040020A0860100980400202C
:10A32000FCF718F80C4B1B68DB68984700283FF4D3
:10A330000FAF0A4B1A681A61032370E7FCF70AF89B
:10A34000054B1B68DB6998470028B1D0034B1A689E
:10A350001A61032363E700BF94040020C88E002025
:10A36000074B1B785BB9074B186059600022DA6015
:10A37000054B092283F820200D2283F82120704705
:10A38000248F0020C88E0020008F0020084B1B78EF
:10A3900063B9084B186059609A600022DA60064B76
:10A3A000062283F820200E2283F82120704700BF68
:10A3B000248F0020C88E0020008F0020014B1878C9
:10A3C000704700BF248F0020014B01221A70704794
:10A3D000248F0020014B00221A707047248F002028
:10A3E000014B1878704700BF9804002070470000A8
:10A3F000034B1A78034B53F8223001225A607047FE
:10A40000F095002044F500007047000008B50248B0
:10A41000FDF70EFE08BD00BFF095002008B502480C
:10A42000FDF752FE08BD00BFF095002008B50248B8
:10A43000FDF738FE08BD00BFF095002030B58BB0A9
:10A44000044602A8FDF770FB63685A788DF809206E
:10A450009A788DF808205A6805929A6808921B78B5
:10A46000084D2B7002A92846FDF782FA63681A6925
:10A470000192DB68009369462846FDF767FB0BB045
:10A4800030BD00BFF095002000487047B0040020A8
:10A4900010B584B0436801EB810403EB84031A61B7
:10A4A000436803EB8400007B8DF80000019203EB0E
:10A4B00084014B69029301238DF80C3069460248F0
:10A4C000FDF754FB04B010BD0C96002038B50546CE
:10A4D0000C4601220348FDF78BFB6B68C3F8024072
:10A4E00038BD00BF0C96002008B50248FDF7ECFD12
:10A4F00008BD00BF0C96002008B50248FDF7D2FD4C
:10A5000008BD00BF0C96002070B58CB00646002434
:10A51000009401940294039404A8FDF705FB73686A
:10A520005A788DF810201B78124D2B7004A92846FC
:10A53000FDF71EFA7368D3F8022000929A798DF81D
:10A540000420D3F807200292DA7A8DF805200C3324
:10A55000039369462846FDF769FB1E220721204622
:10A56000FFF7E2F94FF480712846FDF769FD0CB062
:10A5700070BD00BF0C9600200048704718050020F1
:10A5800030B589B000230593069307930C4C04F172
:10A590007805636803930123049300238DF8143036
:10A5A000237A8DF8153014F80C3B8DF8043003A98C
:10A5B00001A8FDF7E5FEAC42EBD109B030BD00BF0C
:10A5C0003805002070B588B00023059306930793E3
:10A5D0000D4C0E4D04F1280654F8043B039301235F
:10A5E00004938DF8143000228DF816208DF8173062
:10A5F00015F8013B8DF8043003A901A8FDF7C0FE52
:10A60000B442E9D108B070BDD0050020F8050020A3
:10A61000F0B589B000230593069307930B4C0C4EBD
:10A620000C4D04F1280754F8043B039356F8043BFF
:10A63000049315F8013B8DF8043003A901A8FDF738
:10A640009FFEBC42EFD1002009B0F0BD84F50000B0
:10A65000ACF5000064F5000070B588B000230493E9
:10A660000593032802D9012008B070BD0446294B88
:10A6700053F820300193284B53F8203002930025E3
:10A680008DF80C508DF80E5001268DF80F608DF866
:10A690000D50224B1B5C8DF8183001A906A8FDF760
:10A6A0006FFE1F4B53F8243001931E4B53F8243098
:10A6B00002931D4B1B5D8DF8183001A906A8FDF70C
:10A6C0005FFE1A4B53F824300193194B53F8243092
:10A6D0000293184B1B5D8DF8183001A906A8FDF7F1
:10A6E0004FFE154B53F824300193144B53F824308C
:10A6F00002938DF80C608DF80E608DF80F60104B92
:10A700001B5D8DF8183001A906A8FDF739FE284613
:10A71000AAE700BF2CF600003CF600007CF5000024
:10A72000ECF50000FCF5000074F500004CF60000AC
:10A730005CF6000080F500000CF600001CF600003E
:10A7400078F5000000B589B0002304930593022832
:10A7500002D909B05DF804FB0D4B53F8203001938A
:10A760000C4B53F82030029300228DF80C2001236B
:10A770008DF80D308DF80E208DF80F30064B1B5CD8
:10A780008DF8183001A906A8FDF7FAFDE1E700BF32
:10A79000D4F50000E0F5000070F500002DE9F0416F
:10A7A00088B000240394049405944FF480560196D5
:10A7B0004FF00408CDF8088001258DF80C508DF875
:10A7C0000E408DF80F508DF818500DEB080106A8BB
:10A7D000FDF7D6FD4FF400570197CDF808808DF8AE
:10A7E0000C408DF80D508DF818500DEB080106A89F
:10A7F000FDF7C6FD0196032602968DF80C508DF8E4
:10A800000E408DF80F508DF818400DEB080106A88A
:10A81000FDF7B6FD019702968DF80C408DF80D50AE
:10A820008DF818400DEB080106A8FDF7A9FD08B04A
:10A83000BDE8F08110B42B4B4FF080621A604FF0EE
:10A8400000621A604FF080521A602748421E07309B
:10A8500001E082420DD012F9013F002BF9DB5C09C7
:10A8600003F01F03012101FA03F31E4941F82430CC
:10A87000EFE71C4B04229A604FF480325A604FF489
:10A8800080225A604FF400225A604FF480125A60BE
:10A8900008229A604FF400625A6001225A60022234
:10A8A0005A60124B1B78124AD356002B08DB590909
:10A8B00003F01F03012202FA03F30A4A42F821308F
:10A8C0000C4B1B780A4AD356002B08DB590903F0BE
:10A8D0001F03012202FA03F3024A42F821305DF815
:10A8E000044B704700E100E074F600002C030020E8
:10A8F0006CF600006803002008B50248F9F7A0FDD7
:10A9000008BD00BFD095002008B50248F9F798FDB2
:10A9100008BD00BFE095002008B50248FCF7CEFE58
:10A9200008BD00BF2C03002008B50248FCF7C6FE96
:10A9300008BD00BF6803002008B50248FDF7A2FD6E
:10A9400008BD00BF288F002008B50248FDF79AFD1A
:10A9500008BD00BFB005002008B50248FDF792FD14
:10A9600008BD00BFB805002008B50248FDF78AFD04
:10A9700008BD00BFC005002008B50248FDF782FDF4
:10A9800008BD00BFC805002008B50248FDF7A8FBB8
:10A9900008BD00BFF095002008B50248FDF7A0FBF8
:10A9A00008BD00BF0C96002008B50248FEF7E8FF7E
:10A9B00008BD00BF5096002008B50248FEF7E0FF32
:10A9C00008BD00BF5096002008B50248FDF7F6FE0E
:10A9D00008BD00BF3C96002008B50248F9F7D8FC36
:10A9E00008BD00BF8493002008B50248FDF76CFD48
:10A9F00008BD00BF2896002008B50248FDF764FD99
:10AA000008BD00BF2896002010B4154B1B78154ACE
:10AA10001268154C2188194489B2B1FBF2F002FB8F
:10AA200010112180114C2188194489B2B1FBF2F038
:10AA300002FB101121800E4C2188194489B2B1FB10
:10AA4000F2F002FB101121800A4801880B449BB2EE
:10AA5000B3FBF2F102FB113303805DF8044B704746
:10AA6000100600200C06002002060020040600202C
:10AA7000060600200806002030B587B0194C0125D5
:10AA8000257001A8FDF7ACFD00238DF804300322EA
:10AA90008DF805208DF806308DF807308DF80830D8
:10AAA0008DF809308DF80A308DF80B504FF4B473DF
:10AAB000ADF80E300C4B059301A92046FDF7A2FD21
:10AAC0002046FDF759FE4FF4FA612046FDF740FE9F
:10AAD000052206492046FDF7FBFD2046FDF740FE16
:10AAE00007B030BD2896002009AA000014060020F7
:10AAF000F0B585B004460E4617461D4643681A78E1
:10AB000000210B4B542000FB0230FBF7FBFB08B18C
:10AB100005B0F0BD03970296ADF8045063681A784B
:10AB200001A9034B542000FB0230FBF791FAEFE739
:10AB30008C070020F0B585B004460E4617461D462A
:10AB400043681A7800210C4B542000FB0230FBF7BD
:10AB5000D9FB08B105B0F0BD02970196ADF80050E1
:10AB60000A9B039363681A786946034B542000FBE1
:10AB70000230FBF791FAEDE78C07002010B592B098
:10AB800004463822002104A803F0A2FF0E20FEF79D
:10AB900051FB059063681A7A8DF820205A7A8DF857
:10ABA00021209A7A8DF822209A7B8DF82320DA7B57
:10ABB0008DF824201A7C8DF825205A6807929A89EE
:10ABC000ADF810205A7C8DF82620DA6911921A6AA5
:10ABD0001092DA6912788DF83C201A6A12788DF892
:10ABE0003D205A690B921A7E8DF827205A7E8DF8E7
:10ABF00028209A7E8DF829201A6B06921A7804A9CB
:10AC00000C4B542000FB0230FAF7E4FF08B112B0FD
:10AC100010BD63685A6A01929A6A0292DA6A0392D4
:10AC20001A7801A9034B542000FB0230FBF7B4F95A
:10AC3000EDE700BF8C07002008B543681A780021B3
:10AC4000044B542000FB0230FBF75CFBB0FA80F0B1
:10AC5000400908BD8C07002070B50646094D002448
:10AC600031462868F6F730F928B101341835042C3C
:10AC7000F6D1002070BD04EB4404024800EBC40090
:10AC8000F8E700BFDC08002008B50248FBF74EFBE0
:10AC900008BD00BF8C07002008B50248FBF746FB43
:10ACA00008BD00BFE007002008B50248FBF73EFBE7
:10ACB00008BD00BF3408002008B50248F9F7C0FB02
:10ACC00008BD00BF0C07002008B50248F9F7B8FB23
:10ACD00008BD00BF1C07002008B50248F9F7B0FB0B
:10ACE00008BD00BF2C07002008B50248F9F7A8FBF3
:10ACF00008BD00BF3C07002008B50248F9F7A0FBDB
:10AD000008BD00BF4C07002008B50248F9F798FBC2
:10AD100008BD00BF5C07002008B50248F9F76EFBCC
:10AD200008BD00BF489500207047000008B5034BE0
:10AD30001968586800F03CFF08BD00BF588F00201C
:10AD4000012806D808B5034B53F82000036A98473A
:10AD500008BD7047808F002010B5FFF759FC1448DC
:10AD6000FEF75AFE134C20601348FEF755FE606054
:10AD7000206850B143690122DA7043690F4A5A6072
:10AD800043690F4A9A60C36998470A4B586870B183
:10AD900043690122DA7043690A4A5A6043690A4AE0
:10ADA0009A60C3699847034B5868036A984710BD77
:10ADB000F8F10000808F002000F20000308F0020AA
:10ADC00029AD0000588F00202DAD000010B4104AAE
:10ADD000104902F1140452F8040B41F2883303FBCA
:10ADE00000F31B0B41F8043BA242F4D10A4A0B4981
:10ADF00002F1140452F8040B41F2883303FB00F310
:10AE00001B0B41F8043BA242F4D15DF8044B7047A0
:10AE1000308F0020448F0020588F00206C8F00203E
:10AE200008B5FFF7D3FF0020FFF78AFF08BD000039
:10AE300008B50748FFF728FB064B18600028FDD02F
:10AE4000C3689847034B1B681B69984708BD00BF40
:10AE50003CF50000888F002008B50548FFF714FB7B
:10AE6000044B18600028FDD08369984708BD00BFD7
:10AE70003CF50000888F002008B50548FFF704FB6B
:10AE8000044B18600028FDD0C369984708BD00BF77
:10AE90003CF50000888F002010B51348FFF76CFBCD
:10AEA000124B18600028FDD00024104B1B689B68D3
:10AEB000E0B298470134032CF7D10C4C2068C368EA
:10AEC000984723681B6998472068836900221146C8
:10AED0009847206883690022012198472068836988
:10AEE00000220221984710BD5CF500008C8F0020E5
:10AEF000014B1878704700BF3C090020014B1878BF
:10AF0000704700BF3D090020014B1878704700BF13
:10AF10003E090020014B1878704700BF3F09002010
:10AF20002DE9F041074600F0B9FBB84240F2FB8042
:10AF300007EB87037F4A02EB83031B79002B40F06A
:10AF4000858007EB870302EB83035B79012B69D0D4
:10AF500007EB8703774A02EB83031A69D2ED007A85
:10AF600093ED037A77EEC77AD3ED026A87EEA67A7D
:10AF7000FDEEC77A17EE906A6E4B07EB870203EB84
:10AF80008201B1F802C013F82230DC0803F0070395
:10AF9000694A02F1900000255168614508BF1569B2
:10AFA00018329042F8D1002D00F0C080614907EBC3
:10AFB000870201EB8202527807EB870001EB8000E9
:10AFC0008079012800F08B80C2F12000C0B2002AF5
:10AFD00000F0AE80591C96468A42A8BF8E465FFAA2
:10AFE0008EF7564B53F82EC0A1EB0E01C0F1200393
:10AFF000A3EB0E0326FA03F303EA0C038B400CFACF
:10B0000001F115F804C02CEA01010B432B55013462
:10B01000E4B23844C0B2D21B072312F0FF02D9D1E8
:10B02000012081E007EB870302EB83031A69D2ED6D
:10B03000007A93ED037A77EEC77AD3ED026A87EE52
:10B04000A67AFCEEC77A17EE906A95E707EB8703BE
:10B05000384A02EB83035B78082B16D807EB87038B
:10B0600002EB83035B79012B08D007EB8703314A9E
:10B0700002EB83031B6993F900607DE707EB87030D
:10B0800002EB83031B691E7876E7102B17D807EBBA
:10B090008703284A02EB83035B79012B08D007EB77
:10B0A0008703244A02EB83031B69B3F9006063E75B
:10B0B00007EB870302EB83031B691E885CE707EB42
:10B0C00087031C4A02EB83035B79012B07EB8703A1
:10B0D00018BF184A02EB83031B691E684CE71AB3BA
:10B0E0004FF0000EC3F108019142A8BF1146C9B24A
:10B0F000124F57F8218008FA03FC2F5D27EA0C074E
:10B1000026FA0EFC0CEA080C0CFA03F33B432B5511
:10B110000134E4B28E445FFA8EFE521A002312F01C
:10B12000FF02DFD100E00020BDE8F0810020FBE756
:10B130000120F9E734F700009C020020B0F600007F
:10B1400010B500F0ABFA174A136801331360164AC2
:10B150005289C2B1B3FBF2F102FB11339BB9134B1D
:10B1600001221A7038242046FFF7DAFE0134A4B217
:10B170004A2CF8D10C4B1969988AF6F799F90B4BC0
:10B1800000221A7003E0094B1B78012BEAD0054B13
:10B190001A6842F20F739A4202D9024B00221A60D7
:10B1A00010BD00BF908F00209C020020988F0020CF
:10B1B000F0B4694B00EB800203EB8204647813F86F
:10B1C0002230DE0803F007035A1C94423DDC121BB8
:10B1D0008B5D624951F8241091400B4023FA02F232
:10B1E000D3B200EB80025C4901EB82025279002A63
:10B1F00043D1621E43FA02F212F0FF0F00F08A8080
:10B20000564A52F8242063EA0203DBB200EB8002C4
:10B2100001EB82021279002A40F085804E4A00EB51
:10B22000800102EB81010C695BB207EE903AF8EE07
:10B23000E77A91ED027A67EE877A91ED037A77EEFD
:10B24000877AC4ED007AF0BC7047651EEB1A03F0F4
:10B25000FF05DFF808C15CF822208B5D1340AB408E
:10B26000C5F1080701368A5D5CF82510B9400A402F
:10B27000FA4052FA83F3DBB2B3E700EB8001364CBD
:10B2800004EB81010979A9B9012AC7D100EB80013A
:10B2900004EB81010C6907EE903AF8EE677A91EDC4
:10B2A000027A67EE877A91ED037A77EE877AC4EDBA
:10B2B000007AC8E7012A36D100EB8002264901EB6B
:10B2C0008202D2ED037ABDEEE77A17EE102A13441C
:10B2D0009AB21BB2FF2B06DD00EB800001EB800071
:10B2E00003691A80AFE7002B0CDBF5EEC07AF1EEB4
:10B2F00010FA07D400EB8000174B03EB80000369C2
:10B300001A70A0E700EB8000134A02EB800002698C
:10B31000138098E700EB80020F4901EB820212795B
:10B32000002A3FF47BAF0C4A00EB800102EB810165
:10B330000C695BB207EE903AF8EEE77A91ED027A8B
:10B3400067EE877A91ED037A77EE877AFDEEE77AFA
:10B3500017EE903A237076E734F70000B0F600005D
:10B36000F0B5464B00EB800203EB8204677813F8DC
:10B370002230002F42D0DE0803F00705BC4600242F
:10B380006A1C9445CCBF134663469C40D51A8A5D1F
:10B39000DFF8ECE05EF823E00EFA05FE02EA0E02AA
:10B3A000EA40D2B212FA84F294B2ACEB0303013653
:10B3B000F6B2072513F0FF0CE2D100EB80032F4A11
:10B3C00002EB83035B79DBB97B1E44FA03F39BB288
:10B3D0002BB12B4B53F8273064EA0304A4B200EBE3
:10B3E0008003264A02EB83031B7933B300EB800012
:10B3F000224B03EB800003691C8033E00024DCE770
:10B4000000EB80021D4901EB820212795ABB012B2D
:10B4100013D100EB800201EB8202116907EE904A22
:10B42000F8EE677A92ED027A67EE877A92ED037A08
:10B4300077EE877AC1ED007A14E0104B00EB8002C2
:10B4400003EB8202116924B207EE904AF8EEE77A24
:10B4500092ED027A67EE877A92ED037A77EE877A39
:10B46000C1ED007AF0BD012BC0D100EB8000034B91
:10B4700003EB800003691C80F4E700BF34F7000091
:10B48000B0F60000F0B54C4B00EB800203EB8204F9
:10B49000667813F82220002E4ED0D50802F007025D
:10B4A00037464FF0000E17E022460EFA04FE241B2A
:10B4B0004B5DDFF808C15CF822C00CFA04FC03EA1B
:10B4C0000C0323FA04F45EFA84FEBF1A0135EDB2D0
:10B4D000072217F0FF070FD0541CA742E4DC0EFA36
:10B4E00007F3E41B4A5D354951F82710A1400A4093
:10B4F00022FA04F453FA84FE00EB80022E4901EB99
:10B5000082025279DAB9721E3EFA02F304D02B4A53
:10B5100052F826206EEA020E00EB8002264901EB6B
:10B520008202127942B300EB8000234A02EB8000D2
:10B530000269C2F800E033E04FF0000EDCE700EBF8
:10B5400080011D4C04EB8101097951BB012A13D103
:10B5500000EB800104EB81010C6907EE90EAF8EE44
:10B56000677A91ED027A67EE877A91ED037A77EE4A
:10B57000877AC4ED007A13E00F4A00EB800102EBFA
:10B5800081010C6907EE90EAF8EEE77A91ED027A14
:10B5900067EE877A91ED037A77EE877AC4ED007AC9
:10B5A000F0BD012ABFD100EB8000034A02EB80000E
:10B5B0000269C2F800E0F3E734F70000B0F60000DB
:10B5C000F8B506460C4617460D4601EB81021D4BA9
:10B5D00003EB82035B88984219D0F8BD631CDBB291
:10B5E0000AE039462046FFF7E3FD03E039462046EE
:10B5F000FFF748FF631CDBB21D460134E4B203EBE6
:10B600008303104A02EB83035B88B342E5D105EB69
:10B6100085030C4A02EB83035A78531EDBB21F2BBF
:10B62000DCD805EB8505074B03EB8505AB79012BD2
:10B63000E0D0082AD5D9102AD8D839462046FFF7B5
:10B640008FFED7E734F7000008B50248F5F7D8FEBB
:10B6500008BD00BF948F002010B5054C2088F5F779
:10B66000D9FEA088F5F7E0FE0020F5F7E7FE10BD53
:10B67000588F002008B5FFF7E7FFFFF7EDFF08BD83
:10B6800008B5FEF72DFCFFF7F5FFFFF759FD08BDE4
:10B69000014B1888704700BF589600205F20704704
:10B6A00008B500F08AF800F04BF908BD08B5064B64
:10B6B0004FF47A721A8000F0BDF900F05DFA00F0E4
:10B6C00047FA00F033FA08BD4A09002008B50948D6
:10B6D000FFF7C2FA084B186050B14368074A5A6135
:10B6E0004268836810789847034B1868C368984786
:10B6F00008BD00BF90F60000309000200DB900009A
:10B7000030B583B004461346054A106828B1642258
:10B71000009205690A462146A84703B030BD00BF24
:10B7200030900020034B1860034B1960034B1A80C4
:10B73000704700BF38900020349000203C900020DB
:10B74000064B186848B110B54469054B1B88054A7B
:10B75000126805490968A04710BD70473090002065
:10B760003C900020349000203890002000B583B039
:10B770000023ADF8003060F07F008DF804008DF8F4
:10B7800005100122694601A8FFF7BAFF03B05DF872
:10B7900004FB10B582B00C460023ADF800308DF8E4
:10B7A00004008DF805300122694601A8FFF7A8FFC3
:10B7B0009DF80130237002B010BD7047074B03F1B4
:10B7C00038011A46002022F8020F8A42FAD10022DC
:10B7D00023F8022F8B42FAD1104670476E97002053
:10B7E00010B582B003240DF107017E20FFF7D1FFD1
:10B7F0009DF80730562B06D0631E13F0FF04F2D1DC
:10B80000012002B010BD0020FBE708B5FFF7D6FF0E
:10B8100008BD000030B583B000248DF807402146F4
:10B820000220FFF7A3FF21460220FFF79FFF6021C0
:10B830002020FFF79BFF04210620FFF797FF2146FA
:10B840000420FFF793FFA0212120FFF78FFF21465F
:10B850003D20FFF78BFFA8213E20FFF787FF9821AF
:10B860003F20FFF783FF05213C20FFF77FFF0DF10D
:10B8700007013920FFF78DFF9DF8071041F0800187
:10B880003920FFF773FF21462020FFF76FFF1E4C82
:10B8900004F13305A17A607AFFF768FF0334AC4204
:10B8A000F8D1FF214420FFF761FF03211720FFF7A4
:10B8B0005DFF01210720FFF759FF01210820FFF755
:10B8C00055FF43210C20FFF751FF00214620FFF7D1
:10B8D0004DFF00214720FFF749FF80213920FFF766
:10B8E00045FF21213420FFF741FF01212020FFF7F0
:10B8F0003DFF00214420FFF739FF05210420FFF719
:10B9000035FF03B030BD00BFE0FE0000704700000F
:10B9100010B5FFF7DBFE094C21460120FFF739FF88
:10B9200021460120FFF735FF0C210120FFF71EFF04
:10B930000C210120FFF71AFF10BD00BF409000202E
:10B9400070B501242F4B1C70FFF737FF2E4946209E
:10B95000FFF71FFF2D494720FFF71BFF2C4943200E
:10B96000FFF717FF40210220FFF700FFCC21204600
:10B97000FFF7FCFE0C212046FFF7F8FEFFF730FF33
:10B98000A0423BD055210320FFF7F0FE0C210120FF
:10B99000FFF7ECFE1F4C7E2324F8023B1E4A1F4893
:10B9A00002F13306137803705178417089B29578AB
:10B9B000012D07BF43EA012343F0800303EB01237A
:10B9C0009BB224F8023B03320330B242EAD1144B5B
:10B9D000144903F10A0013F8012B21F8022F8342C6
:10B9E000F9D1114B1A801C2210490A48FFF79AFE20
:10B9F000FFF7A6FE0E4B64221A7070BD014B0622A3
:10BA00001A70FAE73E9000204190002042900020FA
:10BA10003F90002050900020ACFE00008890002055
:10BA2000A0FE000072900020BC90002070970020C3
:10BA3000BE900020324B1B78012B02D0314A13708C
:10BA4000704710B5304B1B78FBB1FFF7DEFE2F4976
:10BA50000B7801332E4A82FB0302521002EB820262
:10BA60009B1ADBB20B702B490A880A2A38BF0A22BC
:10BA70000A3A92B20A8072B1D3B9274B5522DA71D1
:10BA800003229A7101221A720AE01F4B64221A7073
:10BA9000FFF756FFDBE7204BDA717E2199711A72AE
:10BAA0001E497E2321F8023B1B4B03F133040CE0BB
:10BAB000194B0022DA717E2199711A72F0E71A7817
:10BAC00021F8022B0333A3420BD09A78012AF6D136
:10BAD00000229A7058781A7842EA002242F08002D6
:10BAE000EEE70F4B0F4903F10A0013F8012B21F881
:10BAF000022F8342F9D10C4B1A80FFF721FE10BDB3
:10BB00003E90002048090020BE900020C0900020F8
:10BB1000676666664A0900208890002050900020E1
:10BB2000A0FE000072900020BC90002008B5074BDA
:10BB30001B78042B00D008BD00210220FFF716FE61
:10BB4000C0210120FFF712FEF5E700BF3E90002064
:10BB500008B5084B1B78022B00D008BDFFF75AFE32
:10BB600040210120FFF702FE40210120FFF7FEFDEA
:10BB7000F3E700BF3E90002008B50B4B1B78032B6A
:10BB800002D10A4B1B7803B108BDFFF743FE5521D4
:10BB90000320FFF7EBFD80210120FFF7E7FD034BBA
:10BBA00064221A70F0E700BF3E900020BF90002092
:10BBB00010B584B007EE100A07EE901A1B4BB8EED2
:10BBC000477A83ED007AF8EE677AC3ED017A184C74
:10BBD00004F110030FCB8DE80F0094E80F0000F084
:10BBE000D5F928B91149204600F082F904B010BDFA
:10BBF00010480E4A0E4B92ED007AD3ED007A37EEE4
:10BC0000677ADFED0D6A27EE267A80ED007AD2EDB5
:10BC1000017A93ED017A77EEC77A67EEA67AC0EDE6
:10BC2000017A064901F05CFCE0E700BFC8970020FC
:10BC3000A8970020B49A00208069823CD497002005
:10BC400068B110B5044649B16422F5F795F80023B0
:10BC5000E3612362A365E3650023236610BD70479B
:10BC600008B500F0D5F808BD70B59AB0002836D0F8
:10BC7000474B1B78012B11D003BB9FED460AB0EE5A
:10BC8000402AF0EE401A444B93ED001A434BD3ED9B
:10BC9000000A0021424801F040FE76E0DFED3D0A57
:10BCA000B0EE602AF0EE601AB0EE601A3D4B93EDF4
:10BCB000000A01213A4801F030FE66E09FED350AA6
:10BCC000394B93ED002A394BD3ED001AB0EE401AF0
:10BCD000F0EE400A0221324801F01FFE55E0304CE0
:10BCE00004F5C27664252A46314601A8F5F744F8E2
:10BCF00001A93046FFF7A4FF04F5F4762A46314641
:10BD000001A8F5F739F801A93046FFF799FF04F5C6
:10BD100013762A46314601A8F5F72EF801A93046D8
:10BD2000FFF78EFF002323626362A362E362236353
:10BD30006363A363E36323646364A364E3642365CD
:10BD40006365A365E3654FF07E522266C4F88C30CC
:10BD5000A366C4F89830C4F8A030C4F8A430144ADC
:10BD600013600025C4F8B452C4F8B852C4F8BC52E9
:10BD700004F5BA7204F5947104F1A80000F000FB18
:10BD800084F8DC52204601F0FFFD1AB070BD00BF00
:10BD90004C09002000000000C8900020C490002042
:10BDA000D4970020CC900020D4900020D090002088
:10BDB0006C9B002008B502F011F8012814BF002088
:10BDC000012008BD08B5024B187001F0F5FF08BD51
:10BDD0004C09002010B510EE104A044B83ED000A08
:10BDE00001F0E2FF024BC3F8C44210BDCC9000202A
:10BDF000D497002008B5044B83ED000A034BC3ED34
:10BE0000000A01F0E1FF08BDD0900020D49000208E
:10BE1000F0B5C9B0274E3446274D0FCD0FC495E875
:10BE20000F0084E80F008021244800F055F82449D1
:10BE3000304601F0BDFD304601F09AFF214F6C46BF
:10BE400007F108050FCD0FC40FCD0FC495E80F0003
:10BE500084E80F0097E80C0006F1A00106F16400E9
:10BE600001F0C5FD184C64252A4618492FA8F4F79F
:10BE700083FF2A46164916A8F4F77EFF582204F1DC
:10BE80000C016846F4F778FF94E80E00304601F0A4
:10BE900001FD06F5307001F077FF40F6B83106F588
:10BEA0002C7002F051F99FED0B0A01F07DFF49B0B3
:10BEB000F0BD00BFD497002030FF0000A8970020FD
:10BEC00020FF000050FF000050000100ECFF0000C8
:10BED00088FF0000000000000023036043608360CF
:10BEE0000023C36003614361038341830377704789
:10BEF00030B4D0ED037AF8EE677A91ED007A77EE00
:10BF0000877AFCEEE77A17EE904AC0ED037AD0ED1F
:10BF1000047AF8EE677A91ED017A77EE877AFCEE93
:10BF2000E77A17EE902AC0ED047AD0ED057AF8EEA4
:10BF3000677A91ED027A77EE877AFCEEE77AC0EDC8
:10BF4000057A018B013189B20183458B8D421BD863
:10BF500017EE903AB4FBF1F407EE904AF8EE677AE8
:10BF6000C0ED007AB2FBF1F207EE902AF8EE677AA4
:10BF7000C0ED017AB3FBF1F307EE903AF8EE677A81
:10BF8000C0ED027A0123037730BC704784B08DE89E
:10BF90000F009DF81C0004B07047000038B5FFF793
:10BFA00077FB0546FEF758FF0446FEF765FF094A92
:10BFB0001178094B23F83150117803EBC1035C6011
:10BFC0001378013303F00F031370044B01221A702E
:10BFD00038BD00BFDA900020C09A0020DB9000201E
:10BFE00008B5F7F7EBFE012800D008BD0220F7F7EF
:10BFF00083F80328F9D10E4BD3ED007A9FED0D7A2B
:10C00000F4EEC77AF1EE10FAEFDD9FED0B7AF4EE65
:10C01000C77AF1EE10FAE8D5084BC3ED007ADFEDF0
:10C02000086A87EEA67A074B83ED007ADDE700BF4A
:10C030007C890020D253FBC1D253FB41E890002001
:10C04000DB0F4940EC900020F8B52DED028B054642
:10C05000FEF702FF0446914B1B78002B00F0DE80B8
:10C060008F4B1B78013B03F00F038E4A02EBC30298
:10C070005268A2F5C362502A05D98A4A02EBC3026C
:10C080004FF4C8615160854A00211170854A02EB66
:10C09000C3025268002A00F0FA80824A32F9336003
:10C0A000814B1E8007EE906AB8EEE70ADFED7F7ADB
:10C0B00020EE270ADFED7E7AB4EEE70AF1EE10FA01
:10C0C00041DBF0EE407A9FED7A7A77EEC77AF4EEB4
:10C0D000C77AF1EE10FAF6DAF5EEC07AF1EE10FA60
:10C0E00008D59FED737A77EE877AF5EEC07AF1EE98
:10C0F00010FAF6D46C4BC3ED017A9A681A61DFED41
:10C100006C0A30EE000A02F0BBFBB5EEC00AF1EE9D
:10C1100010FA44BFDFED667A30EE270A624B83EDFA
:10C12000020A644A1388F31A63490B8016805C4B39
:10C130001B78013B03F00F035A4A32F93300002207
:10C140009446174603E0F0EE407AC5E708465549A5
:10C1500001EBC3014E68002E00F09C80013B03F010
:10C160000F03504901EBC3014968002900F0928098
:10C170004C4931F93310401A07FA80F7B4440132C0
:10C18000D2B20F2AE2D1BCF5A07F3DD307EE907A60
:10C19000F8EEE77A9FED457A67EE877A77EEA77A31
:10C1A00007EE10CAB8EE477A87EE878ADFED437A4A
:10C1B00088EE277ADFED3E7A87EE270AF6EE007AE0
:10C1C00020EE270ADFED3E7A20EE270ADFED3D7AEA
:10C1D00020EE270A3C4BD3ED017A9FED3C7A67EEC7
:10C1E000877A30EE270A83ED010A02F041FBF3EE75
:10C1F000047AB4EEE70AF1EE10FA02D5324B0022CF
:10C200001A70314B83ED028A2F4A92F90010264BA7
:10C2100083F82010916899615268DA61224B93ED9E
:10C22000027AD3ED066A04F5966307EE903AF8EECB
:10C23000677A67EEA67A77EE877A254B93ED007AD8
:10C2400077EE877A9FED1A7AF4EEC77AF1EE10FA5C
:10C2500008DB9FED177A77EEC77AF4EEC77AF1EE36
:10C2600010FAF6DAF5EEC07AF1EE10FA08D59FED85
:10C27000107A77EE877AF5EEC07AF1EE10FAF6D4FE
:10C28000094BC3ED037ADA686A60DB69AB60BDEC29
:10C29000028BF8BD002AB7D075E700BFDB90002005
:10C2A000DA900020C09A0020409B0020DB0FC938A4
:10C2B000DB0FC940F0900020D8900020BD37063435
:10C2C0000000704280C2753CDC900020F6287C3F64
:10C2D000E8900020044B1B78013B03F00F03034A56
:10C2E00032F93300704700BFDA900020C09A002076
:10C2F00010B5FFF7EFFF094C09490B88C31A1AB2B2
:10C3000023689B1A23600880064A82FB03121A44A2
:10C31000DB17C3EBE223044A138010BDF490002026
:10C32000F890002091000990FA90002010B5044682
:10C33000FFF7D0FF044B188040F6386303FB04F48A
:10C34000024B1C6010BD00BFF8900020F49000204C
:10C3500008B5F7F733FD012800D008BDF6F7CCFE8D
:10C360000328FAD1054B186800F2CF7240F69E738D
:10C370009A42F2D800B2FFF7D9FFEEE78489002095
:10C3800070B4054692B1134614780C7000224A60CE
:10C390008A60032C15D0042C2ED0012C45D0013CF2
:10C3A000032C22D8DFE804F0485815300C7800231D
:10C3B0004B608B602A4B01F10C060FCB86E80F0017
:10C3C000EDE75B689BB101F10C0493E8070084E89A
:10C3D000070000232B606B60AB60EB602B616B612F
:10C3E000AB61EB612B626B62AB6270BC7047002388
:10C3F000CB600B614B61ECE79B6893B101F10C02E0
:10C4000093E8030082E8030000232B606B60AB60BD
:10C41000EB602B616B61AB61EB612B626B62AB62BA
:10C42000E3E70023CB600B61EEE7DB686BB101F162
:10C430000C040FCB84E80F0000236B60AB602B6013
:10C44000EB602B616B61AB61CFE7054B01F10C0435
:10C450000FCB84E80F00EFE700232B606B60C4E78D
:10C46000B8080100000000002DE970432DED088B95
:10C4700015461C460E9E3378013B032B00F2DD86E9
:10C48000DFE813F06105D50604009A02F7EE007AA2
:10C4900095ED077AC7EE87AA95ED037A87EE879A1E
:10C4A000D5ED029A69EE299A95ED01AAD0ED006AC0
:10C4B00090ED01BAD1ED008A6AEE288A91ED018AE9
:10C4C0002AEE088AD6ED027A9FEDE77AF4EEC77A73
:10C4D000F1EE10FACEBF95ED067AD5ED067A9FED16
:10C4E000E27A67EE877A9FEDE17A67EE877AB0EEBF
:10C4F000087A67EE877A9FEDDE7AC7EE87BA94ED09
:10C50000057A69EE288A69EE877A78EEE78AD4EDB3
:10C51000067A69EE277A78EEE78A68EEAA8A78EEDC
:10C52000878AC4ED058A78EEE68AF5EEC08AF1EED8
:10C5300010FA40F3E38118EE900AF4F7DBF8C6A393
:10C54000D3E90023F4F7BEFB002800F0CE8184ED90
:10C5500006AAD4ED007AD4ED068A78EEE78A68EE72
:10C56000AB8A78EEA78AC4ED008AD4ED077A29EE6B
:10C57000088A69EEA79A38EE698A94ED087A29EE5E
:10C58000079A38EE499A69EE2AAA7AEEA7AAC4ED6C
:10C5900007AA3AEECBBAB5EEC0BAF1EE10FA40F304
:10C5A000D6811BEE100AF4F7A5F8ABA3D3E900235C
:10C5B000F4F788FB002800F0C18184ED08AA94ED0F
:10C5C000017AD4ED087A77EEC77A67EEABBA7BEEE4
:10C5D00087BAC4ED01BAD4ED097A9FEDA67AF4EEDC
:10C5E000C77AF1EE10FA08DB9FEDA27A77EEC77AF0
:10C5F000F4EEC77AF1EE10FAF6DAF5EEC07AF1EE63
:10C6000010FA08D59FED9B7A77EE877AF5EEC07A1F
:10C61000F1EE10FAF6D49FED987A67EE877AB5EED0
:10C62000007A37EE877AFDEEC76AB5EEC07AF1EE92
:10C6300010FA00F1AC81F8EEE66A37EE667A9FED0B
:10C640008F6A27EE067AFCEEC76A16EE903AC3F3BD
:10C65000080306EE903AF8EE666A37EE667AFDEE6B
:10C66000E76AF8EEE66A77EEE67A67EE867AFCEE3F
:10C67000E76A16EE902AC2F3080106EE901AF8EE69
:10C68000666A77EEE67A7E4A02EB8300F7EE006A8E
:10C6900036EEC76AD0ED005A26EE256AD0ED015A73
:10C6A00027EE257A36EE077A68EEC78A02EB810319
:10C6B00076EEE76A93ED007A66EE876A93ED017A8B
:10C6C00067EE877A76EEA77A67EEAB7A78EEE78A3E
:10C6D0006C4BC3ED008AD3ED007A6B4A11884B1C7A
:10C6E0009BB21380694A02EB81029FED697A67EE83
:10C6F000877AC2ED007A632B02D9634B00221A803D
:10C70000624B03F5C872DFED637AB3EC017A77EE22
:10C71000877A9A42F9D1604BD3ED006A93ED007AA3
:10C720009FED5E6AC7EE865A9FED596AC5EE867A1E
:10C7300077EEE67ADFED5A6A67EEA67A77EE877AC9
:10C74000C3ED007AD6ED047A68EEA78A94ED0A9AD2
:10C7500038EE899A01F04CFB30EE000A95ED068A1E
:10C7600020EE088ADFED417A28EE278AB4EEC89AD7
:10C77000F1EE10FA08DCB5EEC09AF1EE10FA9FED7A
:10C78000458A58BFB0EE498AD6ED057A68EEA78A89
:10C79000D4ED0A7A78EEA77A17EE900AF3F7AAFF9B
:10C7A0008046894678EE497A17EE900AF3F7A2FFA1
:10C7B0002BA3D3E90023F3F7F5FF02460B464046CF
:10C7C0004946F3F739FEF4F787FAA06284ED038A4D
:10C7D00094ED027A78EE477AD6ED036A67EEA67A90
:10C7E00077EE877AC4ED027A95ED077AF7EE006A64
:10C7F000C6EE877A67EE887A94ED098A38EE278A42
:10C8000084ED098AF0EE487A9FED1A7AB4EEC78A71
:10C81000F1EE10FA0ADB9FED177A77EEC77AF4EEA5
:10C82000C77AF1EE10FAF6DAC4ED097AD4ED097A96
:10C83000F5EEC07AF1EE10FA34D59FED0E7A77EE70
:10C84000877AF5EEC07AF1EE10FAF6D4C4ED097AE3
:10C8500028E000BFAFF300809A9999999999B93F60
:10C860009A9999999999C93F0000C8435077D63D44
:10C8700000409C46DB0FC94083F9223E0000004483
:10C88000B4000100649B00208C920020FC900020EA
:10C8900000007A4400000000689B00200000C842AD
:10C8A0000AD7233CC6ED017A94ED027AF3EE0E7AB4
:10C8B00067EE277A17EE900AF3F71CFF38A3D3E947
:10C8C0000023F4F799F880468946A869F3F712FF28
:10C8D00002460B4640464946F4F78EF8F4F7FCF959
:10C8E000B060BDEC088BBDE87083F2EE047A68EEB0
:10C8F000A78A68EE8A8AC4ED068A2AE6F5EEC08A1F
:10C90000F1EE10FA02D40023A36122E618EE900A99
:10C91000F3F7F0FE24A3D3E90023F4F7B5F920B12F
:10C92000F1EE4A7AC4ED067A13E6F2EE047A68EE86
:10C93000A78A68EE8A8AC4ED068A0AE6F2EE047ACD
:10C940002BEE27BA2BEE0AAA84ED08AA37E6B5EE3D
:10C95000C0BAF1EE10FA02D4002323622FE61BEED8
:10C96000100AF3F7C7FE10A3D3E90023F4F78CF9FC
:10C9700020B1B1EE4AAA84ED08AA20E6F2EE047ACC
:10C980002BEE27BA2BEE0AAA84ED08AA17E616EEBC
:10C99000903A013B06EE903A4DE600BFAFF30080BF
:10C9A000182D4454FB2109409A9999999999B9BF36
:10C9B0000000C84300007042D0ED00AAD0ED019AFB
:10C9C00095ED01AAD1ED008A6AEE288AD1ED017AAF
:10C9D0002AEE27AAD6ED027A1FED0B7AF4EEC77A7B
:10C9E000F1EE10FACEBF95ED067AD5ED067A1FED81
:10C9F000107A67EE877A5FED116A87EEA67A77EE96
:10CA0000077A17EE900AF3F775FEEFA3D3E9002338
:10CA1000F3F7C8FE0022EE4BF3F7C4FEE6A3D3E91A
:10CA20000023F3F7E9FFF4F757F909EE100AD4ED04
:10CA3000056AD5ED037A88EEA78A95ED027A26EE8F
:10CA4000877A87EE276A38EE468A94ED066A86EE84
:10CA5000277A38EE478A95ED077AB7EE006AC6EE78
:10CA6000077A28EE278A38EE268A84ED058A38EE82
:10CA70006A8AB5EEC08AF1EE10FA40F3EC8118EE46
:10CA8000100AF3F737FECEA3D3E90023F4F71AF91F
:10CA9000002800F0D5816B68A361D4ED007A94ED95
:10CAA000068A38EE678A28EE098A38EE278A84EDEE
:10CAB000008AD4ED076AD5ED037ACAEE278A95ED90
:10CAC000027A26EE877A87EE276A78EEC68A94ED98
:10CAD000086A86EE277A78EEC78A95ED077AB7EE70
:10CAE000006AC6EE077A68EEA78A78EEA68AC4EDD9
:10CAF000078A78EEE98AF5EEC08AF1EE10FA40F383
:10CB0000DA8118EE900AF3F7F5FDADA3D3E900231F
:10CB1000F4F7D8F8002800F0C3816B68236294ED25
:10CB2000017AD4ED087A77EEC77A27EE899A39EE42
:10CB3000079A84ED019A94ED096ADFEDAA7AB4EEC2
:10CB4000E76AF1EE10FAC0F2DA81F0EE467A9FED74
:10CB5000A57A77EEC77AF4EEC77AF1EE10FAF6DA34
:10CB6000F5EEC07AF1EE10FA08D59FED9E7A77EED9
:10CB7000877AF5EEC07AF1EE10FAF6D49FED957A49
:10CB800067EE877AB5EE007A37EE877AFDEEC76AF0
:10CB9000B5EEC07AF1EE10FA00F1B481F8EEE66A73
:10CBA00037EE667ADFED8C5A27EE257AFCEEC76AFF
:10CBB00016EE903AC3F3080306EE903AF8EE666A72
:10CBC00037EE667AFDEEE76AF8EEE66A77EEE67A29
:10CBD00067EEA57AFCEEE76A16EE902AC2F308012A
:10CBE00006EE901AF8EE666A77EEE67A7B4A02EB7A
:10CBF0008300F7EE006A76EEC75A90ED005A65EEB4
:10CC0000855A90ED015A27EE057A35EE877A28EE9F
:10CC1000478A02EB810376EEE76A93ED007A66EECF
:10CC2000876A93ED017A67EE877A76EEA77A67EEE8
:10CC3000897A38EE678AD6ED037AF0EE085A67EE05
:10CC4000A55A67EEE76A66EEA76A66EE886A95ED12
:10CC5000075A86EE857AD4ED0A6A37EE267A84ED95
:10CC60000A7A67EEA57A67EE887A77EE677A95EDAD
:10CC7000077AC7EE878AD4ED037A78EEA78AC4EDE7
:10CC8000038A28EE258A38EEC88A95ED077AC8EE21
:10CC9000077A37EE866A84ED096AF0EE467A9FEDF0
:10CCA000517AB4EEC76AF1EE10FA0ADB9FED4D7AC5
:10CCB00077EEC77AF4EEC77AF1EE10FAF6DAC4ED41
:10CCC000097AD4ED097AF5EEC07AF1EE10FA0AD5B8
:10CCD0009FED447A77EE877AF5EEC07AF1EE10FA9E
:10CCE000F6D4C4ED097A01F083F8B0EE408A18EE6C
:10CCF000900AF3F7FFFC8046894638EE088AD5EDA6
:10CD0000067A28EE278A78EE087A17EE900AF3F76B
:10CD1000F1FC2DA3D3E90023F3F744FD0022304BAF
:10CD2000F3F76AFE02460B4640464946F3F7CAFF50
:10CD3000002840F0ED80D4ED037AF5EEC07AF1EEF4
:10CD400010FA44BF0023E36094ED027AD4ED037A35
:10CD500077EEC77AD6ED046A67EEA67A77EE877A21
:10CD6000C4ED027A606AF3F7C5FC17A3D3E9002388
:10CD7000F3F762FBF3F7B0FF07EE100A206107EE4E
:10CD8000900ADFED186AB4EEE67AF1EE10FA0ADBEB
:10CD90009FED147A77EEC77AF4EEC77AF1EE10FAC7
:10CDA000F6DAC4ED047AD4ED047AF5EEC07AF1EE49
:10CDB00010FA24D518E000BF000000000088D3401E
:10CDC0009A9999999999B93F182D4454FB21094092
:10CDD0000000084083F9223E00000044B400010036
:10CDE00000004E40DB0FC9401FED027A77EE877AD4
:10CDF000F5EEC07AF1EE10FAF6D4C4ED047AC6ED81
:10CE0000017A94ED027AF3EE0E7A67EE277A17EE46
:10CE1000900AF3F76FFC0FF25C43D3E90023F3F7BA
:10CE2000EBFD80468946A869F3F764FC02460B4691
:10CE300040464946F3F7E0FDF3F74EFFB06050E59A
:10CE4000F2EE047A28EE278AD5ED017A28EE278AB9
:10CE500084ED068A21E6B5EEC08AF1EE10FA02D41E
:10CE60000023A36119E618EE100AF3F743FC0FF252
:10CE70000C43D3E90023F3F707FF30B1D5ED017A76
:10CE8000F1EE677AC4ED067A07E6F2EE047A28EE50
:10CE9000278AD5ED017A28EE278A84ED068AFCE5FB
:10CEA000F2EE047A68EEA78AD5ED017A68EEA78AD9
:10CEB000C4ED088A33E6F5EEC08AF1EE10FA02D42A
:10CEC000002323622BE618EE900AF3F713FCEBA382
:10CED000D3E90023F3F7D8FE30B1D5ED017AF1EEB6
:10CEE000677AC4ED087A1AE6F2EE047A68EEA78A49
:10CEF000D5ED017A68EEA78AC4ED088A0FE6F0EE58
:10CF0000467A2DE616EE903A013B06EE903A45E65B
:10CF100000F06EFF30EE000AD5ED067A20EE270A0B
:10CF200070EE007A17EE900AF3F7E4FBD1A3D3E991
:10CF30000023F3F737FC0022C34BF3F75DFDF3F753
:10CF4000CBFEE06000E7D0ED005A90ED015AD5ED40
:10CF5000017AD5ED022AD4ED053AD5ED036A25EE26
:10CF6000A64A33EEC44A94ED062A65EE266A72EEAE
:10CF7000664AD5ED056A66EEA66A24EE046A24EEDA
:10CF8000A47A36EE076A36EEC66A95ED077AF7EEB2
:10CF9000006A86EE873AD6ED036AB6EE007A66EE50
:10CFA000876A91ED017A27EE877A25EE225A37EECD
:10CFB000457A24EEA65A25EE065A37EE057A27EE74
:10CFC000037A37EE027A91ED005A67EE857A65EEC4
:10CFD000A25A77EEE57A64EE266A66EE866A77EE06
:10CFE000A67A67EE837A77EEA37AC4ED057A84EDAC
:10CFF000067AD5ED056AC4EE267A84EEA67AB5EEF9
:10D00000C07AF1EE10FA5EDDF0EE476AF5EEC07A16
:10D01000F1EE10FA5EDB37EEE66A77EEA67AC6EE40
:10D02000276A66EEA67A9FED896A67EE867A9FED9B
:10D03000886A77EEC67A67EEA67ADFED866A77EEC3
:10D04000A67AB5EEC07AF1EE10FA48BFF1EE677A33
:10D05000C4ED007A9FED807AF4EEC77AF1EE10FA13
:10D060000ADB9FED7D7A77EEC77AF4EEC77AF1EEB0
:10D0700010FAF6DAC4ED007AD4ED007AF5EEC07A53
:10D08000F1EE10FA0AD59FED747A77EE877AF5EE15
:10D09000C07AF1EE10FAF6D4C4ED007A94ED018A6C
:10D0A00037EEC88ADFED6D7AB4EEE78AF1EE10FA5A
:10D0B00027DCDFED6B7AB4EE678AF1EE10FA48BF39
:10D0C000B0EE678A1FE002D4DFED666A9EE7F1EEFC
:10D0D000476A9BE737EEA66A76EEE77AC6EE276ADE
:10D0E00066EEA67A9FED596A67EE867A9FED586ADA
:10D0F00077EEC67A67EEA67ADFED5B6A77EEA67A00
:10D100009FE79FED568AD6ED057A68EE277AD4ED33
:10D11000028A77EEA88A00F06BFE30EE000AD5EDA9
:10D12000067A20EE270A30EE000ADFED507A20EE74
:10D13000270ADFED4F7A80EE277AF4EEC78AF1EE08
:10D1400010FA08DCB1EE477AF4EEC78AF1EE10FA75
:10D1500058BFB0EE687AD6ED067A68EE277A95ED7C
:10D16000076AC7EE866AD4ED027A76EEA76A77EE92
:10D17000687A9FED3A6A67EE867A76EEA77AC4ED12
:10D18000027A84ED037AD4ED046A77EE667A96ED3E
:10D19000046A67EE867A77EEA67AC4ED047AD5ED56
:10D1A000076AB7EE006AC6EE267A67EE877A94EDD4
:10D1B000017A37EE277A84ED017AF0EE477ADFEDD7
:10D1C000266AB4EEE67AF1EE10FA0ADB9FED227AD7
:10D1D00077EEC77AF4EEC77AF1EE10FAF6DAC4ED1C
:10D1E000017AD4ED017AF5EEC07AF1EE10FA0AD5A3
:10D1F0009FED197A77EE877AF5EEC07AF1EE10FAA4
:10D20000F6D4C4ED017AC6ED017AD4ED047AB3EE1A
:10D210000E7A67EE877A9FED157AC7EE876A95EDED
:10D22000067AC6EE877AC6ED027AFFF75ABB236804
:10D2300073606368B360FFF754BB3046FEF704FFCA
:10D24000FFF74FBBAFF3008000004E40DE02493EC7
:10D25000B1507B3FDB0F493FDB0FC940CDCC4C3E8B
:10D26000CDCC4CBE08E53C1EE4CB1640DB0F49405C
:10D2700000007042182D4454FB2109409A99999955
:10D280009999B9BF38B52DED028B00F0A7FD0128A3
:10D2900002D0BDEC028B38BD00F0B8FD012862D091
:10D2A000022800F0DE800028F3D1DFED838A9FEDB5
:10D2B000838A8348A0F13404B0EE682AF0EE681A3D
:10D2C000B0EE481AF0EE480A90EDA70A00F084FC90
:10D2D000B0EE682AF0EE681AB0EE481AF0EE480A8E
:10D2E00004F1300094EDB30A00F076FC94ED0C7A72
:10D2F000D4ED107A77EE676A9FED726AF4EEC66A33
:10D30000F1EE10FA06DDF4EE486AF1EE10FA48BFCD
:10D31000F0EE477A6C4C84ED7F7AC4ED807A04F5A8
:10D32000F47000F0A9FD94ED0D7AD4ED117A77EE4A
:10D33000676A9FED646AF4EEC66AF1EE10FA08DDE2
:10D340009FED5E6AF4EE466AF1EE10FA48BFF0EE29
:10D35000477A5D4880ED987AC0ED997A00F51370B0
:10D3600000F08AFD95E7584B93F8DC32012B90D101
:10D37000DFED561A564D544CB0EE612AB0EE001A4D
:10D38000F0EE410A284694EDB10A00F025FCD4F8ED
:10D3900030312A68C4F89821C4F89C3104F5C27071
:10D3A00000F06AFD9FED448ADFED4A8AB0EE482A1C
:10D3B000F0EE481AB0EE681AF0EE680A04F1300098
:10D3C000B0EE480A00F008FCB0EE482AF0EE481A29
:10D3D000B0EE681AF0EE680A04F1340094ED690AC0
:10D3E00000F0FAFB94ED0C7AD4ED107A77EE676AD0
:10D3F0009FED346AF4EEC66AF1EE10FA08DD9FED97
:10D400002F6AF4EE466AF1EE10FA48BFF0EE477A62
:10D410002D4C84ED7F7AC4ED807A04F5F47000F031
:10D420002BFD94ED0D7AD4ED117A77EE676A9FEDBE
:10D43000256AF4EEC66AF1EE10FA08DD9FED1F6A68
:10D44000F4EE466AF1EE10FA48BFF0EE477A1E4855
:10D4500080ED987AC0ED997A00F5137000F00CFD1C
:10D4600017E7DFED158A9FED1C8A1C48A0F14804E0
:10D47000B0EE682AF0EE681AB0EE481AF0EE480AEC
:10D4800090EDA30A00F0A8FBB0EE682AF0EE681A4F
:10D49000B0EE481AF0EE480A04F14C0094EDB60ADA
:10D4A00000F09AFBA26C2265E36C6365C4F8082265
:10D4B000C4F86C32EDE600BF00000000CDCCCC3DDE
:10D4C00008980020CDCCCCBDD49700200000964316
:10D4D0006C9B00200AD7233C6F12833A1C980020D3
:10D4E00070B52DED028B82B005460C46FDF7C4FCED
:10D4F00095ED007A84ED087AD5ED017A77EEA77A7A
:10D5000077EE877ADFEDD76A67EEA67A77EEA77AAD
:10D51000B0EE086AC7EE866AC4ED096AD4ED187ADF
:10D52000D4ED175A27EE876A25EEA65A36EE056A1D
:10D5300084ED0E6A27EE657A67EEA67A37EE277AD3
:10D5400084ED0F7A04F1280504F59473009304F137
:10D55000A8032246294604F12000FEF785FF00F0CB
:10D560003DFC01280BD0FDF777FCC0EB401300EB2E
:10D570008300BD4B186002B0BDEC028B70BD00F0A3
:10D5800045FC012847D0D4F82C31A365D4ED107A9E
:10D5900094ED0E7A37EE677ADFEDB46A27EE267ADD
:10D5A00037EE277A84ED107A94ED117AD4ED0F7A64
:10D5B00077EEC77A67EEA67A77EE877AC4ED117AAE
:10D5C00094F8C832022B40F09280D4ED147A9FED8B
:10D5D000A77AF4EEC77AF1EE10FA08D59FEDA47A97
:10D5E000F4EEC77AF1EE10FAC4BF00232365D4ED40
:10D5F000157A9FED9E7AF4EEC77AF1EE10FA40F1BB
:10D600009F809FED9B7AF4EEC77AF1EE10FAC4BFCB
:10D610000023636594E094F8DC32002B63D1D4EDF1
:10D62000B17AF5EEC07AF1EE10FA04F1580204F185
:10D63000A001B7EE000AFFEE007AB8BFB0EE670AAD
:10D6400004F1640000F002FA01283CD094ED287A3D
:10D65000D4ED0E7A04F5F47077EE676A9FED856A73
:10D66000F4EEC66AF1EE10FA08DD9FED836AF4EE7F
:10D67000466AF1EE10FA48BFF0EE477A84ED7F7A01
:10D68000C4ED807A00F0F8FB94ED297AD4ED0F7A9E
:10D6900004F5137077EE676A9FED766AF4EEC66A5A
:10D6A000F1EE10FA08DD9FED746AF4EE466AF1EED1
:10D6B00010FA48BFF0EE477A84ED987AC4ED997A73
:10D6C00000F0DAFB62E70023C4F88C30C4F898302D
:10D6D000D4F83021694B1A60D4F82C31A3650123AA
:10D6E00084F8DC32B2E7D4F82C31A3654EE7DFEDE5
:10D6F000648A9FED648AB0EE682AF0EE681AB0EE94
:10D70000481AF0EE480A04F1480094ED820A00F04D
:10D7100063FAB0EE682AF0EE681AB0EE481AF0EE3E
:10D72000480A04F14C0094ED9B0A00F055FAA36CF2
:10D730002365E36C636594F8C832002B7FF445AF32
:10D7400094ED166ADFED507A66EE277AB5EE007A30
:10D7500037EE877AFDEEC76AB5EEC07AF1EE10FAC1
:10D7600073D4F8EEE66A37EE667ADFED486A27EEA4
:10D77000267AFCEEC76A16EE903AC3F3080306EE6B
:10D78000903AF8EE666A37EE667A414A02EB830118
:10D79000F7EE006A76EEC76AD1ED005A66EEA56A2A
:10D7A000D1ED015A27EE257A36EE877A84ED187A84
:10D7B000FDEEE76AB5EEC06AF1EE10FA4BD4F8EE72
:10D7C000E66A77EEE67ADFED316A67EEA67AFCEE7E
:10D7D000E76A16EE903AC3F3080306EE903AF8EEC5
:10D7E000666A77EEE67A2A4A02EB8301F7EE006A70
:10D7F00076EEE76A91ED006A66EE866A91ED016A5F
:10D8000067EE867A76EEA77AC4ED177AD4ED146ABD
:10D8100094ED156A66EE875A26EE275A75EEC55ABC
:10D82000C4ED0A5A66EEA77A26EE077A77EE877A73
:10D83000C4ED0B7A04F52C763146284600F08AFCBC
:10D840002146304600F0C4FD8DE616EE903A013BCD
:10D8500006EE903A85E716EE903A013B06EE903AD6
:10D86000ADE700BFD7B35D3F709B00200AD7233CD4
:10D870000AD723BCCDCCCCBDCDCCCC3D6C9B0020FD
:10D88000000000006F12833A83F9223E000000443A
:10D89000B400010084B010B5044603A880E80E006F
:10D8A00004F5C27000F0BCFA04F5137000F0B8FA89
:10D8B00004F5F47000F0B4FA039BC4F88431049BBF
:10D8C000C4F88831059BC4F88C31069BC4F89031AC
:10D8D000079BC4F894311C9BC4F8E8311D9BC4F825
:10D8E000EC311E9BC4F8F0311F9BC4F8F431209B2F
:10D8F000C4F8F831359BC4F84C32369BC4F850322A
:10D90000379BC4F85432389BC4F85832399BC4F85A
:10D910005C32BDE8104004B0704738B504460D468F
:10D92000012380F8C03280F8C81280EDB10AC0ED42
:10D93000B30A80EDB41AC0EDB51A80EDB62A002303
:10D94000C0F88C30C0F898308366C0F8A430C0F8B6
:10D95000A030C0F8A031C0F80432C0F8683200F539
:10D96000BA7200F59471A830FEF70AFD012D03D0BC
:10D97000012384F8DC3238BD94F8DD32012B14BF6A
:10D9800000230123F5E70000002280F8C0220023D5
:10D99000C0F8C43280F8DC22044B1A621A631A649D
:10D9A0009A6D42F080029A65704700BF0080034084
:10D9B00038B50446A9B100F5BA750FC985E80F005E
:10D9C00004F5BA7204F5947104F1A800FEF7D8FCCE
:10D9D000002384F8DC3284F8DD320023236463649E
:10D9E00038BD002380F87431C0F88031E8E782B098
:10D9F000F0B404460E4604A981E80C009DED107AAF
:10DA000000258562DDED0D7A67EE877AC0ED0B7A31
:10DA10004563DDED0F6AC6EE877AC0ED0E7A0E9B88
:10DA200003630B4613F8042B0270456000F10807EE
:10DA30000FCB87E80F00183409AB0FCB84E80F0039
:10DA400075603560F0BC02B07047000010B403464A
:10DA5000D0ED017A90ED027AF4EEC77AF1EE10FA89
:10DA600035D5B7EE007A77EE877AC0ED017AC068D7
:10DA70001060186908605B694B600020D2ED007A85
:10DA80009FED547AF4EEC77AF1EE10FA0ADB9FEDBF
:10DA9000517A77EEC77AF4EEC77AF1EE10FAF6DA39
:10DAA000C2ED007AD2ED007AF5EEC07AF1EE10FA0E
:10DAB0000AD59FED487A77EE877AF5EEC07AF1EED7
:10DAC00010FAF6D4C2ED007A5DF8044B704790ED81
:10DAD000067AF4EEC77AF1EE10FA0DD5B7EE007AB9
:10DAE00077EE877AC0ED017AC0691060186A086025
:10DAF0005B6A4B600020C1E790ED0A7AD0ED0B6ABB
:10DB0000F6EE007A66EEA77AB4EEE77AF1EE10FA56
:10DB10002DD5B7EE006A37EE067A80ED0A7A90EDE1
:10DB20000E6A86EE267AF6EE006A67EE266A90EDB9
:10DB30000D7A37EE267A80ED0D7AD0ED0C6A86EEFE
:10DB4000A77A27EE007AD1ED017A77EE877AC1EDD8
:10DB5000017A002000240C60D3ED0D7A20EE270A14
:10DB6000D2ED007A37EE800A82ED000A86E7B4EE45
:10DB7000E67AF1EE10FA11D5F7EE007A37EE277A51
:10DB800080ED0A7AD0ED0E7A87EEA67AD0ED0D7A86
:10DB900077EE877AC0ED0D7A0020DBE7D1ED016AE0
:10DBA00090ED0C6A66EE805AB6EE007A26EE077AA1
:10DBB000F4EEC75AF1EE10FA09DD86EE277A67EE29
:10DBC000007A76EEE76AC1ED016A0020C2E7012023
:10DBD000C0E700BFDB0FC94010B52DED068BB0EEDE
:10DBE000408A0446F0EE608AB0EE41AAB0EE619A37
:10DBF000F0EE429A90ED000A30EE480A00F038FE4E
:10DC0000DFED5A7AB4EEE70AF1EE10FA02D8BDEC75
:10DC1000068B10BD94ED000A00F02AFEDFED537A6A
:10DC2000B4EEE70AF1EE10FA1DD994ED000AB5EE54
:10DC3000C00AF1EE10FA04DDB5EEC08AF1EE10FA7A
:10DC400031D4B5EEC00AF1EE10FA49D5B5EEC08A6E
:10DC5000F1EE10FA44DDB5EEC00AF1EE10FA22DC66
:10DC6000F0EE4A8A21E0B0EE490A00F001FEDFED55
:10DC70003F7AB4EEE70AF1EE10FAD6DDB0EE480ACC
:10DC800000F0F6FDDFED397AB4EEE70AF1EE10FAB6
:10DC9000CBDDB5EEC08AF1EE10FAD8BFB1EE499AED
:10DCA00084ED009AB3E7F1EE4A8ADFED307AF4EEC4
:10DCB000E79AF1EE10FA4ADCD4ED007A78EEA78A02
:10DCC00038EEC87A77EEC87A67EE277AF5EEC07A32
:10DCD000F1EE10FA94BF84ED008AC4ED008A96E755
:10DCE00000F0C6FDDFED217AB4EEE70AF1EE10FA9E
:10DCF00007D8B5EEC08AF1EE10FAD6DCF1EE688AEC
:10DD0000D3E794ED000A00F0B3FDB0EE409AB0EE18
:10DD1000480A00F0ADFDB4EEC09AF1EE10FA09D554
:10DD2000D4ED007AF5EEC07AF1EE10FABDDCF1EE3A
:10DD3000688ABAE7D4ED007AF5EEC07AF1EE10FA0F
:10DD400002DDF1EE4A8AB0E7F0EE4A8AADE794EDE3
:10DD5000000A00F08DFDB4EEE90AF1EE10FA44BFBE
:10DD6000F2EE047A68EEA78AA6E700BFBD378635D3
:10DD7000D0ED006A9FED037AC6EE877AC0ED017A96
:10DD8000704700BFD7B3DD3F00230370002343601B
:10DD900001220272C360036143618361014B186019
:10DDA000704700BF90920020024B1B680BB183EDBF
:10DDB000010A704790920020024B1B6803B1187251
:10DDC000704700BF90920020034B1B681BB183ED8E
:10DDD000050AC3ED060A704790920020034B1B68AA
:10DDE0000BB1187870470020704700BF9092002058
:10DDF000044B1B6813B193ED010A70479FED020AB3
:10DE0000704700BF9092002000000000034B1B6889
:10DE10000BB1187A70470120704700BF9092002024
:10DE200010B40023036043608360C3600361C36177
:10DE3000036283614361002141628362C3620363C1
:10DE4000094A4263094C8463C263094C0464426416
:10DE500064228264C464074A026543658365C365BE
:10DE600001665DF8044B7047CDCC4C3E000040404D
:10DE70000AD7233CCDCCCC3D90ED057A90ED066AD7
:10DE800077EE466A436A002B00F01B81D0ED0A7AD8
:10DE9000F5EE407AF1EE10FA30D1D0ED017AF5EEE0
:10DEA000407AF1EE10FA29D0C0ED0A7AD0ED155A79
:10DEB000F5EE405AF1EE10FA08BFC0ED157AD0ED3C
:10DEC0000B5AF5EE405AF1EE10FA46D1F5EEC07A53
:10DED000F1EE10FA41DDDFED9B5A67EEA55AC0ED79
:10DEE0000B5AD0ED0C5AF5EE405AF1EE10FA05D16E
:10DEF000F2EE045A67EEA57AC0ED0C7AD0ED165A10
:10DF000076EE655A80ED166A90ED146AF7EE007AA7
:10DF100077EEC67A90ED175A67EE857A26EE256A77
:10DF200077EE867AC0ED177A27EEA66AB5EEC06A5C
:10DF3000F1EE10FA1EDD90ED0F6AF4EEC67AF1EE06
:10DF400010FA80F28980F1EE675AB4EEE56AF1EEDC
:10DF500010FA94BF012100210DE0D0ED0C5AF5EE2E
:10DF6000405AF1EE10FAC9D1F5EEC07AF1EE10FA8E
:10DF7000C4DDBDE70021B5EEC07AF1EE10FAB8BFFE
:10DF8000B1EE477AB7EE006AB4EEC67AF1EE10FA57
:10DF9000D8BFB0EE467AF5EEC06AF1EE10FA5DDB5E
:10DFA00090ED106AF4EEC67AF1EE10FA08D8D0EDD2
:10DFB000117A27EE277AB4EEE67AF1EE10FA61D400
:10DFC00000230366026E836C9A4263DB90ED0A7A4B
:10DFD000D0ED0E7A67EE277A90ED0B7AB4EE677A81
:10DFE000F1EE10FAC8BFF0EE477A90ED0C7AB4EE7D
:10DFF000677AF1EE10FA48BFF0EE477A90ED157AA5
:10E0000077EEC77A90ED136A67EE867A77EE877AB5
:10E01000C0ED157A90ED076A90ED007A26EE877ACA
:10E0200037EE067AD0ED035AF4EEC75AF1EE10FA45
:10E030003BD5C0ED085A67EEA67A77EE867AD0ED2A
:10E04000086A37EE667AD0ED026A27EE267A77EE16
:10E05000C77AC0ED077A704701218CE7F1EE677A45
:10E0600090ED106AF4EEC67AF1EE10FAA8D8F1EE4F
:10E07000667A90ED116A27EE067AF4EEC77AF1EE31
:10E0800010FA9DDD036E47F6FE7293429ADC01336F
:10E09000036697E731B190ED0A7AD0ED0D7A67EE1D
:10E0A000277A99E7D0ED0A7A96E7D0ED045AF4EE94
:10E0B000C75AF1EE10FAD8BFF0EE475AC0ED085A31
:10E0C000B9E7D0ED075A90ED007A26EE877A37EE61
:10E0D000257A90ED036AB4EEC76AF1EE10FA1BD50B
:10E0E00080ED086AD0ED017A66EEA77A77EEA57A20
:10E0F000D0ED086A37EE667AD0ED026A27EE267A0E
:10E1000077EEC77AC0ED077AB4EEE76AF1EE10FA5F
:10E110000ED580ED076A7047D0ED047AF4EEC77A29
:10E12000F1EE10FAD8BFF0EE477AC0ED087AD9E7E1
:10E1300090ED047AF4EEC77AF1EE10FA48BF80ED64
:10E14000077A7047CDCCCC3D0160002343608360EB
:10E15000C360704710B40C6807EE904AF8EE676A27
:10E1600090ED007A90ED016AB5EEC06AF1EE10FA1A
:10E17000ACBF01220022DFED8C7A67EE277A77EEC2
:10E18000C67AF5EEC07AF1EE10FAACBF0223002396
:10E190001343DFED867A67EE277A77EEC67AF5EEDF
:10E1A000C07AF1EE10FAACBF0422002266EE867A45
:10E1B000F6EE005A26EE256ADFED7D5A67EE255A07
:10E1C00075EE865A65EEA65A9FED7A5A27EE057AC5
:10E1D00037EE067A27EE267A1343774AD256033271
:10E1E000062A14D8DFE802F0100A071316040D00FF
:10E1F000B0EE656A10E0B1EE676A0DE0B1EE656AF7
:10E200000AE0B0EE476A07E0B1EE476A04E09FED2E
:10E210006B6A01E0B0EE676A694AD2560332062A99
:10E2200026D8DFE802F0221C072509041F00F0EEC3
:10E23000657A01E0F1EE677A36EE277AF4EEC76A86
:10E24000F1EE10FA17D5B5EEC07AF1EE10FA12DD44
:10E25000C6EE875A26EE256A67EEA57A14E0F1EE3F
:10E26000657AE9E7F0EE477AE6E7F1EE477AE3E729
:10E27000DFED527AE0E7B5EEC07AF1EE10FA9CBF1E
:10E28000DFED4E7AB0EE676A76EEC65A75EEE75A63
:10E29000B6EE007A25EE877AB5EEC07AF1EE10FA86
:10E2A0006CD4F4EE475AF1EE10FA48BFB0EE657A3E
:10E2B00077EE877A36EE276A424AD25C002A60D02F
:10E2C000022A0CBFB0EE475AB0EE675A3E4AD25C03
:10E2D000002A59D0022A0CBFF0EE475AF0EE675AD6
:10E2E0003A4AD35C002B52D0022B08BFF0EE477A9B
:10E2F000B5EEC05AF1EE10FA4CDDB6EE007A36EE0D
:10E30000C77AB4EEC57AF1EE10FA45D9B6EE007AC6
:10E3100035EE075ABCEEC57A17EE103A4B60F5EEB3
:10E32000C05AF1EE10FA39DDB6EE007A36EEC77A51
:10E33000B4EEE57AF1EE10FA32D9B6EE007A75EE67
:10E34000875ABCEEE57A17EE103A8B60F5EEC07A8C
:10E35000F1EE10FA26DDB6EE007A76EEC76AF4EE3C
:10E36000E76AF1EE10FA05D977EE877AFCEEE77AE4
:10E3700017EE904ACC605DF8044B70479FED0F7A22
:10E3800096E7B0EE465AA1E7F0EE465AA8E7F0EE5F
:10E39000467AADE70023C1E72346BFE70023D4E771
:10E3A0002346D2E70024E5E7D7B3DD3FD7B3DDBF8F
:10E3B000D7B35D3FD7B35DBFE008010000000000A8
:10E3C000E8080100C8080100D0080100D8080100D1
:10E3D00082B0038842689A1A92B2ADF80620826829
:10E3E0009A1A92B2ADF80420C2689B1A9BB2ADF89B
:10E3F0000230BDF806309BB240F62132934284BF12
:10E4000040F62233ADF80630BDF804309BB240F63A
:10E410002132934284BF40F62233ADF80430BDF878
:10E4200002309BB240F62132934284BF40F6223341
:10E43000ADF80230BDF806309BB2962B9CBF9623F8
:10E44000ADF80630BDF804309BB2962B9CBF9623E6
:10E45000ADF80430BDF802309BB2962B9CBF9623DA
:10E46000ADF80230BDF80600BDF80410BDF802207A
:10E47000C0F34E00064B1862C1F34E011963C2F39C
:10E480004E021A649A6D42F080029A6502B070479B
:10E490000080034008B500F005F800F035F80020D2
:10E4A00008BD704708B50948FCF7D6FB084B186053
:10E4B00050B14368074A5A614268836810789847A8
:10E4C000034B1868C368984708BD00BF98F6000062
:10E4D00094920020A3E40000F0B583B004460D46FA
:10E4E0001646084B1868FCF7A7FB0028F9D0054B27
:10E4F000186864230093076933462A462146B847C3
:10E5000003B0F0BD9492002038B50F4D0F4C01229E
:10E5100029462046FFF7E0FF0122A91CA01CFFF7B7
:10E52000DBFF0122291D201DFFF7D6FF0122A91DB7
:10E53000A01DFFF7D1FF012205F1080104F1080039
:10E54000FFF7CAFF002038BD749B0020740900202B
:10E5500008B500F003F800F079F808BD08B50948DF
:10E56000FCF77AFB084B186050B14368074A5A61C0
:10E570004268836810789847034B1868C3689847C7
:10E5800008BD00BF88F6000098920020E1E6000078
:10E5900030B583B004461346054A106828B164229A
:10E5A000009205690A462146A84703B030BD00BF66
:10E5B0009892002000B583B00A4B1B88ADF800305C
:10E5C00000238DF802308DF806008DF805308DF8A7
:10E5D00004100122694601A8FFF7DAFF03B05DF8D5
:10E5E00004FB00BFC8EB000010B582B00C460C4B1A
:10E5F0001B88ADF8003000238DF8023055238DF8CC
:10E6000004308DF8053060F07F008DF80600694613
:10E6100001A8FFF7BDFF9DF80030237002B010BDC8
:10E62000C8EB000000B583B000238DF8073001224D
:10E630000DF107011320FFF7D7FF9DF80700813880
:10E6400018BF012003B05DF804FB000000B583B0E3
:10E65000204B05221A70FFF7E5FF70B1FFF7E2FFCC
:10E6600058B1FFF7DFFF40B11B4B04221A701B4B60
:10E6700002221A7003B05DF804FB80211520FFF719
:10E6800099FFF4F7F9FA0190012101A8F4F71CFCB5
:10E6900000211520FFF78EFF40211620FFF78AFF8B
:10E6A00058211720FFF786FF80212020FFF782FFE7
:10E6B00000212120FFF77EFF00211820FFF77AFFBD
:10E6C00003211520FFF776FF0023034A1370014A48
:10E6D0001370CFE77E0900209D9200209C920020BD
:10E6E0007047000008B5FDF7BBFA0020FDF7BCFA43
:10E6F0000220FDF767FB9FED0F0AF0EE400AFDF7E1
:10E7000079FBFDF725FE00230B4A13800B4A13808B
:10E710000B4A13800B4B9A1E2633002122F8021F4E
:10E720009A42FAD1084B19700023084A1360084A2C
:10E73000936008BD00000000AA920020A69200206D
:10E74000A8920020AC920020D4920020D892002001
:10E750008009002008B5294B1B8801339BB2642B2C
:10E7600002D8264A138002E0244B00221A80234B51
:10E770001B8807EE103AB8EE477ADFED216AC7EE44
:10E78000267A9FED207A67EE877A9FED1F7A67EEF3
:10E79000877ABDEEE77AB8EEC77A77EEC77A9FED53
:10E7A0001B7A67EE877ABCEEE77A17EE103AC3F36E
:10E7B000080307EE103AB8EE477A77EEC77A144AA4
:10E7C00002EB8301B7EE000A30EE670A91ED007AA2
:10E7D00020EE070A91ED017A67EE877A70EE277ACC
:10E7E0009FED0C0A27EE800ADFED0B7A30EE270A48
:10E7F0000A4B83ED000AFDF7EDFA08BDA492002054
:10E800000000C842DA0F494083F9223E000000446C
:10E81000B40001000000FA440000FA43A092002076
:10E8200008B5F5F7DBFDFBF7E7FBFBF7A9FEFBF708
:10E83000C9FEFBF709FCFCF78FFAFCF71DF9FBF7A3
:10E8400043FBFBF7F7FFFBF7A9FFFCF725FBFBF703
:10E850000BFCF5F7B3F8FCF7EBFA0020FAF7EAFC4B
:10E86000024B1860F2F754FDFEE700BF809B0020CA
:10E8700010EE103A23F0004300EE103A704700BF4C
:10E88000D0B52DED028B8AB0F0EE408AB0EE608AF2
:10E8900000F056F8284B93F90040631C39D0B4EED1
:10E8A000488AF1EE10FA34D6F4EE688AF1EE10FAE6
:10E8B0002FD6B5EE408AF1EE10FA2AD101231F4A75
:10E8C000009318EE900A002301920893F1F712FFCB
:10E8D00006460F4618EE100ACDE90267F1F70AFF67
:10E8E000CDE90401CCB10022002310461946F2F70D
:10E8F00083F8022CCDE9060111D100F0B3F82123F1
:10E900000360089B9BB9DDE90601F2F7E5F900EE2B
:10E91000100A0AB0BDEC028BD0BDCDE9066768468F
:10E9200000F09EF80028E8D0089B002BEBD000F008
:10E9300099F8089B0360E6E794090020F0080100BD
:10E94000F0B482B0CDED010A019830F0004C41D016
:10E9500010EE105A25F00047B7F1FF4F3ADABCF13C
:10E96000FF4F37DC67453BDB05F000463BD015F039
:10E97000FF4F57D1390200296FF07D0204DD4900B5
:10E98000002902F1FF32FADC10F0FF4F59D15FEAA3
:10E990000C216FF07D0403D4490004F1FF34FBD552
:10E9A00012F17E0F47DBC5F3160343F4000314F1A5
:10E9B0007E0F3ADBC0F3160040F40000121B04D1B6
:10E9C0001AE010D04B00013A16D0191A0029F8DAD3
:10E9D0005B00F8E7DDED017A60EE277A87EEA70AA3
:10E9E00002B0F0BC70471D4AF30F02EB830393EDB6
:10E9F000000A02B0F0BC7047181A58BF034613B99A
:10EA0000F1E75B00013CB3F5000FFADB14F17E0F78
:10EA10001BDBA3F5000333437F3443EAC45300EE0A
:10EA2000103ADDE7FA157F3AAEE76FF07D01091B7A
:10EA30000CFA01F0C2E76FF07D039B1A07FA03F3AB
:10EA4000B5E74FEAEC547F3CAAE76FF07D02141B58
:10EA50002341334300EE103AC2E700BFF80801003B
:10EA600000207047014B1868704700BF98090020CC
:10EA7000032A70B412D940EA0105AD0704460B46DB
:10EA80001ED11946204653F8045B54F8046BAE427D
:10EA900016D1043A032A20461946F2D8561EA2B1CE
:10EAA0000139441E01E0C3180CD014F8015F11F8BD
:10EAB000012F9542A6EB0403F5D0A81A70BC70474D
:10EAC000561EEDE7184670BC70471046F6E700BFCB
:10EAD000F0B4860746D0541E002A3CD0CAB2034682
:10EAE00001E0013C37D303F8012B9D07F9D1032C3A
:10EAF0002AD9CDB245EA05250F2C45EA054534D97A
:10EB0000A4F1100222F00F0C03F12007160967444C
:10EB100003F1100242E9045542E902551032BA42AB
:10EB2000F8D1721C14F00C0F03EB021204F00F0664
:10EB300013D0331F23F003030433134442F8045B60
:10EB40009342FBD106F003042CB1CAB21C4403F873
:10EB5000012B9C42FBD1F0BC704734461346002C7D
:10EB6000F3D1F8E714460346C1E71A462646E0E724
:10EB70000000000001020300000000000001030388
:10EB80000000000000010000000103040400000078
:10EB90000001000100010203032C00000006070130
:10EBA000000000000000000001020300140000004B
:10EBB0000D9F0000000000000000000000000000A9
:10EBC0000F9F000003010000000000004253575453
:10EBD00061736B5F316D73004253575461736B5FA8
:10EBE000326D73004253575461736B5F356D730020
:10EBF0004253575461736B5F31306D7300000000F6
:10EC00004153575461736B5F316D730041535754D7
:10EC100061736B5F356D73004153575461736B5F64
:10EC200031306D73000000004153575461736B5FC6
:10EC30003130306D7300000002000000500102000E
:10EC40000000E20502000000C20102000000A00274
:10EC500002000000AE0302000000AF03020000004B
:10EC6000AA0302000000C006020100003F040203E4
:10EC70000000DF0702030000710700020100C30566
:10EC800000020100B60300020100A6030002010019
:10EC9000C1060102010071040302010079070000AE
:10ECA0004E3D4672656552544F532044656D6F204A
:10ECB0004170706C69636174696F6E2C443D4643AA
:10ECC0003431353046314D4253315036345431426F
:10ECD0002C4F3D4672656552544F530049233135E0
:10ECE0003D5379735469636B0000000049444C45FF
:10ECF0000000000053595354454D564945573A209A
:10ED0000436F756C64206E6F74207265636F7264FC
:10ED1000207461736B20696E666F726D6174696FC8
:10ED20006E2E204D6178696D756D206E756D626512
:10ED300072206F66207461736B7320726561636803
:10ED400065642E00651500002D1600005465726D77
:10ED5000696E616C00000000000000000000545467
:10ED600052205245474745530000000053797356DF
:10ED7000696577000000000000000000000000004E
:10ED800000002110422063308440A550C660E77027
:10ED9000088129914AA16BB18CC1ADD1CEE1EFF1CF
:10EDA0003112100273325222B5529442F772D66277
:10EDB000399318837BB35AA3BDD39CC3FFF3DEE31F
:10EDC0006224433420040114E664C774A4448554C7
:10EDD0006AA54BB528850995EEE5CFF5ACC58DD56F
:10EDE0005336722611163006D776F6669556B44617
:10EDF0005BB77AA719973887DFF7FEE79DD7BCC7BF
:10EE0000C448E5588668A778400861180228233866
:10EE1000CCC9EDD98EE9AFF9488969990AA92BB90E
:10EE2000F55AD44AB77A966A711A500A333A122AB6
:10EE3000FDDBDCCBBFFB9EEB799B588B3BBB1AAB5E
:10EE4000A66C877CE44CC55C222C033C600C411C06
:10EE5000AEED8FFDECCDCDDD2AAD0BBD688D499DAE
:10EE6000977EB66ED55EF44E133E322E511E700E56
:10EE70009FFFBEEFDDDFFCCF1BBF3AAF599F788FFE
:10EE80008891A981CAB1EBA10CD12DC14EF16FE1DE
:10EE90008010A100C230E320045025404670676016
:10EEA000B9839893FBA3DAB33DC31CD37FE35EF32E
:10EEB000B1029012F322D232354214527762567266
:10EEC000EAB5CBA5A89589856EF54FE52CD50DC57E
:10EED000E234C324A01481046674476424540544B6
:10EEE000DBA7FAB79987B8975FE77EF71DC73CD7CE
:10EEF000D326F2369106B016576676761546345606
:10EF00004CD96DC90EF92FE9C899E9898AB9ABA91D
:10EF10004458654806782768C018E1088238A32855
:10EF20007DCB5CDB3FEB1EFBF98BD89BBBAB9ABB6D
:10EF3000754A545A376A167AF10AD01AB32A923AA5
:10EF40002EFD0FED6CDD4DCDAABD8BADE89DC98DBD
:10EF5000267C076C645C454CA23C832CE01CC10CF5
:10EF60001FEF3EFF5DCF7CDF9BAFBABFD98FF89F0D
:10EF7000176E367E554E745E932EB23ED10EF01E45
:10EF8000000010010010100100100000001010011E
:10EF9000002010010010000000B00340007002408B
:10EFA00000C0024000D0024000E0024000F00240F9
:10EFB000010000000C0C0C002020200001010100C9
:10EFC0000000000001010100202020000000084096
:10EFD000004008400080084000080801100A02189C
:10EFE0000C03200E042810053012063814074016B2
:10EFF00008481809501A0A581C0B601E0C6820009B
:10F00000008003400090034000A0034000600240E5
:10F0100000E0064000F0064000160110020A030D51
:10F020000416051606130716840000008100000070
:10F0300098000000530000009C000000A5000000A4
:10F04000B000000085000000B40000008500000052
:10F05000B800000085000000BC0000008500000032
:10F06000C400000041000000C80000008100000052
:10F07000D800000041000000DC0000008500000016
:10F08000E000000053000000E40000005300000016
:10F09000E800000053000000EC000000A5000000A4
:10F0A000F400000081000000F80000008100000072
:10F0B000FC0000008100000000010000A50000002D
:10F0C00008010000810000000C0100008100000028
:10F0D0001001000081000000140100004100000048
:10F0E00018010000810000002401000081000000E0
:10F0F00028010000810000002C01000081000000B8
:10F100003001000081000000340100008100000097
:10F110003C010000810000006C010000850000003F
:10F1200070010000850000007401000085000000EF
:10F1300084010000810000009801000085000000AB
:10F140009C01000085000000A8010000850000006F
:10F15000AC01000085000000B00100008500000047
:10F16000B801000053000000BC0100005300000083
:10F17000C001000041000000CC010000810000003F
:10F18000D801000081000000F001000041000000F3
:10F190000002000063000000100200006300000095
:10F1A00020020000630000006002000081000000F7
:10F1B000000000414000004180000041C0000041CB
:10F1C000000100410090044000A0044000B0044051
:10F1D00000C0044000D00440006003400010034021
:10F1E0000020064000300640001007400020074085
:10F1F00000200540003005404164633000000000FD
:10F200004164633100000000010004000A0018009E
:10F210001D000000050001000F000900180000009B
:10F220000024F40080841E000100000003000000A0
:10F2300002000000020000000200000000366E0123
:10F2400040420F0002000000050000000300000023
:10F25000030000000100000000366E0180841E00E3
:10F260000100000005000000030000000300000092
:10F270000100000000366E01C0C62D000100000034
:10F280000300000002000000020000000100000076
:10F29000006CDC0240420F00030000000700000089
:10F2A000040000000400000001000000006CDC020B
:10F2B00080841E0002000000060000000300000021
:10F2C0000200000002000000006CDC02C0C62D003D
:10F2D000010000000700000004000000040000001E
:10F2E00001000000006CDC0200093D00010000008C
:10F2F0000500000003000000030000000100000002
:10F30000006CDC02808D5B00010000000300000047
:10F31000020000000200000001000000000E2707AC
:10F3200040420F0008000000080000000300000039
:10F330000300000001000000000E270780841E006B
:10F3400004000000080000000300000003000000AB
:10F3500001000000000E2707C0C62D0004000000B9
:10F360000500000002000000020000000100000093
:10F37000000E270700093D00030000000500000003
:10F38000020000000200000001000000000E27073C
:10F39000404B4C000200000005000000030000008C
:10F3A0000300000001000000000E2707808D5B00B5
:10F3B0000200000005000000020000000200000042
:10F3C00001000000000E270700127A000100000073
:10F3D000080000000300000003000000010000001E
:10F3E00080D1F00840420F000A0000000800000031
:10F3F00003000000030000000100000080D1F008BD
:10F4000080841E00050000000800000003000000CA
:10F41000030000000100000080D1F008C0C62D00EC
:10F4200005000000050000000200000002000000CE
:10F430000100000080D1F008404B4C0002000000A9
:10F4400008000000030000000300000001000000AD
:10F450000024F40020A107000200000008000000C2
:10F4600004000000030000000300000000366E01ED
:10F4700020A10700040000000500000003000000B8
:10F480000300000001000000006CDC0220A1070066
:10F490000600000007000000040000000400000057
:10F4A00003000000000E270720A107001000000045
:10F4B000080000000300000003000000030000003B
:10F4C00080D1F00820A1070014000000080000000F
:10F4D0000300000003000000010000002D2E2F009B
:10F4E00018010000190100001A0100001B010000B2
:10F4F0001C010000220103000301030004010300BA
:10F500000501030000010000010100000C010100E1
:10F510000B0101000E010300020103002E01030193
:10F520002F01010007010000300100000F01000061
:10F53000120000001D01000000000000465455317B
:10F5400000000000008003400090034000A0034042
:10F550000060024000E0064000F00640465455308E
:10F56000000000000303040403020403010200007E
:10F570000201040001000200010202000102020077
:10F580000300020002000000010000002000000053
:10F5900010000000000001000020000080000000BA
:10F5A00004000000000100008000000000000000D6
:10F5B000000000000000000000000000000000004B
:10F5C000000000000000000000000000000000003B
:10F5D0000000000004000000100000000001000016
:10F5E0000200000002000000020000000100000014
:10F5F0004000000000400000000000000300000088
:10F6000003000000030000000000000008000000EC
:10F6100000010000000001000000000003000000E5
:10F6200005000000040000000000000002000000CF
:10F6300000020000020000000000000003000000C3
:10F640000500000003000000000000000080000032
:10F6500080000000008000000000000004000000A6
:10F660000500000003000000000000003C3D3E3F9C
:10F6700040410000000102030405060708090A0BC7
:10F680000C0D0E0F10000000494D555F53706900BE
:10F690005342435F537069004D6F746F72447269D7
:10F6A0007665725F537069004E554C4C3100000016
:10F6B000000000000100000003000000070000003F
:10F6C0000F0000001F0000003F0000007F0000004E
:10F6D000FF000000FF010000FF030000FF07000023
:10F6E000FF0F0000FF1F0000FF3F0000FF7F000032
:10F6F000FFFF0000FFFF0100FFFF0300FFFF070007
:10F70000FFFF0F00FFFF1F00FFFF3F00FFFF7F0015
:10F71000FFFFFF00FFFFFF01FFFFFF03FFFFFF07EA
:10F72000FFFFFF0FFFFFFF1FFFFFFF3FFFFFFF7FF9
:10F73000FFFFFFFF07085001010100000000803FAC
:10F7400000000000B18F00200F08500100010000F0
:10F75000CDCC4C3D00000000B88F002017085001B0
:10F7600000010000CDCC4C3D00000000BC8F00200B
:10F770001F08500100010000CDCC4C3D00000000EE
:10F78000C08F002027085001000100008FC2F53C07
:10F7900000000000B48F00202B0450010101000084
:10F7A0000000803F00000000B28F00202F045001B5
:10F7B000010100000000803F00000000C58F002014
:10F7C00036025001010100000000803F00000000EF
:10F7D000B38F002037015001010100000000803F7D
:10F7E00000000000C48F00200708E20501010000AE
:10F7F0000000803F0000FA44440900200B04E205A9
:10F80000010100000000803F0000000042090020CC
:10F810001405E205010100000000803F0000000027
:10F82000410900201C05E205010100000000803FA5
:10F8300000000000069000202506E20501010000FE
:10F840000000803F00000000079000202D06E20528
:10F85000010100000000803F00000000089000202F
:10F860003102E205010100000000803F00000000BD
:10F87000099000203605E205010100000000803FEC
:10F88000000000000A9000203902E205010100009A
:10F890000000803F00000000059000200708C20122
:10F8A000010100000000803F0000000022900020C5
:10F8B0000B04C201010100000000803F00000000B5
:10F8C000239000201B04C201010100000000803FC2
:10F8D00000000000460900201F04C20101010000D1
:10F8E0000000803F00000000470900202502C201FF
:10F8F000010100000000803F000000002690002071
:10F900002702C201010100000000803F000000004A
:10F91000259000200102A002010100000000803FAC
:10F9200000000000299000200302A0020101000055
:10F930000000803F00000000279000200502A00288
:10F94000010100000000803F000000002490002022
:10F950000702A002010100000000803F000000003B
:10F960001F9000200901A002010100000000803F5B
:10F97000000000001D9000200B02A0020101000009
:10F980000000803F000000001C9000200F04A00237
:10F99000010100000000803F000000002B900020CB
:10F9A0001607A002010100000000803F00000000D7
:10F9B000209000201E07A002010100000000803FEF
:10F9C00000000000219000202607A0020101000095
:10F9D0000000803F00000000289000202E07A002B9
:10F9E000010100000000803F000000002A9000207C
:10F9F0003708A002000100000000003F000020C204
:10FA00000C9000203D01A002010100000000803F99
:10FA1000000000001E9000203F02A0020101000033
:10FA20000000803F000000001B900020060DAE0388
:10FA3000000100006666663D00000000C88F0020DF
:10FA40000701AE03010100000000803F000000003C
:10FA5000CC8F00200901AE03010100000000803FAF
:10FA600000000000169000202302AE0301010000F8
:10FA70000000803F00000000149000201714AE0327
:10FA8000010100000000803F0000000010900020F5
:10FA90003001AE03010100000000803F00000000C3
:10FAA00015900020070EAF03000100000AD7233C89
:10FAB000333344C2A48F0020090EAF0300010000BD
:10FAC0000AD7233C333344C2A08F00201B10AF035E
:10FAD000000100000AD7233C000096C3A88F002035
:10FAE0000103AA03010100000000803F00000000A4
:10FAF000AF8F00200403AA03010100000000803F33
:10FB000000000000AC8F00200703AA0301010000E1
:10FB10000000803F00000000AE8F00200B04AA030D
:10FB2000010100000000803F00000000B08F0020B5
:10FB30000E03AA03010100000000803F0000000046
:10FB4000AD8F002007083F04010100000000803F46
:10FB5000000000001A90002008013F04010100008D
:10FB60000000803F00000000189000200C013F04BE
:10FB7000010100000000803F0000000017900020FD
:10FB800010013F04010100000000803F0000000060
:10FB9000199000200708C305010100000000803F04
:10FBA00000000000039000200C05C30501010000C7
:10FBB0000000803F00000000E48F00200F03C30519
:10FBC000010100000000803F0000000001900020C3
:10FBD000170CC305010100000000803F0000000079
:10FBE000DA8F00201B0CC305010100000000803FDC
:10FBF00000000000DC8F00202F0CC3050101000075
:10FC00000000803F00000000DE8F0020330CC305A1
:10FC1000010100000000803F00000000E08F002094
:10FC2000070CB60300010000CDCCCC3D0000C8C2DB
:10FC3000F88F00200B0CB60300010000CDCCCC3DAA
:10FC40000000C8C2FC8F00202302B603010100009F
:10FC50000000803F00000000E68F00200708A60398
:10FC6000010100000000803F00000000400900206A
:10FC70000F08A603000100000000803F000000C341
:10FC8000D48F00201001A603010100000000803F76
:10FC900000000000CF8F00201101A6030101000029
:10FCA0000000803F00000000CE8F00201201A6035C
:10FCB000010100000000803F00000000EC8F0020E8
:10FCC0001402A603010100000000803F00000000B4
:10FCD000E38F00201703A603010100000000803F0E
:10FCE00000000000EB8F00201902A60301010000B4
:10FCF0000000803F00000000E88F00201F02A603E4
:10FD0000010100000000803F000000000290002080
:10FD10002708A603010100000000803F000000004A
:10FD2000F58F00202903A603010100000000803F99
:10FD300000000000E58F00202B02A6030101000057
:10FD40000000803F00000000E98F00202D02A60384
:10FD5000010100000000803F00000000049000202E
:10FD60002F02A603010100000000803F00000000F8
:10FD7000E78F00203001A603010100000000803F52
:10FD800000000000F28F00203303A60301010000F1
:10FD90000000803F00000000EA8F00203603A60329
:10FDA000010100000000803F00000000F18F0020F2
:10FDB0003A02A603010100000000803F000000009D
:10FDC000D08F00203F05A603010100000000803F06
:10FDD00000000000D88F0020070871040101000016
:10FDE0000000803F00000000009000200801710426
:10FDF000010100000000803F00000000F38F0020A0
:10FE00000C017104010100000000803F00000000AF
:10FE1000CD8F002010017104010100000000803F1F
:10FE200000000000F48F00201501710401010000A2
:10FE30000000803F00000000EF8F002016017104D9
:10FE4000010100000000803F00000000ED8F002055
:10FE500017017104010100000000803F0000000054
:10FE6000F08F00201D017104010100000000803F9F
:10FE700000000000EE8F0020350671040101000033
:10FE80000000803F00000000E28F00200000FFFF24
:10FE9000010101000000803F000000002C900020C4
:10FEA000404142434446474854550000010C01027A
:10FEB00004017E00000403010600000700010800A1
:10FEC000000B00000C00000E00000F0000170000E7
:10FED0001800001C00001D00001E00001F00000094
:10FEE0002060002100002200002380002400002563
:10FEF000000026000027F0002800002900002A004A
:10FF0000002B08012CFF012DFF012EFF012FFF0107
:10FF100030FF0131FF0132FF0133FF0134000000E7
:10FF2000030000006809002060090020500900203B
:10FF30000000404100000000CDCCCC3EA69BC43A5E
:10FF40003333934024C24F3C0000004000409C46A5
:10FF5000010000000000FA44E4CB9640CDCC4C3EBA
:10FF6000000000000000FA4500000000CDCC4C3E2F
:10FF700000000000CDCC4C3FCDCC4C3F0000964360
:10FF800000409C46E80300000AD7233C0AD7A33B65
:10FF9000000000003333733F333373BF00000000B1
:10FFA0000000000000000000000000000000000051
:10FFB0000000000000000000000000000000000041
:10FFC0000000000000000000000000000000000031
:10FFD0000000000000000000000000000000000021
:10FFE0000000000000000000000000000AD7233CD1
:10FFF0000AD7A33B000000003333733F333373BF92
:020000021000EC
:1000000000000000000000000000000000000000F0
:1000100000000000000000000000000000000000E0
:1000200000000000000000000000000000000000D0
:1000300000000000000000000000000000000000C0
:1000400000000000000000000000000000000000B0
:100050006F12833A000000000AD7233C00002041C1
:10006000000020C1000000000000000000000000AF
:100070000000000000000000000000000000000080
:100080000000000000000000000000000000000070
:100090000000000000000000000000000000000060
:1000A0000000000000000000000000000000000050
:1000B0000000000000000000920E493CB10AC93C5B
:1000C0002BC3163D2EFB483D752B7B3D04A9963D69
:1000D00080B6AF3D36BDC83D2FBCE13D73B2FA3DA1
:1000E00087CF093E8340163EB5AB223EA2102F3E7D
:1000F000CF6E3B3EC2C5473E0115543E135C603E89
:100100007F9A6C3ECCCF783EC07D823E938E883EF7
:10011000229A8E3E32A0943E86A09A3EE59AA03E58
:10012000128FA63ED47CAC3EEF63B23E2A44B83E6A
:10013000491DBE3E15EFC33E53B9C93ECA7BCF3EF3
:100140004136D53E80E8DA3E4F92E03E7533E63EDA
:10015000BBCBEB3EEA5AF13ECBE0F63E275DFC3EE0
:10016000E4E7003F3D9C033F824B063F9BF5083F81
:100170006B9A0B3FDA390E3FCDD3103F2A68133FFD
:10018000D9F6153FC07F183FC6021B3FD17F1D3FE8
:10019000CBF61F3F9967223F25D2243F5636273F93
:1001A0001594293F4AEB2B3FDE3B2E3FBB85303F6A
:1001B000C9C8323FF304353F233A373F4268393FDD
:1001C0003B8F3B3FF9AE3D3F67C73F3F70D8413F54
:1001D00001E2433F03E4453F65DE473F12D1493F1B
:1001E000F8BB4B3F029F4D3F207A4F3F3D4D513F63
:1001F0004918533F31DB543FE595563F5348583F2C
:100200006AF2593F1A945B3F532D5D3F05BE5E3F36
:100210002146603F97C5613F5A3C633F59AA643FFE
:10022000880F663FD86B673F3CBF683FA7096A3FAE
:100230000C4B6B3F5E836C3F93B26D3F9ED86E3F1D
:1002400073F56F3F0809713F5213723F4714733FB4
:10025000DD0B743F0BFA743FC6DE753F07BA763F7D
:10026000C58B773FF853783F9812793F9DC7793F08
:1002700002737A3FBE147B3FCDAC7B3F283B7C3F73
:10028000C9BF7C3FAC3A7D3FCCAB7D3F23137E3F63
:10029000B0707E3F6DC47E3F580E7F3F6D4E7F3FF6
:1002A000AB847F3F0FB17F3F97D37F3F43EC7F3FCE
:1002B00011FB7F3F0000803F11FB7F3F43EC7F3FFE
:1002C00097D37F3F0FB17F3FAB847F3F6D4E7F3F22
:1002D000580E7F3F6DC47E3FB0707E3F23137E3F3C
:1002E000CCAB7D3FAC3A7D3FC9BF7C3F283B7C3FD8
:1002F000CDAC7B3FBE147B3F02737A3F9DC7793FF5
:100300009812793FF853783FC58B773F07BA763F0D
:10031000C6DE753F0BFA743FDD0B743F4714733F25
:100320005213723F0809713F73F56F3F9ED86E3FBD
:1003300093B26D3F5E836C3F0C4B6B3FA7096A3FE6
:100340003CBF683FD86B673F880F663F59AA643F40
:100350005A3C633F97C5613F2146603F05BE5E3F03
:10036000532D5D3F1A945B3F6AF2593F5348583F03
:10037000E595563F31DB543F4918533F3D4D513FC2
:10038000207A4F3F029F4D3FF8BB4B3F12D1493F70
:1003900065DE473F03E4453F01E2433F70D8413FFC
:1003A00067C73F3FF9AE3D3F3B8F3B3F4268393F18
:1003B000233A373FF304353FC9C8323FBB85303F4E
:1003C000DE3B2E3F4AEB2B3F1594293F5636273F05
:1003D00025D2243F9967223FCBF61F3FD17F1D3F97
:1003E000C6021B3FC07F183FD9F6153F2A68133F4E
:1003F000CDD3103FDA390E3F6B9A0B3F9BF5083F88
:10040000824B063F3D9C033FE4E7003F275DFC3EF7
:10041000CBE0F63EEA5AF13EBBCBEB3E7533E63E0F
:100420004F92E03E80E8DA3E4136D53ECA7BCF3E71
:1004300053B9C93E15EFC33E491DBE3E2A44B83EDE
:10044000EF63B23ED47CAC3E128FA63EE59AA03E4E
:1004500086A09A3E32A0943E229A8E3E938E883E8B
:10046000C07D823ECCCF783E7F9A6C3E135C603E6E
:100470000115543EC2C5473ECF6E3B3EA2102F3EF3
:10048000B5AB223E8340163E87CF093E73B2FA3D9C
:100490002FBCE13D36BDC83D80B6AF3D04A9963DB9
:1004A000752B7B3D2EFB483D2BC3163DB10AC93C45
:1004B000920E493C00000000920E49BCB10AC9BC32
:1004C0002BC316BD2EFB48BD752B7BBD04A996BD65
:1004D00080B6AFBD36BDC8BD2FBCE1BD73B2FABD9D
:1004E00087CF09BE834016BEB5AB22BEA2102FBE79
:1004F000CF6E3BBEC2C547BE011554BE135C60BE85
:100500007F9A6CBECCCF78BEC07D82BE938E88BEF3
:10051000229A8EBE32A094BE86A09ABEE59AA0BE54
:10052000128FA6BED47CACBEEF63B2BE2A44B8BE66
:10053000491DBEBE15EFC3BE53B9C9BECA7BCFBEEF
:100540004136D5BE80E8DABE4F92E0BE7533E6BED6
:10055000BBCBEBBEEA5AF1BECBE0F6BE275DFCBEDC
:10056000E4E700BF3D9C03BF824B06BF9BF508BF7D
:100570006B9A0BBFDA390EBFCDD310BF2A6813BFF9
:10058000D9F615BFC07F18BFC6021BBFD17F1DBFE4
:10059000CBF61FBF996722BF25D224BF563627BF8F
:1005A000159429BF4AEB2BBFDE3B2EBFBB8530BF66
:1005B000C9C832BFF30435BF233A37BF426839BFD9
:1005C0003B8F3BBFF9AE3DBF67C73FBF70D841BF50
:1005D00001E243BF03E445BF65DE47BF12D149BF17
:1005E000F8BB4BBF029F4DBF207A4FBF3D4D51BF5F
:1005F000491853BF31DB54BFE59556BF534858BF28
:100600006AF259BF1A945BBF532D5DBF05BE5EBF32
:10061000214660BF97C561BF5A3C63BF59AA64BFFA
:10062000880F66BFD86B67BF3CBF68BFA7096ABFAA
:100630000C4B6BBF5E836CBF93B26DBF9ED86EBF19
:1006400073F56FBF080971BF521372BF471473BFB0
:10065000DD0B74BF0BFA74BFC6DE75BF07BA76BF79
:10066000C58B77BFF85378BF981279BF9DC779BF04
:1006700002737ABFBE147BBFCDAC7BBF283B7CBF6F
:10068000C9BF7CBFAC3A7DBFCCAB7DBF23137EBF5F
:10069000B0707EBF6DC47EBF580E7FBF6D4E7FBFF2
:1006A000AB847FBF0FB17FBF97D37FBF43EC7FBFCA
:1006B00011FB7FBF000080BF11FB7FBF43EC7FBFFA
:1006C00097D37FBF0FB17FBFAB847FBF6D4E7FBF1E
:1006D000580E7FBF6DC47EBFB0707EBF23137EBF38
:1006E000CCAB7DBFAC3A7DBFC9BF7CBF283B7CBFD4
:1006F000CDAC7BBFBE147BBF02737ABF9DC779BFF1
:10070000981279BFF85378BFC58B77BF07BA76BF09
:10071000C6DE75BF0BFA74BFDD0B74BF471473BF21
:10072000521372BF080971BF73F56FBF9ED86EBFB9
:1007300093B26DBF5E836CBF0C4B6BBFA7096ABFE2
:100740003CBF68BFD86B67BF880F66BF59AA64BF3C
:100750005A3C63BF97C561BF214660BF05BE5EBFFF
:10076000532D5DBF1A945BBF6AF259BF534858BFFF
:10077000E59556BF31DB54BF491853BF3D4D51BFBE
:10078000207A4FBF029F4DBFF8BB4BBF12D149BF6C
:1007900065DE47BF03E445BF01E243BF70D841BFF8
:1007A00067C73FBFF9AE3DBF3B8F3BBF426839BF14
:1007B000233A37BFF30435BFC9C832BFBB8530BF4A
:1007C000DE3B2EBF4AEB2BBF159429BF563627BF01
:1007D00025D224BF996722BFCBF61FBFD17F1DBF93
:1007E000C6021BBFC07F18BFD9F615BF2A6813BF4A
:1007F000CDD310BFDA390EBF6B9A0BBF9BF508BF84
:10080000824B06BF3D9C03BFE4E700BF275DFCBEF3
:10081000CBE0F6BEEA5AF1BEBBCBEBBE7533E6BE0B
:100820004F92E0BE80E8DABE4136D5BECA7BCFBE6D
:1008300053B9C9BE15EFC3BE491DBEBE2A44B8BEDA
:10084000EF63B2BED47CACBE128FA6BEE59AA0BE4A
:1008500086A09ABE32A094BE229A8EBE938E88BE87
:10086000C07D82BECCCF78BE7F9A6CBE135C60BE6A
:10087000011554BEC2C547BECF6E3BBEA2102FBEEF
:10088000B5AB22BE834016BE87CF09BE73B2FABD98
:100890002FBCE1BD36BDC8BD80B6AFBD04A996BDB5
:1008A000752B7BBD2EFB48BD2BC316BDB10AC9BC41
:1008B000920E49BC00000080002474499FABAD3B00
:1008C0000000B44500401C4A010100000202010181
:1008D0000100020101000201010201020001000108
:1008E000000302FDFF01FE000002FF0103FEFD0008
:1008F000666D6F646600000000000000000000806C
:10090000AAAAAAAA07000000070000000100080028
:100910008489002024000020020008007C89002037
:100920002400002080EF0000020000006889002001
:1009300000000000050100000000000000000000B1
:1009400000000000000000000100000005000000A1
:100950000000000000000000000000000000000097
:10096000F8F100000E000000B4000020300000206C
:10097000D0950020A800002008F20000E7990000B0
:10098000DD99000000F2000002000000E8000020F5
:1009900048000020E0950020DC00002014F2000058
:1009A000E7990000DD99000001000001000000004F
:1009B0000000000000000000000001000000000036
:1009C000000000040A28500101000000000000009F
:1009D0000000000000000000000000000101010113
:1009E0000000000000000000000000000000010006
:1009F00000000300000000040A285000000000006E
:100A000000000000000000000000000000000000E6
:100A1000000000000001000050010000FF0700007E
:100A20000A00080084940020DC94002000000000EC
:100A3000000000000100000000010000E2050000CD
:100A4000FF070000F40108008C940020DE940020D1
:100A50000009000001000000020000000001000089
:100A6000C2010000FF070000140008009494002059
:100A7000E0940020001200000200000003000000CB
:100A800000010000A0020000FF0700003200080083
:100A90009C940020E2940020001800000300000055
:100AA0000400000000010000AE030000FF0700008A
:100AB00064000800A4940020E494002000260000B4
:100AC000040000000500000000010000AF0300006A
:100AD000FF07000064000800AC940020E6940020AA
:100AE000002A0000050000000600000000010000D0
:100AF000AA030000FF07000064000800B49400206F
:100B0000E8940020002D000006000000070000000F
:100B100000010000C0060000FF0700000000080000
:100B2000BC940020EA9400200001000007000000AF
:100B300008000000000100003F04000080070000E2
:100B400000000800C4940020EC9400200032000053
:100B5000080000000900000000010000DF0700009D
:100B6000FF07000000000800CC940020EE94002055
:100B700000040000090000000A000000000100005D
:100B800071070000FF07000000000800D494002057
:100B9000F0940020000300000A00000000000000A4
:100BA000C30500000000020000080000F4940020CB
:100BB0000B00000001000000B6030000010014005B
:100BC00000080000FC9400200C000000020000005F
:100BD000A603000002001400000800000495002095
:100BE0000D00000003000000C1060000030000002B
:100BF000000800000C9500200E000000040000001A
:100C0000710400000400000000080000149500209A
:100C10000F0000000500000079070000050000003B
:100C2000000800001C9500200E00000001000000DC
:100C300000000000000000000000000000000000B4
:100C4000000000000000000000000000888C002070
:100C500000000000619A0000659A0000699A000097
:100C6000ED9A0000000000000200000000000000FB
:100C70000000000000000000000000000000000074
:100C80000000000000000000488A00200000000072
:100C90004D9A0000639A0000679A00006D9A000068
:100CA000000000000101000002010000000000003F
:100CB0000001000000010000FF070000000100002B
:100CC00001010000FF07000001010000C305000052
:100CD0000000000001010000B60300000000000059
:100CE00001010000A6030000000000000101000057
:100CF000C1060000000000000101000071040000B6
:100D00000000000001010000790700000000000061
:100D10000001000050010000FF070000000100007A
:100D2000E2050000FF07000000010000C201000012
:100D3000FF07000000010000A0020000FF07000004
:100D400000010000AE030000FF07000000010000EA
:100D5000AF030000FF07000000010000AA0300002D
:100D6000FF07000000010000C0060000FF070000B0
:100D7000000100003F0400008007000000010000A7
:100D8000DF070000FF0700000001000071070000FE
:100D9000FF07000000D080010200000001020100F6
:100DA00000010000EDA30000401F00000000000053
:100DB0003CF500009C04002009A400003DA40000B4
:100DC0002DA400001DA400000DA40000F1A300004C
:100DD0000001B80B00000103000000010202000046
:100DE0000000000000000000000000000000000003
:100DF00004020000000000000000000000000000ED
:100E000000000000060200000000000000000000DA
:100E100000000000000000005CF50000D00400208D
:100E200045A7000009A50000F9A40000E9A40000FE
:100E300091A40000CDA40000040000000002000006
:100E4000010000000100000020000000010000007F
:100E50000200000008000000010000000300000084
:100E600080000000010000000300000040000000BE
:100E7000000000000300000020000000000000004F
:100E8000030000000002000001000000020000005A
:100E9000000002000100000000000000020000004D
:100EA00001000000020000004000000000000000FF
:100EB000010000000000000002000000000000002F
:100EC000030000000000000004000000000000001B
:100ED00008000000080000000004000040000000BE
:100EE00000400000000800000004000002000000B4
:100EF00001000000200000000403010400000004C1
:100F000004027D0089009500A1000000710200002C
:100F10000C000000680101010000000071010101E6
:100F20000000000028000000000000003C0000005D
:100F30000000000050000000000000000000000061
:100F400080841E0000000000180000000001000066
:100F500000000000000000000C0700201C0700201B
:100F6000060000000100000001000000FF0000007A
:100F70000100000080841E0001000000100001003C
:100F80000001000000000000000000002C0700200D
:100F90003C070020060000000100000001000000E6
:100FA000FF0000000200000080841E00000000001E
:100FB0001000000000010000000000000000000020
:100FC0004C0700205C070020060000000100000024
:100FD00001000000FF0000000300000040420F007D
:100FE00000000000200001000001000000000000DF
:100FF000000000006C0700207C07002001000000BA
:101000000100000001000000FF00000002000000DD
:1010100048950020000000000000000003000000D0
:1010200048950020000000000000000004000000BF
:1010300048950020000000000000000005000000AE
:10104000489500200000000000000000060000009D
:10105000489500200000000000000000070000008C
:101060004895002000000000000000000000000083
:101070004895002000000000000000000000000073
:101080004895002000000000000000000000000063
:101090000000000000000000000000000000000050
:1010A0000000000000000000000000000000000040
:1010B0000000000000000000000000000000000030
:1010C0000000000000000000000000000000000020
:1010D0000000000000000000000000000000000010
:1010E00001000000000000000000000000000000FF
:1010F00000000000000000000000000000000000F0
:1011000000000000000000000000000000000000DF
:1011100000000000000000000000000000000000CF
:1011200000000000000000000000000000000000BF
:1011300000000000020000000000000000000000AD
:10114000000000000000000000000000000000009F
:10115000000000000000000000000000000000008F
:10116000000000000000000000000000000000007F
:10117000000000000000000000000000000000006F
:10118000000000000000000003000000000000005C
:10119000000000000000000000000000000000004F
:1011A000000000000000000000000000000000003F
:1011B000000000000000000000000000000000002F
:1011C000000000000000000000000000000000001F
:1011D00000000000000000000000000088F6000091
:1011E0003C06002059A600007DAB000035AB000096
:1011F000F1AA000090F600007006002059A6000039
:101200007DAB000035AB0000F1AA000098F60000AD
:10121000A406002059A600007DAB000035AB0000FD
:10122000F1AA0000A8F60000D806002059A6000088
:101230007DAB000035AB0000F1AA00000101010107
:1012400056010100D0070E010100E8030100000073
:10125000002474499FABAD3B0000B44500401C4ADC
:101260000000F0429FABAD3B9FABAD3B00000C429A
:101270008FC2753D00106F346F546F742399050051
:101280006F12033A52499D3900000000333373BF97
:101290003333733F01000000A0090020000000006C
:1012A000000000008C0C0020F40C00205C0D0020DD
:1012B000000000000000000000000000000000002E
:1012C000000000000000000000000000000000001E
:1012D000000000000000000000000000000000000E
:1012E00000000000000000000000000000000000FE
:1012F00000000000000000000000000000000000EE
:1013000000000000000000000000000000000000DD
:1013100000000000000000000000000000000000CD
:1013200000000000000000000000000000000000BD
:1013300000000000000000000000000000000000AD
:10134000000000000000000001000000000000009C
:101350000E33CDAB34126DE6ECDE05000B00000061
:10136000000000000000000000000000000000007D
:10137000000000000000000000000000000000006D
:10138000000000000000000000000000000000005D
:10139000000000000000000000000000000000004D
:1013A000000000000000000000000000000000003D
:1013B000000000000000000000000000000000002D
:1013C000000000000000000000000000000000001D
:1013D000000000000000000000000000000000000D
:1013E00000000000000000000000000000000000FD
:1013F00000000000000000000000000000000000ED
:1014000000000000000000000000000000000000DC
:1014100000000000000000000000000000000000CC
:1014200000000000000000000000000000000000BC
:1014300000000000000000000000000000000000AC
:10144000000000000000000000000000000000009C
:10145000000000000000000000000000000000008C
:10146000000000000000000000000000000000007C
:10147000000000000000000000000000000000006C
:10148000000000000000000000000000000000005C
:10149000000000000000000000000000000000004C
:1014A000000000000000000000000000000000003C
:1014B000000000000000000000000000000000002C
:1014C000000000000000000000000000000000001C
:1014D000000000000000000000000000000000000C
:1014E00000000000000000000000000000000000FC
:1014F00000000000000000000000000000000000EC
:1015000000000000000000000000000000000000DB
:1015100000000000000000000000000000000000CB
:1015200000000000000000000000000000000000BB
:1015300000000000000000000000000000000000AB
:10154000000000000000000000000000000000009B
:10155000000000000000000000000000000000008B
:10156000000000000000000000000000000000007B
:10157000000000000000000000000000000000006B
:10158000000000000000000000000000000000005B
:10159000000000000000000000000000000000004B
:1015A000000000000000000000000000000000003B
:1015B000000000000000000000000000000000002B
:1015C000000000000000000000000000000000001B
:1015D000000000000000000000000000000000000B
:1015E00000000000000000000000000000000000FB
:1015F00000000000000000000000000000000000EB
:1016000000000000000000000000000000000000DA
:1016100000000000000000000000000000000000CA
:1016200000000000000000000000000000000000BA
:1016300000000000000000000000000000000000AA
:10164000000000000000000000000000000000009A
:10165000000000000000000000000000000000008A
:10166000000000000000000000000000000000007A
:10167000000000000000000000000000000000006A
:10168000000000000000000000000000000000005A
:10169000000000000000000000000000000000004A
:1016A000000000000000000000000000000000003A
:1016B000000000000000000000000000000000002A
:0816C000000000000000000022
:04000003000003BD39
:00000001FF
