:1000000000180002BD03000029040000813D00002B
:100010002904000029040000290400000000000059
:10002000000000000000000000000000512400005B
:100030002904000000000000F12400005525000004
:100040005199000061990000999B0000A99B000054
:10005000B99B0000C99B0000D99B0000E99B0000F0
:1000600029040000290400002904000029040000DC
:1000700029040000290400002904000029040000CC
:10008000F99B000029040000290400002904000055
:10009000119A0000219A00002904000029040000A0
:1000A0002904000029040000699B0000799B0000DE
:1000B000899B000029040000290400002904000095
:1000C000290400002904000029040000290400007C
:1000D000290400002904000029040000319A0000CE
:1000E0002904000029040000519A0000619A0000D0
:1000F000290400002904000029040000419A00009E
:1001000091990000A1990000B1990000C1990000E7
:10011000D1990000290400002904000029040000EE
:10012000290400002904000029040000290400001B
:100130002904000071990000819900002904000041
:100140002904000029040000019A0000E199000040
:10015000F19900002904000029040000290400008E
:1001600029040000290400002904000029040000DB
:1001700029040000290400002904000029040000CB
:1001800029040000290400002904000029040000BB
:1001900029040000290400002904000029040000AB
:1001A000290400002904000029040000290400009B
:1001B000290400002904000029040000290400008B
:1001C000290400002904000029040000290400007B
:1001D000290400002904000029040000290400006B
:1001E000290400002904000029040000290400005B
:1001F000290400002904000029040000290400004B
:10020000290400002904000029040000290400003A
:10021000290400002904000029040000290400002A
:10022000290400002904000029040000290400001A
:10023000290400002904000029040000290400000A
:1002400029040000290400002904000029040000FA
:1002500029040000290400002904000029040000EA
:1002600029040000290400002904000029040000DA
:1002700029040000290400002904000029040000CA
:1002800029040000290400002904000029040000BA
:1002900029040000290400002904000029040000AA
:1002A000290400002904000029040000290400009A
:1002B000290400002904000029040000290400008A
:1002C000290400002904000029040000290400007A
:1002D000290400002904000029040000290400006A
:1002E000290400002904000029040000290400005A
:1002F000290400002904000029040000290400004A
:100300002904000029040000290400002904000039
:100310002904000029040000290400002904000029
:1003200029040000FFFFFFFFF0B400EB4003DFF8FB
:10033000880000EBC30000F118063069F7687568A3
:10034000874232D3B368DC1B631E934214D37D19FA
:10035000D01900BF11F8013B05F8013B013A05D067
:1003600011F8013B05F8013B013AF3D1BFF35F8F70
:10037000F0600120F0BC7047C018904219D3781982
:10038000121B11F8013B00F8013B013CF9D1141C90
:1003900005D011F8013B05F8013B013AF9D1BFF353
:1003A0005F8FF4600120F0BC7047C01B01389042A1
:1003B000CDD20020F0BC70471094002072B64FF0F0
:1003C00000014FF000024FF000034FF000044FF027
:1003D00000054FF000064FF00007B846B946BA4690
:1003E000BB46BC460A480B4901600B4885460B4A90
:1003F000094C002301E013600432A242FBD30848F9
:1004000080470848804762B60EF0F8FAFEE7000021
:1004100008ED00E0000000000018000200080002E3
:10042000E13D0000893D0000FFF7FEBF81F0004183
:1004300002E000BF83F0004330B54FEA41044FEAC9
:10044000430594EA050F08BF90EA020F1FBF54EA64
:10045000000C55EA020C7FEA645C7FEA655C00F000
:10046000E2804FEA5454D4EB5555B8BF6D420CDDD1
:100470002C4480EA020281EA030382EA000083EA54
:10048000010180EA020281EA0303362D88BF30BDF4
:1004900011F0004F4FEA01314FF4801C4CEA11314A
:1004A00002D0404261EB410113F0004F4FEA0333A9
:1004B0004CEA133302D0524263EB430394EA050F34
:1004C00000F0A780A4F10104D5F1200E0DDB02FAA3
:1004D0000EFC22FA05F2801841F1000103FA0EF237
:1004E000801843FA05F359410EE0A5F120050EF1FD
:1004F000200E012A03FA0EFC28BF4CF0020C43FA2E
:1005000005F3C01851EBE37101F0004507D54FF03A
:10051000000EDCF1000C7EEB00006EEB0101B1F58A
:10052000801F1BD3B1F5001F0CD349085FEA3000D0
:100530004FEA3C0C04F101044FEA445212F5800FDB
:1005400080F09A80BCF1004F08BF5FEA500C50F178
:10055000000041EB045141EA050130BD5FEA4C0C5B
:10056000404141EB0101013C28BFB1F5801FE9D2B8
:1005700091F0000F04BF01460020B1FA81F308BFDB
:100580002033A3F10B03B3F120020CDA0C3208DDA7
:1005900002F1140CC2F10C0201FA0CF021FA02F182
:1005A0000CE002F11402D8BFC2F1200C01FA02F1F2
:1005B00020FA0CFCDCBF41EA0C019040E41AA2BF17
:1005C00001EB0451294330BD6FEA04041F3C1CDADF
:1005D0000C340EDC04F11404C4F1200220FA04F0FF
:1005E00001FA02F340EA030021FA04F345EA0301A9
:1005F00030BDC4F10C04C4F1200220FA02F001FA6B
:1006000004F340EA0300294630BD21FA04F02946EC
:1006100030BD94F0000F83F4801306BF81F4801185
:100620000134013D4EE77FEA645C18BF7FEA655CF8
:1006300029D094EA050F08BF90EA020F05D054EACA
:10064000000C04BF1946104630BD91EA030F1EBFCF
:100650000021002030BD5FEA545C05D140004941D3
:1006600028BF41F0004130BD14F580043CBF01F5C6
:10067000801130BD01F0004545F0FE4141F47001AC
:100680004FF0000030BD7FEA645C1ABF1946104687
:100690007FEA655C1CBF0B46024650EA013406BF88
:1006A00052EA033591EA030F41F4002130BD00BF47
:1006B00090F0000F04BF0021704730B54FF4806404
:1006C00004F132044FF000054FF0000150E700BF85
:1006D00090F0000F04BF0021704730B54FF48064E4
:1006E00004F1320410F0004548BF40424FF00001D1
:1006F0003EE700BF42004FEAE2014FEA31014FEA14
:1007000002701FBF12F07F4393F07F4F81F0605162
:10071000704732F07F4208BF704793F07F4F04BFAD
:1007200041F40021704730B54FF4607401F000458A
:1007300021F000411CE700BF50EA010208BF7047EA
:1007400030B54FF000050AE050EA010208BF7047DB
:1007500030B511F0004502D5404261EB41014FF444
:10076000806404F132045FEA915C3FF4D8AE4FF04C
:1007700003025FEADC0C18BF03325FEADC0C18BF2F
:10078000033202EBDC02C2F1200300FA03FC20FA80
:1007900002F001FA03FE40EA0E0021FA02F11444CD
:1007A000BDE600BF70B54FF0FF0C4CF4E06C1CEAE6
:1007B00011541DBF1CEA135594EA0C0F95EA0C0F57
:1007C00000F0DEF82C4481EA030621EA4C5123EACA
:1007D0004C5350EA013518BF52EA033541F48011F9
:1007E00043F4801338D0A0FB02CE4FF00005E1FBAC
:1007F00002E506F00042E0FB03E54FF00006E1FBF6
:1008000003569CF0000F18BF4EF0010EA4F1FF0438
:10081000B6F5007F64F5407404D25FEA4E0E6D4178
:1008200046EB060642EAC62141EA55514FEAC52089
:1008300040EA5E504FEACE2EB4F1FD0C88BFBCF505
:10084000E06F1ED8BEF1004F08BF5FEA500E50F1B6
:10085000000041EB045170BD06F0004646EA01017C
:1008600040EA020081EA0301B4EB5C04C2BFD4EBAE
:100870000C0541EA045170BD41F480114FF0000EA7
:10088000013C00F3AB8014F1360FDEBF002001F015
:10089000004170BDC4F10004203C35DA0C341BDC8F
:1008A00004F11404C4F1200500FA05F320FA04F061
:1008B00001FA05F240EA020001F0004221F0004195
:1008C00010EBD37021FA04F642EB06015EEA430E08
:1008D00008BF20EAD37070BDC4F10C04C4F1200538
:1008E00000FA04F320FA05F001FA04F240EA0200EB
:1008F00001F0004110EBD37041F100015EEA430EBC
:1009000008BF20EAD37070BDC4F1200500FA05F2DB
:100910004EEA020E20FA04F301FA05F243EA02035A
:1009200021FA04F001F0004121FA04F220EA020069
:1009300000EBD3705EEA430E08BF20EAD37070BDAF
:1009400094F0000F0FD101F00046400041EB01018F
:1009500011F4801F08BF013CF7D041EA060195F071
:10096000000F18BF704703F00046520043EB03032B
:1009700013F4801F08BF013DF7D043EA0603704718
:1009800094EA0C0F0CEA135518BF95EA0C0F0CD023
:1009900050EA410618BF52EA4306D1D181EA030169
:1009A00001F000414FF0000070BD50EA410606BF63
:1009B0001046194652EA430619D094EA0C0F02D1A8
:1009C00050EA013613D195EA0C0F05D152EA0336ED
:1009D0001CBF104619460AD181EA030101F000410B
:1009E00041F0FE4141F470014FF0000070BD41F054
:1009F000FE4141F4780170BD70B54FF0FF0C4CF42E
:100A0000E06C1CEA11541DBF1CEA135594EA0C0F4C
:100A100095EA0C0F00F0A7F8A4EB050481EA030E99
:100A200052EA03354FEA013100F088804FEA033380
:100A30004FF0805545EA131343EA12634FEA02224E
:100A400045EA111545EA10654FEA00260EF000410F
:100A50009D4208BF964244F1FD0404F5407402D261
:100A60005B084FEA3202B61A65EB03055B084FEAF2
:100A700032024FF480104FF4002CB6EB020E75EBEF
:100A8000030E22BFB61A754640EA0C005B084FEA17
:100A90003202B6EB020E75EB030E22BFB61A754694
:100AA00040EA5C005B084FEA3202B6EB020E75EBDF
:100AB000030E22BFB61A754640EA9C005B084FEA57
:100AC0003202B6EB020E75EB030E22BFB61A754664
:100AD00040EADC0055EA060E18D04FEA051545EA53
:100AE00016754FEA06164FEAC30343EA52734FEAFC
:100AF000C2025FEA1C1CC0D111F4801F0BD141EA75
:100B000000014FF000004FF0004CB6E711F4801FD9
:100B100004BF01430020B4F1FD0C88BFBCF5E06FB9
:100B20003FF6AFAEB5EB030C04BFB6EB020C5FEAC9
:100B3000500C50F1000041EB045170BD0EF0004E1E
:100B40004EEA113114EB5C04C2BFD4EB0C0541EA50
:100B5000045170BD41F480114FF0000E013C90E64D
:100B600045EA060E8DE60CEA135594EA0C0F08BF11
:100B700095EA0C0F3FF43BAF94EA0C0F0AD150EA10
:100B800001347FF434AF95EA0C0F7FF425AF1046A3
:100B900019462CE795EA0C0F06D152EA03353FF4CB
:100BA000FDAE1046194622E750EA410618BF52EA48
:100BB00043067FF4C5AE50EA41047FF40DAF52EA1C
:100BC00043057FF4EBAE12E74FF0FF3C06E000BFB9
:100BD0004FF0010C02E000BF4FF0010C4DF804CDC6
:100BE0004FEA410C7FEA6C5C4FEA430C18BF7FEA86
:100BF0006C5C1BD001B050EA410C0CBF52EA430CB4
:100C000091EA030F02BF90EA020F0020704710F133
:100C1000000F91EA030F58BF994208BF90422CBFC2
:100C2000D8176FEAE37040F0010070474FEA410CBB
:100C30007FEA6C5C02D150EA013C07D14FEA430CD9
:100C40007FEA6C5CD6D152EA033CD3D05DF8040B4A
:100C5000704700BF8446104662468C46194663467C
:100C600000E000BF01B5FFF7B7FF002848BF10F153
:100C7000000F01BD4DF808EDFFF7F4FF0CBF012098
:100C800000205DF808FB00BF4DF808EDFFF7EAFF14
:100C900034BF012000205DF808FB00BF4DF808EDCF
:100CA000FFF7E0FF94BF012000205DF808FB00BFC4
:100CB0004DF808EDFFF7CEFF94BF012000205DF84E
:100CC00008FB00BF4DF808EDFFF7C4FF34BF01205B
:100CD00000205DF808FB00BF4FEA4102B2F1E0439B
:100CE00024BFB3F5001CDCF1FE5C0DD901F0004C13
:100CF0004FEAC0024CEA5070B2F1004F40EB830063
:100D000008BF20F00100704711F0804F21D113F18E
:100D10003872BCBF01F00040704741F480114FEAC7
:100D20005252C2F11802C2F1200C10FA0CF320FA50
:100D300002F018BF40F001004FEAC1234FEAD3236D
:100D400003FA0CFC40EA0C0023FA02F34FEA4303D7
:100D5000CCE77FEA625307D150EA01331EBF4FF060
:100D6000FE4040F44000704701F0004040F0FE407B
:100D700040F40000704700BF844641EA000313F0CE
:100D800003036DD1403A41D351F8043B40F8043B92
:100D900051F8043B40F8043B51F8043B40F8043B55
:100DA00051F8043B40F8043B51F8043B40F8043B45
:100DB00051F8043B40F8043B51F8043B40F8043B35
:100DC00051F8043B40F8043B51F8043B40F8043B25
:100DD00051F8043B40F8043B51F8043B40F8043B15
:100DE00051F8043B40F8043B51F8043B40F8043B05
:100DF00051F8043B40F8043B51F8043B40F8043BF5
:100E000051F8043B40F8043B403ABDD2303211D394
:100E100051F8043B40F8043B51F8043B40F8043BD4
:100E200051F8043B40F8043B51F8043B40F8043BC4
:100E3000103AEDD20C3205D351F8043B40F8043B94
:100E4000043AF9D2043208D0D2071CBF11F8013B92
:100E500000F8013B01D30B8803806046704700BF58
:100E6000082A13D38B078DD010F003038AD0C3F167
:100E70000403D21ADB071CBF11F8013B00F8013B49
:100E800080D331F8023B20F8023B7BE7043AD9D308
:100E9000013A11F8013B00F8013BF9D20B780370DD
:100EA0004B7843708B788370604670470000000079
:100EB0000000000000000000000000000000000032
:100EC000A2EB0300704700BF02780B78012A28BF0D
:100ED0009A42F5D16DE9044540EA0104CDE9026783
:100EE0006FF0000C4FEA447212B380EA010414F070
:100EF000070F6AD100F0070420F0070004F0030593
:100F000021F007014FEAC505F0E8042314F0040FAF
:100F1000F1E804670CFA05F462EA040266EA0406E2
:100F20000AD063EA0403624667EA0407664603E000
:100F3000F0E80423F1E8046782FA4CF582EA06043B
:100F4000A4FA8CF46CBB83FA4CF583EA0705A5FA86
:100F50008CF595B950E9022351E9026782FA4CF504
:100F600082EA0604A4FA8CF483FA4CF583EA0705B6
:100F7000A5FA8CF52543DBD09CB92DBAB5FA85F4DA
:100F800024F0070427FA04F1DDE9026723FA04F3E9
:100F900003F0FF0001F0FF01FDE80445A0EB0100B4
:100FA000704724BAB4FA84F424F0070426FA04F152
:100FB000DDE9026722FA04F202F0FF0001F0FF010E
:100FC000FDE80445A0EB0100704714F0030F3CD18D
:100FD00010F0030428D150F8082B51F8083B82FA8E
:100FE0004CF582EA0305A5FA8CF55DB950F8042C9E
:100FF00051F8043C82FA4CF582EA0305A5FA8CF517
:10100000002DE8D02DBAB5FA85F424F0070423FAB0
:1010100004F122FA04F202F0FF0001F0FF01FDE802
:101020000445A0EB010070474FEAC40420F0030020
:1010300050F8082B21F0030151F8083B0CFA04F496
:1010400062EA040263EA0403C9E710F003041AD059
:10105000A1EB040120F00300E40750F8042B06D0B4
:101060000FD28B785FFAA2F4E41A06D12BB1CB78B9
:101070005FFAB2F4E41A00D11BB920465DF8104BB8
:10108000704701F1040150F8042BCC0721F0030153
:1010900051F8043B48D824D222F07F4482FA4CF520
:1010A00094EA1325A5FA8CF50AD165B951F8043BE9
:1010B00084EA0204B4EB036F0ED150F8042BEBE783
:1010C0004FEA132355E035F07F454DD10878FDE810
:1010D0000445C0F1000070474FEA126203F0FF03BD
:1010E00047E002EA1C4482FA4CF594EA1345A5FA5B
:1010F0008CF50AD165B951F8043B84EA0204B4EBDB
:10110000034F0CD150F8042BEBE74FEA134330E0C8
:1011100015EA1C4528D10B884FEA124229E04FEA14
:10112000124203EA1C4324E002F0FF0482FA4CF569
:1011300094EA1365A5FA8CF50AD165B951F8043B18
:1011400084EA0204B4EB032F09D150F8042BEBE737
:101150004FEA13630DE015F0FF0F05D10B684FEA5E
:10116000122223F07F4304E04FF00000FDE8044525
:10117000704712BA1BBA82FA4CF482EA0304A4FA4A
:101180008CF5B5FA85F402FA04F203FA04F34FEA97
:101190001260FDE80445A0EB1360704700B583B012
:1011A00001F00AFD0190012101A801F02DFEFAE7EE
:1011B00000B583B001F000FD019005E00DF0A8F945
:1011C000084A137801331370642101A801F01CFE52
:1011D000054B1B78012BF7D1024B1B78002BF3D169
:1011E000ECE700BF000D00200000002000B583B038
:1011F0000DF0CCFB01F0E0FC0190052101A801F00D
:1012000003FEFAE700B583B001F0D6FC01900A2195
:1012100001A801F0F9FD09F02DFAF8E700B583B057
:1012200001F0CAFC0190052101A801F0EDFD0521A6
:1012300001A801F0E9FD01F0BFFC0190052101A822
:1012400001F0E2FD01F0FCFF09F004FAF6E700B559
:1012500083B001F0B1FC0190032101A801F0D4FD9D
:10126000012101A801F0D0FD08F056FD0AF07EFF33
:10127000F6E74FF0200383F31188BFF36F8FBFF3BE
:101280004F8FFEE730B583B000F0F6F800240194EC
:101290000523009323464FF4C8721C491C4801F0F3
:1012A0002DFB01940A25009523464FF41672194927
:1012B000194801F023FB0194009523464FF4C872AE
:1012C0001649174801F01AFB0194009523464FF484
:1012D000C8721449144801F011FB019408230093CB
:1012E00023464FF4C8721149114801F007FB0194DD
:1012F0000123009323464FF4C8720E490E4801F0B3
:10130000FDFA01F0FDFB03B030BD00BFACED000005
:101310004F120000B8ED00001D120000C4ED0000E7
:1013200005120000D4ED00009D110000E0ED00006A
:10133000ED110000ECED0000B1110000034B1B7833
:10134000642B9ABF0370002001207047458E002057
:10135000B0F5805F3DBF024B188000200120704730
:101360006E8E0020B0F5805F3DBF024B18800020DC
:1013700001207047708E0020B0F5805F3DBF024BAA
:101380001880002001207047728E0020431E044AFE
:10139000073013F8011F02F8011F8342F9D170478B
:1013A000030D0020014B1870704700BF0C0D00208A
:1013B000038C03EB43010C4A02EB4102927892B991
:1013C00010B50446084A02EB41035B7803B110BD37
:1013D00008F078FD0128FAD108F080FD012804BF4B
:1013E00001232377F3E77047FCED000000EB400298
:1013F000194B13F812306BBBF0B58FB004460D4695
:101400001346154A02EB43039B78012B01D00FB022
:10141000F0BD08F05DFD0128F9D108F065FD012857
:10142000F5D1DFF838C004EB44040B4F07EB440759
:101430006C460CF108060FCE0FC40FCE0FC40FCEB2
:101440000FC4336823609CE80C002946B88807F075
:10145000C5FCDCE7704700BFFCED00006C0300201A
:1014600008B5034800F028FD024800F025FD08BD3E
:1014700064EE0000A0EE000008B5064B1868064BAD
:10148000064A014600F0BCF94FF0005000F0EEF9BA
:1014900008BD00BFF40A01206114000008EF00003D
:1014A00010B501F08FFB04464201C30E121A63F11E
:1014B0000003990041EA92719000001941F1000186
:1014C000CB0043EA5073C2001046194610BDF0B578
:1014D00087B007460E4615461C461822002168466E
:1014E0000DF0E8FB00970196029503940C9B049382
:1014F000684600F071FC07B0F0BD0000F0B583B0A5
:1015000005460C4616461F460522134920460DF097
:10151000A1FBD0B1114B1A68072A18D8104B02EB67
:10152000820003EB800143F820504C608E60CF6056
:10153000089B0B610132094B1A60089B00933B46E4
:10154000324621462846FFF7C2FF03B0F0BD0548EA
:1015500000F002FEF9E700BFB0EE0000100D002021
:10156000140D0020B8EE00000B4B1B689BB130B58A
:1015700083B00A4C002523690093E368A268616880
:101580002068FFF7A4FF01351434034B1B68AB42FE
:10159000F1D803B030BD7047100D0020140D0020AD
:1015A00038B5174CA822002120460DF083FB0323F9
:1015B00023616361134AA261134BE3614FF48063BB
:1015C00023620023A3626362E36222660F4A6266BB
:1015D0001022A2662367E3666367BFF35F8F0C4840
:1015E00000F10F0300F10F01C91A93F90050044CE8
:1015F0006554834203F1FF33F4D1BFF35F8F38BDED
:101600001094002010EF0000C40D0020B40D002045
:101610001CEF00002DE9F0470446894617462A4B87
:101620001B785BB2532B28D104EB4403264A02EB10
:10163000C3031E6FD3F86C80464521D8A8EB06057E
:10164000BD4228BF3D46ADB14FF0000804EB440356
:101650001D4A02EBC303596E2A4631444846FFF740
:101660008BFB2E4445442DB104EB4404164B03EB95
:10167000C40426672846BDE8F087FFF791FFD3E74B
:1016800004EB440A02EBCA0ADAF86850AD1BBD420B
:1016900028BF3D46DAF864102A4631444846FFF731
:1016A0006BFB7F1B2E44DAF86830B34208BF00267C
:1016B000A8EB0608474528BF4746002FD3D0A944CA
:1016C000A8463D46C2E700BF109400202DE9F04136
:1016D00080460F4616461D461E4B1B785BB2532BA9
:1016E00032D1EFF311824FF0200181F311880020F5
:1016F000441C04EB4404174B03EBC404636823B19C
:101700000130144B1B698342F2DC124B1B6983428C
:101710001DDD104B411C01EB4104E40043F8048043
:1017200001EB410103EBC1014F6000EB400103EB12
:10173000C1031E62002199625962DD62BFF35F8FAF
:1017400082F31188BDE8F081FFF72AFFC9E74FF067
:10175000FF30F5E7109400202DE9F041044688465B
:1017600017461E46164B187840B2532822D1022C39
:1017700023D8EFF311834FF0200181F311885CB17E
:1017800004EB44000E4D05EBC000C0F860804766D6
:10179000866600220267C26604EB4404084800EB38
:1017A000C404069A6267BFF35F8F83F31188002039
:1017B000BDE8F081FFF7F4FED9E74FF0FF30F7E71F
:1017C0001094002070B40446B1B10E4601301546A5
:1017D000802A28BF80255AB10B46194613F9012BE0
:1017E00032B1194600F8012B6A1C22449042F4D110
:1017F000891B217070BC7047002300F8013BF9E79A
:101800002DE9F04782B007460E4690461D46DFF8A8
:10181000589000234FF400520F494846FFF756FFF7
:10182000C0B20E4C607020764FF0000ACDF800A0D8
:1018300008230B4A4946FFF78FFFC4F810A0094B55
:101840001B68E360C4F820806760A660656284F866
:1018500000A002B0BDE8F087F8110020D0110020F0
:10186000C4110020041000E030EF0000014B1861AB
:10187000704700BFD011002008B5034B1B6A13B19D
:101880005B6803B1984708BDD011002010B5064B26
:101890001C681CB910BD2469002CFBD0E368002B28
:1018A000F9D09847F7E700BFDC32002010B5EFF31E
:1018B00011844FF0200181F311880B4B1B787F2B93
:1018C0000ED90A4963F07F02CA71DA09083101F8BA
:1018D000012B1B22064800F0B7F884F3118810BDD5
:1018E0001A460349F3E700BFCC110020F83100206D
:1018F000FF31002038B52A4D01232B70EFF31184FE
:101900004FF0200181F311880A2226496878FEF7FA
:101910000BFD84F311880A2000F08EF9EFF3118497
:101920004FF0200181F311886B687F2B36D91E4957
:1019300063F07F0201F8012BDB097F2BF8D801F857
:10194000013B174B9B687F2B06D963F07F0201F8A0
:10195000012BDB097F2BF8D801F8013B104B1B69E9
:101960007F2B06D963F07F0201F8012BDB097F2B67
:10197000F8D80B7000234B70182202310A4800F08F
:1019800063F884F31188064B5B6A03B1984700F053
:10199000AFF9FFF771FFFFF789FF38BD0249CEE7C6
:1019A000D011002038EF0000FF31002000B583B0D7
:1019B00001220DF10701234B187EFFF72BFE00B328
:1019C0009DF80730072B09D8DBB15A1E062A2DD8FF
:1019D000DFE802F0151A1D20232629007F2B10D0E6
:1019E000802B23D101220DF10701164B187EFFF742
:1019F00011FE30B19DF8070000F06EFB01E0FFF72B
:101A000079FF03B05DF804FB00F08AF9F9E700F014
:101A10006FF9F6E7FFF730FFF3E700F09BF9F0E727
:101A2000FFF744FFEDE7FFF731FFEAE713F0800F20
:101A3000E7D001220DF10701024B187EFFF7EAFD06
:101A4000DFE700BFD0110020F0B585B006460C4698
:101A50001546764B1B78012B02D043B3022B3CD0AA
:101A60001F2D05D8714BDB69EB4013F0010F1ED120
:101A7000172D6DD8711E06F8015C6D4B1D686B4B00
:101A8000DB68EB1A7F2B06D963F07F0204F8012B89
:101A9000DB097F2BF8D804F8013B621A634B5878B6
:101AA000FEF742FC002800F0B380604BDD605F4B26
:101AB0001B7E604A03EB430102EBC101C96E03EBDD
:101AC000430302EBC3031B6F994204D0574B9B782F
:101AD000002B00F0A28005B0F0BD01238DF804308A
:101AE000524B5B697F2B2BD90DF1050263F07F010F
:101AF00002F8011BDB097F2BF8D802F8013B4C4BA5
:101B00001F684A4BDB68FB1A7F2B06D963F07F0105
:101B100002F8011BDB097F2BF8D802F8013B01A971
:101B2000521A424B5878FEF7FFFB60B13F4BDF6023
:101B30001A78013A1A703D4B1B78012BB7D18FE709
:101B40000DF10502D9E7394A536901335361F2E7D0
:101B5000A31B7F2B0DD9DA0906F8012CB21E63F006
:101B60007F0306F8023C7E2D07D8511E02F8015C67
:101B700083E7721E06F8013CF5E7B5F5804F08D201
:101B8000EB0902F8013C911E65F07F0502F8025C4A
:101B900073E7B5F5001F0DD2AB0B02F8013CEB0962
:101BA00063F07F0302F8023CD11E65F07F0502F866
:101BB000035C62E7B5F1805F12D26B0D02F8013C65
:101BC000AB0B63F07F0302F8023CEB0963F07F0389
:101BD00002F8033C111F65F07F0502F8045C4CE736
:101BE0002B0F02F8013C6B0D63F07F0302F8023CFF
:101BF000AB0B63F07F0302F8033CEB0963F07F0358
:101C000002F8043C511F65F07F0502F8055C34E7DB
:101C1000064A13780133137049E7044C0123A3707B
:101C2000FFF7C4FE0023A37055E700BFD0110020CA
:101C3000041000E01094002010B50246EFF3118468
:101C40004FF0200181F3118803480146FFF7FCFEA5
:101C500084F3118810BD00BFFF31002038B5024663
:101C60000B46EFF311854FF0200181F311887F2B94
:101C70000FD9094963F07F0401F8014BDB097F2B81
:101C8000F8D801F8013B0448FFF7DEFE85F3118820
:101C900038BD0149F5E700BFFF31002038B50B46DC
:101CA000EFF311854FF0200181F311887F2B1BD9B1
:101CB0000E4963F07F0401F8014BDB097F2BF8D854
:101CC00001F8013B7F2A06D962F07F0301F8013B4E
:101CD000D2097F2AF8D801F8012B02460348FFF702
:101CE000B3FE85F3118838BD0049E9E7FF310020D4
:101CF00008B5094B1B6A43B11B6833B198470A46C4
:101D000001460D20FFF7CAFF08BD044B19680C20DF
:101D1000FFF7A4FFF8E700BFD0110020041000E097
:101D200010B5EFF311844FF0200181F31188074BB8
:101D30001B7813B984F3118810BD05480B220146A6
:101D4000FFF782FE014B00221A70F3E7D01100204A
:101D5000FF31002010B5EFF311844FF0200181F323
:101D600011881B4B5B687F2B30D91A4963F07F02C7
:101D700001F8012BDB097F2BF8D801F8013B144B4C
:101D80009B687F2B06D963F07F0201F8012BDB09EA
:101D90007F2BF8D801F8013B0D4B1B697F2B06D92F
:101DA00063F07F0201F8012BDB097F2BF8D80B7061
:101DB00000234B70182202310648FFF745FE84F3DA
:101DC0001188034B5B6A03B1984710BD0149D4E702
:101DD000D0110020FF31002038B50546EFF3118403
:101DE0004FF0200181F311880368314A12699B1A70
:101DF0007F2B59D92F4863F07F0200F8012BDB09B4
:101E00007F2BF8D800F8013BAB687F2B06D963F035
:101E10007F0200F8012BDB097F2BF8D800F8013B8B
:101E200020226968FFF7CEFC014609222148FFF70E
:101E30000BFE2B681E4A12699B1A7F2B36D91D494F
:101E400063F07F0201F8012BDB097F2BF8D801F842
:101E5000013BEB687F2B06D963F07F0201F8012B71
:101E6000DB097F2BF8D801F8013B2B697F2B06D9C2
:101E700063F07F0201F8012BDB097F2BF8D801F812
:101E8000013B6B697F2B06D963F07F0201F8012BC0
:101E9000DB097F2BF8D801F8013B15220548FFF735
:101EA000D3FD84F3118838BD0248ABE70149CEE782
:101EB000D0110020FF31002038B5EFF311854FF02D
:101EC000200181F31188074C802201462046FFF74C
:101ED00079FC01460E222046FFF7B6FD85F31188F6
:101EE00038BD00BFFF31002010B5EFF311844FF073
:101EF000200181F311880C4B1A68C2F3080312F415
:101F0000C07F0ED0094963F07F02CA71DB09083136
:101F100001F8013B02220648FFF796FD84F3118881
:101F200010BD0349F4E700BF04ED00E0F8310020E4
:101F3000FF31002010B5EFF311844FF0200181F341
:101F40001188044803220146FFF77EFD84F31188BF
:101F500010BD00BFFF31002010B5EFF311844FF02A
:101F6000200181F31188044812220146FFF76CFD1D
:101F700084F3118810BD00BFFF31002010B5EFF3CE
:101F800011844FF0200181F3118804481122014689
:101F9000FFF75AFD84F3118810BD00BFFF31002008
:101FA00010B5EFF311844FF0200181F311880C4B31
:101FB0001B69C01A7F2810D90A4960F07F0301F815
:101FC000013BC0097F28F8D801F8010B0822054819
:101FD000FFF73AFD84F3118810BD0249F4E700BF12
:101FE000D0110020FF31002010B5EFF311844FF025
:101FF000200181F311880C4B1B69C01A7F2810D96E
:102000000A4960F07F0301F8013BC0097F28F8D836
:1020100001F8010B04220548FFF716FD84F311882F
:1020200010BD0249F4E700BFD0110020FF310020AD
:1020300010B5EFF311844FF0200181F311880C4BA0
:102040001B69C01A7F2810D90A4960F07F0301F884
:10205000013BC0097F28F8D801F8010B062205488A
:10206000FFF7F2FC84F3118810BD0249F4E700BFCA
:10207000D0110020FF31002010B50B46EFF3118482
:102080004FF0200181F31188114A1269801A7F28CC
:102090001BD9104960F07F0201F8012BC0097F288D
:1020A000F8D801F8010B7F2B06D963F07F0201F805
:1020B000012BDB097F2BF8D801F8013B07220548EB
:1020C000FFF7C2FC84F3118810BD0249E9E700BFA5
:1020D000D0110020FF31002038B51C4B1C6894B390
:1020E000024628B1002324696CB301339342FAD12C
:1020F000EFF311854FF0200181F311887F2823D958
:10210000134B60F07F02DA71C20903F1080000F896
:10211000012BA3687F2B06D963F07F0200F8012B07
:10212000DB097F2BF8D800F8013B80222168FFF7FC
:1021300049FB014616220748FFF786FC85F3118804
:10214000E36803B1984738BD0248E0E7DC3200207D
:10215000F8310020FF31002038B5EFF311854FF042
:10216000200181F31188094C802201462046FFF7A7
:1021700029FB01230370002343701A22811C20468F
:10218000FFF762FC85F3118838BD00BFFF310020E6
:1021900010B4134B1A461B688342FBD35168541882
:1021A000A0420AD041684418A3420BD00360904279
:1021B00018BF10605DF8044B7047406801445160DF
:1021C0001046EFE7074C2468A34206D05B68194429
:1021D000416013681B680360E9E70460E7E700BF3C
:1021E000F8820020E0320020F8B5044600F0DCFC64
:1021F000464B1B68D3B1464B1E68264240F0818097
:10220000631E13F10A0F7CD804F1080314F0070FC2
:1022100005D023F0070208329A4272D913463D4A8C
:1022200015689D426DD33C4A146827E03B4A12F082
:10223000070F1ED0D11D21F0070102F5A0435B1A44
:102240000A4635480260002141601344083B23F0F0
:1022500007032E48036059601960991A5160136092
:102260002F4B19602B4B1960294B4FF000421A601D
:10227000C1E74FF4A043E4E722460C466168994267
:1022800002D221680029F7D120490968A14238D03B
:1022900017680837216811606268D21A102A10D9AD
:1022A000E01810F0070F08D04FF0200383F31188D7
:1022B000BFF36F8FBFF34F8FFEE742606360FFF79E
:1022C00067FF6268AD1A13490D60154909688D42B0
:1022D0003CBF13490D601643666000232360114A1A
:1022E00013680133136000F00BFD17F0070F0BD0DC
:1022F0004FF0200383F31188BFF36F8FBFF34F8F2D
:10230000FEE700F0FDFC00273846F8BDE032002073
:10231000E4820020E8820020F8820020E4320020DD
:10232000EC820020F0820020002833D010B5044653
:1023300050F8043C184A1268134208D14FF02003A9
:1023400083F31188BFF36F8FBFF34F8FFEE750F811
:10235000081C41B14FF0200383F31188BFF36F8F46
:10236000BFF34F8FFEE723EA020340F8043C00F07E
:102370001BFC0A4A54F8043C11680B441360A4F196
:102380000800FFF705FF064A13680133136000F0E9
:10239000B7FC10BD704700BFE4820020E882002037
:1023A000F482002082B0002301930D4B1B68B3F12F
:1023B000FF3F08D04FF0200383F31188BFF36F8FE6
:1023C000BFF34F8FFEE74FF0200383F31188BFF375
:1023D0006F8FBFF34F8F019B002BFCD002B0704773
:1023E0000400002008480068006880F308884FF067
:1023F000000080F3148862B661B6BFF34F8FBFF35D
:102400006F8F00DF00BF000008ED00E0DFF80C0078
:10241000016841F4700101607047000088ED00E040
:102420004FF0807340F8043C21F0010140F8081C93
:10243000054B40F80C3C40F8202C6FF0020340F8AC
:10244000243C4438704700BFA52300000000000072
:10245000074B19680868B0E8F04F80F30988BFF3AC
:102460006F8F4FF0000080F311887047AFF300804A
:10247000088300204FF0200383F31188BFF36F8F90
:10248000BFF34F8F0A4A136801331360012B00D04A
:102490007047084B1B6813F0FF0FF9D04FF0200373
:1024A00083F31188BFF36F8FBFF34F8FFEE700BF39
:1024B0000400002004ED00E0094B1B6843B94FF015
:1024C000200383F31188BFF36F8FBFF34F8FFEE7B5
:1024D000013B034A13600BB983F31188704700BFB7
:1024E00004000020000000000000000000000000C8
:1024F000EFF30980BFF36F8F154B1A681EF0100FB2
:1025000008BF20ED108A20E9F04F10602DE9090086
:102510004FF0200080F31188BFF34F8FBFF36F8F10
:1025200000F0CCFC4FF0000080F3118809BC196862
:102530000868B0E8F04F1EF0100F08BFB0EC108A2A
:1025400080F30988BFF36F8F704700BFAFF300803F
:102550000883002008B54FF0200383F31188BFF3F0
:102560006F8FBFF34F8FFFF7BFFC00F033FB48B115
:10257000FFF7F2FC054B4FF080521A60002383F303
:10258000118808BDFFF7D6FCF8E700BF04ED00E0B6
:10259000084A0023136008490B60084B1B68084970
:1025A000A1FB03139B09013B06490B600723136042
:1025B000704700BF10E000E018E000E0F40A0120DE
:1025C000D34D621014E000E03B4B1A683B4B9A423B
:1025D00039D0394B1A683A4B9A423DD010B582B087
:1025E000384B1A78D2B20192FF221A701B78DBB2F4
:1025F0008DF803309DF8033003F02003324A137046
:10260000324B07221A609DF8033013F0800F11D06F
:1026100006229DF803305B00DBB28DF803309DF895
:1026200003101346013A11F0800FF2D1274A1360CC
:10263000042B1AD04FF0200383F31188BFF36F8F60
:10264000BFF34F8FFEE74FF0200383F31188BFF3F2
:102650006F8FBFF34F8FFEE74FF0200383F3118896
:10266000BFF36F8FBFF34F8FFEE7184B4FF48062BD
:102670001A60019BDBB202F1E0221370144B1A685E
:1026800042F460021A601A6842F060421A60FFF772
:102690007FFF00240F4B1C60FFF7B8FE0E4A136843
:1026A00043F040431360FFF79DFE00F007FCFFF787
:1026B00079FE204602B010BD00ED00E071C20F416E
:1026C00070C20F4100E400E000830020048300207A
:1026D00020ED00E00400002034EF00E0EFF305837C
:1026E0000F2B0FD9104A9B5CDBB2104A12789A422A
:1026F00008D94FF0200383F31188BFF36F8FBFF326
:102700004F8FFEE70A4B1B6803F4E063094A126827
:10271000934208D94FF0200383F31188BFF36F8FE2
:10272000BFF34F8FFEE77047F0E300E00083002027
:102730000CED00E00483002000F1080343604FF03B
:10274000FF328260C360036100230360704700238F
:102750000361704743684B609A688A605160996072
:102760000861036801330360704730B40D68B5F148
:10277000FF3F11D000F108031C465B681A68AA42AB
:10278000FAD963684B6099608C6061600861036886
:102790000133036030BC70470469F2E703694168A4
:1027A00082688A60416851605A68824204BF8268C8
:1027B0005A60002202611A68013A1A60186870476C
:1027C000074B1B681B6823B9064B4FF0FF321A609A
:1027D0007047034B1B68DB681A68024B1A6070472E
:1027E0000C830020F483002008B5154B1B68D3B17F
:1027F000FFF740FE134BDB68DD68281DFFF7CEFFB7
:10280000114A1368013B13600D4C2368013B2360A0
:10281000FFF752FE286BFFF787FD2846FFF784FD80
:102820002368002BE4D1094B1B68012BDDD9084B31
:102830004FF080521A60BFF34F8FBFF36F8FD4E712
:10284000B88300202C840020B4830020148300204F
:1028500004ED00E070B504460D46214B1E68214B87
:1028600018680430FFF79AFF48B91E4B1A681E49D2
:102870000B68D06A0122824023EA02030B60B4F1A4
:10288000FF3F11D03444174B1B685C60A64214D93B
:10289000144C20680421FFF7EFFB144B18682168E3
:1028A0000431FFF762FF70BD002DEBD00D4B1968AE
:1028B00004310F48FFF74EFFF5E70A4D2868042161
:1028C000FFF7DAFB0B4B186829680431FFF74DFF5F
:1028D000094B1B68A34284BF074B1C60E3E700BFA2
:1028E0004084002008830020C4830020108300203F
:1028F000188400200C830020F48300202DE9F04F81
:1029000083B007460D46984696003046FFF76CFCAC
:10291000002800F0CF8081465C20FFF765FC04466C
:10292000002800F09980C0F830903246A521484632
:102930000CF0C0F9D4F83090002D00F093806A1E9E
:1029400004F133010E3512F9013F01F8013F0BB1DB
:10295000AA42F8D1002384F842300C9D072D28BFED
:102960000725E562E5644FF0000BC4F850B004F1B0
:10297000040A5046FFF7EBFE04F11800FFF7E7FEEC
:102980002461C5F10805A56164620422594604F179
:1029900054000CF08FF90122594604F158000CF054
:1029A00089F9043E4E444246394626F00700FFF7B7
:1029B00037FD20600D9B03B11C60FFF75BFD424AB1
:1029C000136801331360414B1B68002B4ED0404B02
:1029D0001B683BB93D4B1B68DA6AE36A9A429CBFAD
:1029E0003A4B1C603B4A1368013313606364204612
:1029F000FFF7D6FA236BE26A214651F8340BC01A6E
:102A000000902046FEF77AFD2046FFF711FBE06AB2
:102A1000314A1168012383400B43136000EB8000AF
:102A200051462E4B03EB8000FFF794FEFFF744FD69
:102A3000274B1B68002B42D0244B1B68DA6AE36AE1
:102A40009A423ED2264B4FF080521A60BFF34F8F0E
:102A5000BFF36F8F01202FE04846FFF765FC4FF072
:102A6000FF3029E0002384F8343076E7174B1C60F0
:102A70001368012BB6D1194D05F1A0062846FFF7C2
:102A80005BFE1435AE42F9D1164E3046FFF754FEC8
:102A9000154D2846FFF750FE1448FFF74DFE144829
:102AA000FFF74AFE1348FFF747FE134B1E60134B18
:102AB0001D6097E74FF0FF3003B0BDE8F08F0120B5
:102AC000FAE70120F8E700BFB48300200883002064
:102AD00014840020C0830020C483002014830020BD
:102AE00004ED00E0C8830020DC8300200084002087
:102AF0002C840020188400200C83002010830020E8
:102B000000B583B0204B0193002300934FF4C872AB
:102B10001E491F48FFF7F2FE012807D0B0F1FF3F22
:102B200028D01C4B1B6803B05DF804FB4FF020035A
:102B300083F31188BFF36F8FBFF34F8F164B4FF0A6
:102B4000FF321A60154B01221A60154B00221A60E1
:102B5000144B186805220D4934300CF07BF830B165
:102B6000104B1868FFF740FAFFF72EFDD9E7FFF783
:102B700005FAF9E74FF0200383F31188BFF36F8F55
:102B8000BFF34F8FFEE700BFF0830020B0EE0000E0
:102B9000E927000008000020F483002014840020AE
:102BA0004084002008830020024A13680133136028
:102BB000704700BFBC830020014B1868704700BFFE
:102BC0004084002008B5FFF789FD014B186808BD57
:102BD00040840020F8B53F4B1B68002B73D13E4B5F
:102BE0001E6801361E60C6B93C4B1B681B6843B1AA
:102BF0004FF0200383F31188BFF36F8FBFF34F8F24
:102C0000FEE7364A1168364B186810601960354A7D
:102C1000136801331360FFF7D3FD334B1B68B342D6
:102C20003FD82E4B1B681B680BB1002426E0002404
:102C30002D4B4FF0FF321A6034E02B4A136031E025
:102C40002846FFF7F5F9E86A284A1168012383400E
:102C50000B43136000EB80003946254B03EB8000EB
:102C6000FFF778FD234B1B68EA6ADB6A9A4228BFAC
:102C700001241A4B1B681B68002BD9D0174B1B680B
:102C8000DB68DD686B689E42D7D32F1D3846FFF79F
:102C900085FDAB6A002BD3D005F11800FFF77EFD50
:102CA000CEE70024134B1B68DB6A03EB83039B0016
:102CB0000F4AD358022B28BF01240F4B1B68002B4F
:102CC00018BF012404E00D4A136801331360002487
:102CD0002046F8BDBC830020408400200C830020E7
:102CE00010830020F8830020F4830020C483002098
:102CF000148300200883002044840020FC830020EB
:102D000038B5384B1B6843B94FF0200383F3118863
:102D1000BFF36F8FBFF34F8FFEE7FFF7ABFB314B76
:102D20001A68013A1A601B68002B40D12E4B1B68B1
:102D3000002B41D02D4B1B6823B941E02B4B1B6866
:102D4000002B3BD0294BDB68DC6804F11800FFF74F
:102D500025FD251D2846FFF721FD2046FFF768F9D0
:102D6000E06A234A1168012383400B43136000EBA0
:102D7000800029461F4B03EB8000FFF7EBFC1E4B46
:102D80001B68E26ADB6A9A42D8D31C4B01221A60A4
:102D9000D4E7013C07D0FFF71DFF0028F9D0174BFF
:102DA00001221A60F5E7164B00221A600CE000249D
:102DB000FFF782FB204638BD0024F9E7FFF700FD4E
:102DC0000F4B1C68002CE6D10C4B1C68002CEFD07C
:102DD0000C4B4FF080521A60BFF34F8FBFF36F8FD1
:102DE0000124E5E7BC830020B48300200084002098
:102DF000C483002014830020088300204484002022
:102E0000FC83002004ED00E060B170B50C4605467F
:102E100089B94FF0200383F31188BFF36F8FBFF39D
:102E20004F8FFEE74FF0200383F31188BFF36F8FBE
:102E3000BFF34F8FFEE71E4B1B6843B14FF02003DB
:102E400083F31188BFF36F8FBFF34F8FFEE7FFF758
:102E5000ABFE184B1E682B681C44B3420BD9A3422F
:102E600002D82C60002413E0A64202D32C60002478
:102E70000EE02C6004E0A34201D8A64215D22C60DB
:102E80002420FEF7D9FE0021A01BFFF7E3FC01245C
:102E9000FFF736FF38B9084B4FF080521A60BFF386
:102EA0004F8FBFF36F8F204670BD2C600024EFE77B
:102EB000BC8300204084002004ED00E008B5334BC3
:102EC0001B681BB1324B01221A6008BD304B002237
:102ED0001A60304B1B681B6B1A68B2F1A53F03D117
:102EE0005A68B2F1A53F1BD02A4B186819683431D3
:102EF000FEF7BFF9284B1B68B3FA83F3DBB2C3F1CB
:102F00001F0303EB8302920024498A588AB94FF0C9
:102F1000200383F31188BFF36F8FBFF34F8FFEE75A
:102F20009A68B2F1A53FDFD1DB68B3F1A53FDBD1F1
:102F3000E0E71A4A03EB830102EB8101486840682D
:102F4000486003EB830102EB81020832904214D007
:102F500003EB8303114A02EB83035B68DA680D4BD2
:102F60001A60186805220E4934300BF073FE50B118
:102F7000084B1868FFF738F8A7E74068074A02EBE4
:102F800081025060E4E7FEF7F9FF9EE7BC83002072
:102F90004484002008830020C48300201483002080
:102FA000B0EE000091B3F0B40B46011F013B9BB2A1
:102FB00000EB83044FF6FF7051F8046F154DF3B228
:102FC00083EA102335F8132082EA002083B2704090
:102FD000C0F3072035F8102082EA032297B2C6F327
:102FE0000740C2F30722424035F8123083EA072334
:102FF0009AB2C3F3072383EA166335F8130080EA15
:10300000022080B2A142D7D1F0BC70474FF6FF70CA
:10301000704700BF44EF0000064B1B88834206D078
:10302000044B9B89834214BF02200120704700207B
:10303000704700BF100000207D4B1B78012B01D092
:10304000042070472DE9F047044606F089F900286E
:1030500040F0EB802046FFF7DFFF0446012801D94E
:103060000420E3E0054600EB4003724A02EB8303D1
:1030700059886F4B02221A7000EB40036E4A02EB34
:10308000C3035B78012B14D071B1002105EB45031C
:10309000684A02EB83038AB25868FF2484540131E2
:1030A0005A888BB29A42F1D8614B01221A700320E0
:1030B000BCE04FEA9108DFF884A100238AF80030D1
:1030C00000EB40035C4A02EBC3039F68D7F804900F
:1030D00007F1080641463046FFF764FF00BF9AF843
:1030E0000030DBB2012B3DD01FFA89F981455ED05B
:1030F00004EB4403504A02EBC3031F69B7F8049082
:1031000007F1080641463046FFF74CFF00BF8145F6
:1031100071D004EB4402474B03EB82035B88002130
:103120006BB105EB4503434A02EB83038AB258684F
:10313000FF26865401315A888BB29A42F1D804EBAB
:1031400044023D4B03EBC20300225A7004221A755D
:1031500004EB4404374B03EB8404A3689B6801220F
:103160001A71A1E704EB4402334B03EBC2030022C4
:103170005A7003221A7504EB44042E4B03EB8403AC
:103180009A689268012111715B88002B8CD0002114
:1031900005EB4503274A02EB83038AB25868FF24F4
:1031A000845401315A888BB29A42F1D87CE7B8F145
:1031B000000F15D008F1FF339BB207F10C0000EBB4
:1031C0008300316805EB45031A4A02EB83035A6812
:1031D00032446FF00703DB1BD1500436B042F0D10C
:1031E000154B04EB440203EBC2020121517013465C
:1031F00000221A7558E7B8F1000FA0D008F1FF338C
:103200009BB207F10C0000EB8300316805EB45032E
:10321000084A02EB83035A6832446FF00703DB1B52
:10322000D15004368642F0D189E70420BDE8F0870A
:103230004984002010000020588400208884002049
:103240002DE9F04186B09C4B1B78022B0BD09B4B99
:103250001B682BB1013B994A1360002B00F03883A7
:1032600006B0BDE8F081964B1B78092B00F09781E2
:103270000A2B40D0904B01221A70904B00221A600A
:1032800006F07AF8E3E78F4B1B788F4A03EB430194
:1032900002EB81039B689B7803EB430352F82120E8
:1032A00002EB8301098952F8230006F02BF806F09F
:1032B0005DF8864B0E221A701DE005F0B3FE06F095
:1032C0004FF8012823D006F04BF80028D2D106F0A1
:1032D00059F8022827D17B4B1B7803EB43037A4A2A
:1032E00002EB830399680B79012B14D0032300228E
:1032F0000A61052B06D1754B1B780D2BC3D00E2B05
:10330000DBD00423033BDBB2012BA0D8B2E76F4B29
:103310000E221A709BE76A4B09221A706B4B12221D
:103320001A700623E3E706F02DF80328A2D1654BB7
:103330001B7803EB4303644A02EB83039A68137917
:10334000012B06D00423116909290AD80131116122
:10335000D8E75B4B092119705C4B122119700623C9
:10336000F1E70123D3705A4A137083E7594B1B8846
:10337000012B15D81A4603EB4301574800EBC10156
:10338000C978012900F090825A1C92B2012A05D80E
:10339000C17E012900F0868202339AB24D4B1A8019
:1033A0004E4B00221A7065E74D4B1888012800F239
:1033B0006A824C4B1B8803EB43034B4A02EB8303AB
:1033C0009E68464B1F78034600EB4000424A02EBE2
:1033D000C00036E2434B1A8802EB4201424B03EB3A
:1033E00081039B68996808780C7994B91C6800EB94
:1033F000400504EB850402EB42023B4D05EB8202E3
:10340000528808328D682A446468944250D201225E
:103410000A719A68117901294AD1D178002936D1E7
:10342000D4681D79314901FB05F18C422FD201345A
:10343000D46099684A7801324A709A685478197948
:103440008C4224BF002151709A6851788842F0D094
:10345000917099684A781B6802EB420253F8223057
:1034600010338B601E4B00221A801E4B1B8803EB0F
:1034700043031D4A02EB83039A68134B9A4213D00D
:103480000F4B0A221A70114B0D221A70DFE601232E
:10349000D3700F4A1370114B1B78012B7FF4EAAEE7
:1034A0000A4B13221A707AE0064B00221A70E7E7E3
:1034B000064B10221A7072E04984002050840020CC
:1034C0000C0000208984002028000020488400206F
:1034D0008A8400204A840020588400204C840020E4
:1034E0008C8400205484002010000020A08601005D
:1034F000B84B1E88B84906EB460401EB84039F686D
:10350000BA68D2F808805D88D3F804C031F8243056
:10351000ADF80030ADF8025041F23423ADF806307A
:103520001379002B4ED15DB10CF1FF33AB4A681E0D
:103530001CFA80F013F8011F02F8011F8342F9D131
:10354000A74CA90804F10800FFF72CFDADF8040012
:103550000DF1FF33621E0DF1070413F8011F02F88D
:10356000011FA342F9D19F4B06EB460203EBC202B7
:10357000D080C2F80C80BA6805F1080189B293685E
:103580000B449360964A404605F0D2FE05F0EEFEED
:10359000954B11221A700523052B7FF4B3AE924B85
:1035A0001B780F3B042B00F2918101A252F823F00B
:1035B000D5330000F134000007370000A9330000C4
:1035C0006D330000012B05D0022B75D00023137141
:1035D0000423E1E706EB4603824A02EBC3039B7830
:1035E000012B42D006EB46037E4A02EBC3039B88C5
:1035F000ADF804300DF1FF337C4A0DF1070013F8EC
:10360000011F02F8011F8342F9D1ADB106EB460359
:10361000744A02EBC3039C68083400231959704AAA
:103620001A441172080A5072080C9072090ED17275
:1036300004339BB29D42F1D806EB4606694B03EB7F
:10364000C606C6F80C80BA6805F1080189B293680D
:103650000B449360624A404605F06AFE05F086FE20
:10366000614B11221A70052396E75DB10CF1FF330F
:103670005A4A681E1CFA80F013F8011F02F8011F55
:103680008342F9D1564CA90804F10800FFF78AFCDF
:10369000ADF804000DF1FF33621E0DF1070413F8BD
:1036A000011F02F8011FA342F9D106EB46034D4A60
:1036B00002EBC303D880BFE7D36802934C4B03935C
:1036C00003F188330493A3F1443305930DF1070309
:1036D000464A0DF1170013F8011F02F8011F83423B
:1036E000F9D1BB685B78386803EB43033C4A10218F
:1036F00050F8230005F01CFE05F038FE3A4B11226D
:103700001A70052348E7334B1B8803EB4303324A07
:1037100002EB83039C6805F085FC05F021FE01287F
:1037200003D1314B11221A7091E505F019FE0028E2
:103730007FF4A0AD05F026FE022869D1A2681379B6
:10374000D3B9244B1A88274902EB420301EBC30388
:10375000D88898800020987001245C709C681C6157
:10376000DC689C601875234B1B78012B7FF482ADBD
:103770001D4B13221A706AE5012B1BD0022B7FF41C
:1037800079AD1549174B03F130058868844215D08F
:103790000C311833AB42F8D100231371A3685A7867
:1037A0001A70144B1B78012B7FF464AD0E4B13225F
:1037B0001A704CE50C4B12221A7048E518465E78D8
:1037C000012E19D09E78012EE2D1C688868000266F
:1037D000067514E054840020100000209784002017
:1037E0009084002058840020488400208F8400208A
:1037F000674523014C8400209E78012EE5D00026E9
:1038000086700126467086680661C6688660BFE7D6
:1038100005F0B8FD03287FF42DADA36801221A71CD
:103820002E4B0F221A7012E54178012920D08178A1
:1038300001291DD0013292B21830013399B2012909
:103840001FD89AB21D4603EB4301254C54F82110B2
:103850008E42EFD1012FE7D1C1780129E4D1214B6C
:1038600005EB450103EBC101012088700023CB70FB
:103870001D4B1A8001321D4B1A80184B10221A70F2
:103880008DE61A4B1A80184B1B8803EB4303184A2A
:1038900002EB83039B689B6802221A710F4B102274
:1038A0001A707CE6134601220E4902EB420001EB3E
:1038B000C000012484700021C1700B4A138023448E
:1038C0000C4A1380054B0F221A7068E6042363E646
:1038D000094B01221A7005F04FFDC1E44884002015
:1038E0001800002058840020548400208C8400207C
:1038F000100000204A840020498400202DE9F8436C
:1039000001F0BCFD974B996800220A7099688A7093
:1039100099680A7199680A709968CA601B79002BC6
:1039200051D014461646174609E0BC4584BF2E46C2
:10393000674601348B4B1A79E3B29A4225D9E5B236
:10394000884B1B6805EB450253F82230864900225C
:103950000A7086480260D3F800C0D3F804E0D3F8B8
:103960000880D3F80C9000BF02600B78DBB2012B0B
:10397000DFD07F4B9E45DCD103F188339845D8D109
:10398000A3F144339945D4D1CFE7E7B1754A9368A1
:103990001E7093685E709068C76006EB46031168FE
:1039A00001EB8304666851F8235010351279714B8E
:1039B00003FB02F3BB4203D80123C3706E4A1370AA
:1039C000AE4260D8ABE06D4B9A68664B9A4208D025
:1039D0006A4B5A69634B9A4208BF012440F0A280A7
:1039E00000E000240023664A13705E4A91680B7160
:1039F00092689370634B0A221A70634B0D221A70FF
:103A0000624B02221A70FFF71BFC604B1B78022BE3
:103A1000F9D0544B996800224A7099680A709A68E4
:103A20000123D36002231371594A1480554A092196
:103A30001170554A10211170544A1370FFF700FCA1
:103A4000524B1B78022BF9D046498A6813780968D3
:103A500003EB430351F823301033936062E0414B92
:103A60009B681A715BE000EB4003444A02EB83035E
:103A70009A683C4B9A4235D03A4B9B6801221A71A6
:103A8000A64251D92546384800220270374C2260A0
:103A90002B68696800BF22600278D2B2012ADED0AA
:103AA00098B21C0C27460A0C0B40B3F1FF3F36D0EE
:103AB00041F234239A422ED114F0070F2BD1A4F1F6
:103AC00008039BB2B3F57E7F20D808342C44A6426D
:103AD0001CD3FFF7A1FA0128C5D9224B9B6801220C
:103AE0001A71CDE700EB4003244A02EB83035B88A5
:103AF000BB42C1D1274B00EB400103EBC1020127C0
:103B000003F83170916811619560B9E7154B9B68B6
:103B100001221A7103E0134B9B6801221A71114BA9
:103B20009B689D60002449E02546F8E704EB4403C8
:103B3000184A02EBC30303221A7504EB44030F4A2D
:103B400002EB83039B689B6801221A7177E0114A9C
:103B500004EB440102EBC101012048708B8000237B
:103B60000B7527E0280000208884002010E0014029
:103B700067452301A08601008A84002010000020F0
:103B8000898400200C000020488400204984002003
:103B90005484002058840020534B04EB440203EB70
:103BA000C20200219160116104EB440203EBC203E5
:103BB00002221A750134A4B2012C59D825464A496B
:103BC00004EB440001EBC00300225A709A709A8003
:103BD000DA80DA601A7511F83030012BDCD1434AF3
:103BE00002EB80035988424F00263E70DFF80481C3
:103BF000C8F800603C4A02EBC0039868D0F8049013
:103C000089080830FFF7CEF900BFC8F800603B789C
:103C1000DBB2012B8AD01FFA89F3834297D004EBE1
:103C20004403314A02EBC30304221A7504EB440334
:103C30002E4A02EB83039B689B6801221A7105EBF5
:103C40004503294A02EBC3031B7D033BDBB2012B77
:103C5000B0D805EB450302EBC3031B69002BA9D0C9
:103C600005EB450102EBC1018B6000230B61A3E76B
:103C70001E491D4C01F1180E28E0D4F808C00CF1C3
:103C800008071C4A002010609B0810D0013B9BB223
:103C90000CF10C0202EB8303686838446FF00702F2
:103CA000A2EB0C023E68865004379F42F4D1114BC0
:103CB00000221A6006E06868FF278754013290B23C
:103CC0008342F8D80C311834714508D00D464B8822
:103CD0006278012AD1D00022002BECD1F2E7064B0A
:103CE00001221A70BDE8F8835884002010000020DB
:103CF0008884002010E0014049840020014B18789E
:103D0000704700BF4984002000B583B00DF1070162
:103D1000164801F08DFB18B19DF80730022B02D038
:103D200003B05DF804FB124B986B124B1979002914
:103D3000F6D01A68131D0139C9B201EB41011032E6
:103D400002EB810102E00C338B42E9D053F8042CE2
:103D50008242F8D81A688242F5D9074B01221A70BC
:103D6000064A136843F080031360D9E7688D00208A
:103D700000ED00E0280000208884002010E00140D1
:103D800008B5FFF7C1FF08BD104A114B9A420AD28D
:103D9000013B9B1A23F0030304331344002142F830
:103DA000041B9A42FAD10B4A0B4B9A420CD20B4994
:103DB000013B9B1A23F003030433134451F8040B13
:103DC00042F8040B9A42F9D1704700BF000D002061
:103DD000F80A012000000020F80C00205C0A010015
:103DE000204B214A1A60214B1B6813F4006FFAD054
:103DF0001E4B42F620121A6008334FF470421A60CC
:103E00001A4B1B6813F4806FFAD0194B164A1A60CC
:103E1000184B1B6813F4006FFAD0164B42F62012B1
:103E20001A6008334FF470421A60124B1B6813F487
:103E3000806FFAD0104B4FF080421A6002F5743256
:103E40004FF0FF31116000221A600C4AD2F888301E
:103E500043F47003C2F88830BFF34F8FBFF36F8F06
:103E6000F7467047042005408219180800200540D5
:103E70000430054000300540F450064000ED00E0FD
:103E800008B50278104B53F822301A6812F0080F68
:103E90001CBF08221A601A6812F0040F1CBF04220B
:103EA0001A601A6812F0020F1CBF02221A601A6808
:103EB00012F4807F1CBF4FF480721A6083680BB1CC
:103EC0004169984708BD00BF5CF10000F0B402787A
:103ED000724B53F822508B7A032B19BF8C79022630
:103EE000012400264A7A0B68002B00F0AD80D340F5
:103EF0006B4AA2FB03239B0C03EB83030133FF2BD1
:103F000028BFFF23022B38BF02231022AA60002201
:103F1000AA60CF790A7AD20742EA0752CF7ABF075E
:103F200007F080473A438F7ABF0507F440073A43CA
:103F30004F79BF0207F480673A430F793F0207F4D5
:103F400040773A4342EA0642E40204F460542243D2
:103F5000EA604A7B43EA82438A7B120402F44032DD
:103F600013430A7B120302F48052134343F080533D
:103F70002B612B6943F400532B612B6913F4804FA1
:103F800006D1484A2B6913F4804F01D1013AF9D187
:103F90002B6913F4804F08D02A694B7A1B0203F473
:103FA000407322F4407213432B612B6923F40053B6
:103FB0002B612B6913F4804F06D03A4A2B6913F416
:103FC000804F01D0013AF9D101F10F07002217F813
:103FD000013B023BDCB2D3B2032BFCD86B694FEA46
:103FE000C20CFF2606FA0CF623EA060604FA0CF3C6
:103FF00033436B610132042AE9D1CB7C2A4A9542D2
:1040000024D02A4A954234D0CC7DC4714D7D45716F
:104010008B7D83710A6A02618A698260CA69C260A3
:104020004A6A426101781D4A52F82110CA68C2F3F7
:104030008152032A4FEA031343EAC41318BF43EA29
:10404000C5034B60F0BC7047C0235EE702F55042E9
:1040500094691B0103F0300324F03004234393617F
:1040600094690B7D03F0010324F001042343936161
:10407000CAE702F5043294691B0303F4405324F4A5
:1040800040542343936194690B7D1B0203F48073B6
:1040900024F4807423439361B6E700BF5CF1000011
:1040A00083DE1B43C0E1E40000B003400070024027
:1040B000F0B40478334B53F82450EB680271C3F327
:1040C0008153032B2FD00024EAB105EB8400066D49
:1040D0004B1C13F814301B0203F4407326F4407693
:1040E00033430365036D23F040030365066D11F848
:1040F000143003F03F0326F03F06334303650134D9
:10410000E3B29A42E1D8EB68013A120602F0F852A3
:1041100023F0F8531343EB602B6923F0F8531A4351
:104120002A61F0BC704702B30026331DDBB205EBF9
:1041300083031F6D4C1C14F81640240204F44074D1
:1041400027F440773C431C651C6D24F040041C653B
:104150001F6D11F8164004F03F0427F03F073C4361
:104160001C650136F3B29342DFD303790333DBB22C
:1041700005EB83052B6D427923F0400343EA82135C
:104180002B65CEE75CF1000030B593B004460878AB
:10419000384B53F820501378002B65D053684B618F
:1041A00093688B6053782370EB68C3F38153032BC0
:1041B00046D005F14C030193536802930B799B00A1
:1041C00005930123ADF8183000238DF81D30012030
:1041D0008DF81E0002238DF81B308DF81C3093786B
:1041E0008DF81A3000238DF81F308DF82030099398
:1041F0008DF828008DF829008DF82A308DF82B30A5
:104200000B908DF830300D900B783BBB2A238DF846
:104210003930D3788DF83A3000238DF84030164A83
:104220000F9211930391EB6843F00103EB6020467A
:1042300000F046FD01A9204600F02AF913B030BD78
:1042400005F1E003019353680293042305930B796E
:10425000ADF8183001238DF81D30B8E7012B04BFED
:104260002B238DF83930D4E7EB6823F00103EB60A2
:10427000E4E700BF5CF10000813E000002780D4BD6
:1042800053F8223001229A601A6812F0010F0CD103
:10429000094A013A196811F0010F03D1002AF8D137
:1042A000022070470AB90220704701221A600020DC
:1042B000704700BF5CF10000C0E1E4000278034BEE
:1042C00053F8223004229A60704700BF5CF100006E
:1042D00008B5074A136823F001031360436803B16C
:1042E0009847034A136843F00103136008BD00BFF9
:1042F00000000440084A136843F00543136042F28B
:104300001173054A1268002A03DA013BF9D1012032
:1043100070470020704700BF002008E008B5064B3A
:1043200000221A60FFF7E6FF18B9034B01221A605A
:1043300008BD0120FCE700BF002008E038B50546B5
:10434000002402E00134102C17D0E2B20B4BD96AE2
:104350000123A3400B40E340F4D002F00F02074BCF
:104360009A7705F1080353F82430002BEAD005F1C1
:10437000480252F824009847E4E738BD0080004026
:1043800008B5037803F00F03034AD377C3680BB172
:104390008068984708BD00BF0080004030B4294BBA
:1043A0000021196040221A769A761A779A77DA777E
:1043B0009964196559659965D965C8B280F0030299
:1043C000204B1A4482F800014D0105F1804202F5AC
:1043D000004402F510400022026041F20400225223
:1043E0002B4441F20C001A5041F210001A5041F2D5
:1043F00014001A5241F218001A5041F206002252DB
:1044000041F208001A501A501A5041F21C001A5278
:1044100041F21E041A5341F216001A521A531A524C
:1044200001311029C9D11346074AD15C01F040017E
:10443000D154D15C01F0BF01D1540133102BF3D121
:1044400030BC7047008000400010024010B50C46A0
:10445000FF23037043708370C370FFF79FFF0B4A05
:104460001368217823F0100343EA011313601168E5
:1044700063789B0003F0040321F004010B431360F5
:10448000136843F08003136010BD00BF008000403C
:104490002DE9F04F85B005784B7ECA7D012B36D0D3
:1044A000022B3BD04FF0000C8B7E0A7E012B49D0B3
:1044B000022B4ED04FF0000E91F82760002E5CD1F9
:1044C00091F82C80B8F1000F7AD1464600221446AC
:1044D000019291F82470002F40F0AE8000230293E7
:1044E00091F82570002F00F0DF800F7F002F40F043
:1044F000C78091F818900F6927FA09F70EFB07F7A4
:10450000B1F8149009FB07F77B420393CEE04FF01C
:10451000010C0CFA02FC1FFA8CFCC5E7042A0ED031
:1045200006D8032A34BF4FF0040C4FF0000CBBE751
:10453000052A14BF4FF0000C4FF0200CB4E74FF0E9
:10454000100CB1E74FF0010E0EFA02FE1FFA8EFEBC
:10455000B2E7042A0ED006D8032A34BF4FF0040E67
:104560004FF0000EA8E7052A14BF4FF0000E4FF0E1
:10457000200EA1E74FF0100E9EE78A6A012A1CD98F
:1045800000240134E4B227460123A3409A42F8D81C
:104590004FF0FF3303FA07F7BA4314BF4FF0010897
:1045A0004FF0000891F82C7067B9002E40F07C8322
:1045B000002A3ED1B04601928BE700242746E7E768
:1045C000B04600240F6B012F30D900220132D2B245
:1045D0009146012393409F42F8D84FF0FF3303FAEE
:1045E00009F937EA090314BF012700271EB18B6AB6
:1045F0006345C0F041830B6B7345C0F03983B8F15C
:10460000000F02D1002F00F02E83D0F804A00AF191
:10461000FF36002316F8019FB9F1FF0F00F03C832D
:104620000133DBB2042BF5D10620DCE200229146F7
:10463000D3E737460022E8E7CF7E6FB991F81790AD
:104640000F6927FA09F70CFB07F7B1F8149009FB7B
:1046500007F77B42029343E7B1F814A091F8179053
:104660000F6927FA09F90CFB09F90AFB09F9C9F1E5
:1046700000090AF1FF3A0F6A07FB1A9302932FE72A
:10468000B1F8149091F818A00F6927FA0AF70EFBF9
:1046900007F709FB07F7C7F1000A09F1FF390F6AAD
:1046A00007FB19A3039301E0002303934FEA451A84
:1046B0000AF1804909F5004709F510490B68C9F866
:1046C0000030DFF83C94CA4441F2100B4B684AF8C2
:1046D0000B3091F816A085F0030BD94489F800A19E
:1046E00091F82790B9F1000F00F0F08091F82C902C
:1046F000B9F1000F32D041F2060937F809B01FFABC
:104700008BFB91F817A04FEA0A2A0AF4E06A2BF40F
:10471000E06B4AEA0B0A27F809A037F809A0CAF3A8
:104720000A0A4AEAC424A4B227F8094037F809A0C3
:104730001FFA8AFA0C7E04F007042AF0070A44EAFA
:104740000A0427F8094037F80940A4B2D200D2B2CF
:1047500024F0F804224327F809202BE041F2060256
:1047600037F802A01FFA8AFA91F817904FEA092940
:1047700009F4E0692AF4E06A49EA0A0927F8029094
:1047800037F80290C9F30A0949EAC424A4B2BC521A
:1047900037F802901FFA89F90C7E04F0070429F01B
:1047A000070944EA0904BC52BC5A24F0F804240462
:1047B000240CBC52B8F1000F00F068828A6AB2FB88
:1047C000FCF4013C14FB0CF41FFA84F9002E00F0F9
:1047D000D8800A6BB2FBFEF4013C14FB0EF4A4B2C9
:1047E00044EA094AC64A019B03F1140942F829A088
:1047F000D2F848A04FEA4509032404FA09F42AEA4A
:10480000040446EA480606FA09F944EA09049464ED
:1048100002EB451241F21C04165BB6B21B0303F413
:10482000405326F4405633431353B54C04EB451222
:1048300041F21C06935B9BB291F8268023F008039B
:1048400043EAC803935341F2040327F803C041F23B
:10485000140322F803E0236813F0800F00F0A9800E
:10486000CC7E0A7F002C40F08E80002A40F08B80A6
:10487000A34B1B6813F0800F0AD06B0103F1804338
:1048800003F5004341F208041B59002BC0F2F681E6
:104890009B4B1B6813F0800F00F08B806B0103F1C2
:1048A000804303F5004341F208041B5913F0804F85
:1048B00000F0D5816B0103F1804303F5004341F221
:1048C00008041A59C2F309021A5172E091F82C40F7
:1048D0008CB341F2060437F804A01FFA8AFA91F863
:1048E00017904FEA092909F4E0692AF4E06A49EAD5
:1048F0000A0927F8049037F80490C9F30A0927F841
:10490000049037F804A01FFA8AFA91F8189009F079
:1049100007092AF0070A49EA0A0927F8049037F834
:1049200004901FFA89F9D200D2B229F0F80942EABC
:1049300009023A533EE741F2060437F804901FFAA1
:1049400089F9CA7D120202F4E06229F4E06942EAC0
:1049500009023A533A5BC2F30A023A5337F8049019
:104960001FFA89F90A7E02F0070229F0070942EAD4
:1049700009023A533A5B22F0F8021204120C3A533D
:1049800018E700242CE76E0106F1804606F5004684
:1049900041F2080756F807C0DFF868E10B6A0EEA33
:1049A0008323920742EAC4742343CCF309021343DE
:1049B000F3510C69524A126812F0800F28D0504B04
:1049C0001B6813F0800F65D14D4B1B6813F0800FEF
:1049D00071D000266B0103F1804303F5004341F2DF
:1049E00008029B5813F0804F01D1002E63D06A015A
:1049F00002F1804202F5004241F20806935923F485
:104A00007F7323F00303C4F309042343935107E0A6
:104A10006A0102F1804202F5004241F20803D450DB
:104A20008B8A012B70D991F83430002B6CD06C013B
:104A300004F1804404F5004441F21E06A25B6B02BF
:104A400003F4F05346F2FF1C0CEA02021A4342F44C
:104A50000042A25341F21607E25B0CEA0202134342
:104A600043F40043E3538B8AA25B12F4004F31D02E
:104A70006C0104F1804404F50044A25BC3F3080315
:104A800002F47E421A43A253E25B02F47E421343D5
:104A9000E35364E06B0103F1804303F5004341F20B
:104AA00008029B58002B8FDA154B1B6813F0800F00
:104AB0009DD001268EE76A0102F1804202F5004294
:104AC00041F20807D65906F0404624F040443443EA
:104AD000D451A5E76C0104F1804404F5004441F28F
:104AE0001E06A25BC3F30E0302F400421A43A25354
:104AF00041F21606A25B02F400421343A3532EE0D8
:104B00000080004000FCFF3F6B0103F1804303F590
:104B1000004341F216041A5BC2F30E021A5341F22B
:104B20001E041A5BC2F30E021A538A8A1B5B13F42B
:104B3000004F5BD06C0104F1804404F5004441F265
:104B40001E06A35BC2F3080203F47E431343A35380
:104B500041F21606A35B03F47E431A43A2536B0192
:104B600003F1804303F5004341F20C02029C9C5088
:104B700041F21802039C9C5091F83520002A4BD139
:104B800002F1804202F50432535D03F040035355B5
:104B900091F83630002B4AD08B6BC3608B688360F2
:104BA00003785B0103F1804303F5004341F21C04E9
:104BB0001A5B92B242F002021A5391F83C30002B79
:104BC00046D043680A6C047803EB84039A60436818
:104BD000CA68017803EB81039A64037803F00F033A
:104BE000354A5376002005B0BDE8F08F6C0104F122
:104BF000804404F5004441F21E06A35BC2F30E029A
:104C000003F400431343A35341F21606A35B03F4DA
:104C100000431A43A253A2E7284C635D03F040030C
:104C200002F03F02134343F080036355B0E703787B
:104C30005B0103F1804303F5004341F21C041A5B5E
:104C400022F002021204120C1A530023C360B4E7CC
:104C50004368027803EB820300209860C3E7002AD0
:104C60007FF428AEA5E63E46B8460023019330E423
:104C70000420B8E70620B6E70420B4E70E4B1B6813
:104C800013F0800F3FF416AE012207E6002E3FF42A
:104C9000CCAD4FF000099CE50193042BEAD0019BB9
:104CA0000AF803503E4614E48B6A634501D204209F
:104CB00099E70022A3E400BF0080004000100240FA
:104CC00030B4002302E00133042B0DD04268D45CE1
:104CD00001788C42F7D1FF21D15403F114023949F4
:104CE000002441F82240EEE7364B9A6C01784C00E4
:104CF0000321A14022EA01029A64027802F00F0225
:104D00001A76027802F00F029A76027802F00F0209
:104D10001A77027802F00F029A77027802F00F02F7
:104D2000DA7701788031490100225A5001788031C8
:104D300003EB41118A80017803EB411141F20C042D
:104D40000A51017803EB411141F210040A51017834
:104D500003EB411141F214040A53017803EB4111B2
:104D600041F218040A510178803103EB4111CA80E5
:104D7000047803EB441441F208016250047803EB19
:104D800044146250047803EB44146250017803EB3E
:104D9000411141F21C040A53017803EB411141F225
:104DA0001E054A53017803EB411141F216040A53E0
:104DB000017803EB41114A53017803EB41131A5375
:104DC00030BC7047008000400378054AD25C12F086
:104DD0003F0F03F00F03034A0CBF5377D37670479E
:104DE000001002400080004010B4114C54F82040E4
:104DF000206900290CBF00214FF400710AB141F471
:104E00008071012B0CD0014341F00801216140F277
:104E10000F31014041F0080121615DF8044B7047FA
:104E2000014341F00A01216108232361F5E700BF36
:104E300064F10000054B53F820309A6921F0F0012D
:104E40008904890C11439961704700BF64F1000027
:104E5000F0B40278214B53F82230DB6DC3F30347E3
:104E600013F4702F28D1F0BC704704250021C38AA9
:104E70009BB2046CCA0026FA02F2E254C38A0133E0
:104E80009BB2C3824B1CD9B2A942F0D3C38B15FA93
:104E900083F2418A92FBF1F301FB13239BB2C3839C
:104EA000438B5D1BADB24583438B9BB2002BDAD0A5
:104EB000013F17F0FF07D6D00278084B53F8223095
:104EC0005E6F458AC38B9BB204339D42CDDCC38B9E
:104ED000ED1AADB2002DC9D1D8E700BF64F10000D2
:104EE0000278344B53F82230DB6D03F00F03027964
:104EF000D21A038B12F0FF025BD09BB2002B58D06A
:104F000070B431E0038B9BB2012B30D1036D23F4DD
:104F100080130178274A52F8212013660365002385
:104F2000038370BC7047858AADB25E5D838A0133AE
:104F30009BB28382858B14FA85F595FBF1F301FB17
:104F4000135189B2818301781A4B53F821305E6680
:104F5000038B1B1B9BB20383038B9BB2013A12F0A2
:104F6000FF02DED0002BDCD0437B012BCAD0418A6C
:104F7000838B9BB2CB1A042BDDBF838BCB1A9CB2E5
:104F80000424C36B9BB10129CDD0022907D0858AA7
:104F9000ADB25E59838A04339BB28382CAE7858AA5
:104FA000ADB25E5B838A02339BB28382C2E7002686
:104FB000C9E7704764F1000010B504460023C373CD
:104FC000037A012B25D002781C4B53F822209369D9
:104FD00023F003039361194A237852F8230083696D
:104FE00023F4E0538361237852F823304FF4E052E6
:104FF0005A61012914D0E36A13B100212046984771
:10500000A3792BB1A36B0021204698470023A371FD
:1050100010BD0278094B53F822300022DA61DAE73A
:10502000E36A0BB120469847A379002BF0D0A36B1D
:105030000121204698470023A371E9E764F10000AD
:1050400010B50446FFF7B8FF00230122114620786F
:10505000FFF7CAFE0023012211462078FFF7C4FEA5
:1050600010BD000070B504460E4602782B4B53F875
:1050700022305D6915F4006F07D0C36B2BB101239B
:105080008373FFF7DDFF09201CE015F4805F09D072
:10509000236C3BB10223A37331462046FFF7D0FFB8
:1050A0000A200FE015F0020F02D0638B9BB253B9B8
:1050B00015F0010F02D0238B9BB243B9238B9BB217
:1050C0004BB1082070BD2046FFF7C2FEF0E7204636
:1050D000FFF706FFF2E72278104B53F8222093697E
:1050E00023F0010393614FF480612078FFF7A2FE63
:1050F000638B9BB27BB92278084B53F822305B69F3
:1051000013F4806F01D10820DCE731462046FFF719
:1051100053FF0B20D6E70820D4E700BF64F100005E
:1051200010B504460023C373037A012B31D00278F3
:10513000224B53F82220936923F0030393611F4A03
:10514000237852F82300836923F4C05383612378C2
:1051500052F823304FF4C0525A61012920D0E36A3B
:1051600013B1002120469847A3792BB1A36B0021EE
:10517000204698470023A37100230122114620787E
:10518000FFF732FE0023012211462078FFF72CFEA4
:1051900010BD0278094B53F822300022DA61CEE7C5
:1051A000E36A0BB120469847A379002BE4D0A36BA8
:1051B0000121204698470023A371DDE764F1000038
:1051C00070B504460E460278334B53F822305D69C1
:1051D00015F4006F07D0C36B2BB101238373FFF766
:1051E0009FFF092024E015F4805F09D0236C3BB1B8
:1051F0000223A37331462046FFF792FF0A2017E0EF
:1052000015F0020F02D0638B9BB293B915F0010F1A
:1052100002D0238B9BB283B9238B9BB28BB1638B60
:105220009BB2BBB1228B638B13439BB2DBB10820D3
:1052300070BD2046FFF70CFEE8E72046FFF750FE62
:10524000EAE72278144B53F82220936923F00103F4
:105250009361E4E72278104B53F82220936923F0FE
:1052600002039361DEE722780B4B53F82220936907
:1052700023F4C0539361E36A13B131462046984743
:10528000A3792BB1A36B3146204698470023A37125
:105290000023E3730B20CBE764F1000008B502782C
:1052A000074B53F822305B6A13F0010F03D1012141
:1052B000FFF786FF08BD0121FFF7D4FEFAE700BF24
:1052C00064F10000642300BF013BFCD17047036818
:1052D0004268002101619918B1F5801F0DD8C3F310
:1052E0000A0121B9C2F30A0222B900207047036102
:1052F00004207047036105207047B3F1887F10D305
:10530000B1F1897F0DD8C3F30A0121B9C2F30A02B2
:1053100022B9002070470361042070470361052013
:1053200070470361032070470368426800210161F0
:105330009918B1F5801F0DD813F0070F04D112F0A2
:10534000070F04D1002070470361042070470361F8
:1053500005207047B3F1887F10D3B1F1897F0DD854
:1053600013F0070F04D112F0070F04D1002070478B
:105370000361042070470361052070470361032027
:1053800070470000B0F5801F25D8C30C10F4802FA3
:105390000ED151B9C0F30240012202FA00F0C0431D
:1053A0009B00174AD050002070474FF0FF30F7E7BE
:1053B00071B9C0F31200A0F58020400B012202FA5F
:1053C00000F0C043D0330F4A42F82300002070475A
:1053D0004FF0FF30F6E7A0F18870B0F5003F0DD236
:1053E00049B9400B012303FA00F0C043054BC3F851
:1053F0004803002070474FF0FF30F7E70420704764
:105400005CE3014000E00140B0F5801F04D8C30C0C
:105410000B60486000207047A0F18873B3F5003F2F
:1054200004D202230B6048600020704704207047BC
:1054300010B50C46104B1B6B20209847202809D034
:105440000D4B1B6B1020984710280CD000232370A5
:10545000012010BD01232370074B5B6B9847B0FA06
:1054600080F04009F5E702232370034B5B6B9847FC
:10547000B0FA80F04009ECE700D08001024A136CDA
:1054800043F00103136470470080044002780E4B20
:1054900053F822301A6B12F0400F13D000B583B0CE
:1054A00000228DF8042001218DF805108DF80720C9
:1054B0008DF8062040221A63C36A01A9984703B0F9
:1054C0005DF804FB704700BF90F1000002780E4BBE
:1054D00053F822301A6B12F0800F13D000B583B04E
:1054E00000228DF804208DF805208DF80720012278
:1054F0008DF8062080221A63C36A01A9984703B079
:105500005DF804FB704700BF90F1000030B583B038
:1055100004460278144B53F8225001238DF80430CE
:1055200000238DF80530D5F8142CD30F8DF80730F3
:10553000D5F8143CC3F380738DF80630002A06DAE0
:105540004FF00043C5F8143CC36A01A998479DF881
:1055500006303BB14FF08043C5F8143CE36A01A923
:105560002046984703B030BD90F1000030B587B0B9
:1055700002780F4B53F82240256AE3690D4A2A400E
:10558000059202B12262C3F3072202921A0E01921F
:10559000DAB20492C3F30743039315F0060F03D066
:1055A00011B1836A01A99847002007B030BD00BF40
:1055B00090F1000036FF3BDC2DE9F04F85B002464C
:1055C0000B7E002B40F0C681082383711078AA4B14
:1055D00053F820400B7E002B40F0C0814F68013F04
:1055E000C7F309074B695D1EAD0505F0FE550B6954
:1055F000013B1B0303F4FE231D43CB68886803446F
:10560000013BDBB21D430026B446236843F0004350
:105610002360002363600B78012B63680CBF43F4A5
:10562000005323F400536360236823F00043236096
:10563000236843F0A043236042F21073206810F007
:10564000807F40F0CD81013BB3F1FF3FF6D18B4B22
:1056500063630B785B0303F400534878C00000F0E9
:105660000800034391F83100800100F0400003433B
:10567000087E002840F0BA81C4F8F07BC4F8F45BDF
:10568000636091F8303063B10B6A486A1844CB69A3
:1056900000FB03331B0403F4FE0343F00043C4F890
:1056A000FC3B1578744B53F8253000200290744869
:1056B000465DB7000298B0EB860F0FD2029803EB5D
:1056C00080008030039003984FF0000CC0F800C0B9
:1056D0000298013002900298B842EFD30020029065
:1056E0000298B0420ED2029803EB800000F50860E9
:1056F00003900398002707600298013002900298F7
:10570000B042F0D300200290029817280DD80298DA
:1057100000F528601844039003980026066002985C
:105720000430029002981728F1D9002002900298C4
:105730000F280DD8029800F52A60184403900398AA
:105740000026066002980430029002980F28F1D9D2
:105750000020029002980F280DD8029800F52B60C7
:1057600018440390039800260660029804300290C3
:1057700002980F28F1D90020029002980F280DD826
:10578000029800F52C6018440390039800260660E8
:1057900002980430029002980F28F1D9002002905C
:1057A00002980F280DD8029800F52D601844039038
:1057B00003980026066002980430029002980F2891
:1057C000F1D93048405D002800F0028500200290A9
:1057D000029847280DD8029800F6287018440390C4
:1057E0000398002606600298043002900298472829
:1057F000F1D900200290029847280DD8029800F5B0
:1058000077601844039003980026066002980430DD
:10581000029002984728F1D9002002900298472868
:105820000DD8029800F6B87018440390039800262B
:10583000066002980430029002984728F1D9124875
:10584000405D002838D00026029600EB8000000161
:105850000746029EB04219D9029800F5005018443C
:105860000390039800260660029804300290029884
:105870008742F1D80AE000BF90F100000030A0108C
:105880008CF1000080F1000078F10000002002900F
:10589000B448475D029887420ED9029803EB800016
:1058A00000F54050039003980026066002980130EE
:1058B000029002988742F0D8AB48405DB0B1002515
:1058C00002954600029DB5EB400F0FD2029803EB04
:1058D000800000F5D050103003900398002505603B
:1058E0000298013002900298B042EFD30B7EDB02A7
:1058F00003F4006343F0A14343F4043391F834000C
:1059000050B191F83500002879D191F83800C003E2
:1059100080B2034343F000532360002301931378C4
:10592000924850F823A091F83400002800F0DB8062
:1059300091F83500002868D08D48C35C002B00F03A
:10594000D28091F84B30002B00F07A8100231F4663
:105950001846E7E091F85030837137E6DB0791F89D
:105960005000082836D0102837D020280CBF4FF41C
:10597000003C4FF4403C43EA0C0CCF697B1E7D4F4A
:1059800007EA03474B68013BC3F309031F434B6915
:105990005D1EAD0505F0FE550B69013B1B0303F4CD
:1059A000FE231D43CB6888680344013BDBB21D43E3
:1059B000CB6A5E1EB60506F070768B6A013B1B0350
:1059C0009BB21E434B6A086A0344013B03F01F036A
:1059D0001E431AE64FF0000CCDE74FF4803CCAE7B7
:1059E000002B7FF434AE4023019398E7C4F800CC39
:1059F000C4F8F07BC4F8F45BC4F8F86B40E691F8A7
:105A00004400C00380B2034386E70E6C91F83C70FB
:105A100000235371DAF8005045F00055CAF80050E1
:105A200055484578AF4205D0013303300D2BF8D1EE
:105A30002020C4E0002F41D030464FF0000C6646D5
:105A40001DE045686D0045F080450AEB8608C8F802
:105A5000E05003EB4309484D4D44AD78B5428568AD
:105A60004FEA450545F080458CBFC8F88058CAF814
:105A700048500CF1020C01360C30B7421AD0864661
:105A80000578012DDDD04568ED040AEB8608C8F8DD
:105A9000E05003EB4309384D4D44AD78B54285687D
:105AA0004FEAC5458CBFC8F88058CAF848500CF179
:105AB000010CE0E7BCF1680F00F286832E4803EB8F
:105AC0004303C518C35CDAF8340020F07060CAF8EC
:105AD0003400DAF834001B0603F070630343CAF89D
:105AE0003430AB78537191F85130002B40F08F83F4
:105AF00013782248C35C33B10023D3609361936071
:105B000053611361D361537991F85100002800F07B
:105B1000A18198460026AFE0013091F84B500C333C
:105B2000A84216D2CD6CEE18ED5C012DF4D1D6F85A
:105B300004C00AEBC70606F54055C5F800C0CD6C99
:105B40001D44D5F808C043F2040546F805C00137E6
:105B5000E2E7002D40D04FEA470C00231E461846CE
:105B6000964613E07CF1000084F1000090F1000003
:105B700080F100000000FF039CF1000088F10000AC
:105B800001300C3391F84B50A84213D2CD6C05EB89
:105B90000308EA5C002AF3D10CEB0605D8F8049060
:105BA000D8F8082042EA094205F540654AF8252060
:105BB0000136E5E77246B00010F004000DD091F810
:105BC0005130002B00F024814B6D002B00F024831A
:105BD000002840F01D818BE7002606EB470613786E
:105BE0009F48C35C9E4200F2F182DAF8143C43F015
:105BF0000063CAF8143C4FF07043CAF8143C7308B1
:105C0000013B1B0203F47C5391F84600013800F07D
:105C10001F00034391F84A000C30000600F0F840E2
:105C20000343380400F4FE00034343F00043CAF882
:105C30000C3CDAF80C3C43F00043CAF80C3C52E749
:105C400000273E46D1E700207D789DB302EB80001F
:105C50004FF0010C0CFA08FCC7686744C76005697F
:105C60006544056108F101085FFA88F891F8510070
:105C70000136F5B2A8422AD9F0B200EB40004D6DD2
:105C800005EB800715F820000128EFD191F834507A
:105C900025B191F83550012D00F08A82B8F11F0F1F
:105CA000D1D9B8F13F0FCFD9B8F1600F34BF02207E
:105CB0000020C9E702EB80004FF0010C0CFA08FC51
:105CC000876967448761C5696544C561CAE700287B
:105CD00000F090804FF00009A6465DE001246EE0E0
:105CE0000133DBB21D462CFA03F010F0010FF7D19F
:105CF000A069D84010F0010FF2D17878002863D065
:105D000001279F40A0683844A06020693844206182
:105D100010784C6D34449B46524E365C05FB06F5BC
:105D2000514E305C95FBF0F51544A879083003FB23
:105D300000F00AF1800500EB050CA678760506F464
:105D4000C007465926F4C0063E434651A678002EA9
:105D500043D16668454F07EA8647DCF8046026F0C1
:105D6000FF5626F4E0163E43CCF80460A668B6045D
:105D7000445924F0706444F0806444510BF5087B6E
:105D80004AF82B600133DBB209F1010991F8514067
:105D90005FFA89F084422CD95FFA89F000EB400069
:105DA00086004C6D04EB800714F82040002CEBD1EA
:105DB0001F2B04D93F2B91D95F2B98BF022402EBF4
:105DC0008404D4F80CC08DE701279F4060693844F3
:105DD0006061E0693844E0619AE7DCF8046006F04D
:105DE0006046676827F060473E43CCF80460A668C9
:105DF000BEE77446DAF80000434538BF43467F33B8
:105E000003F07F03034343F48033CAF800300020DB
:105E1000019B034318460B7EF3B11578124B5B5D73
:105E2000134E755DB3FBF5F31B0191F85050083527
:105E3000B3FBF5F3DBB2557991F851603544AB42D1
:105E400018DA40F4807091F85C30002B6DD105B009
:105E5000BDE8F08F9846CDE71378034DEB5CEAE799
:105E60007CF1000074F100008CF100000000FC1FC8
:105E700088F100000028E6D11578C94B53F8253089
:105E800091F858505DB15D6845F480455D601578C6
:105E9000C44E755D1DB15D6B45F000455D6391F8C5
:105EA00059501DB15D6845F400455D6091F85A5048
:105EB0001DB15D6B45F080455D6391F85B501DB190
:105EC0005D6845F444655D6091F8345075B191F8B2
:105ED000355095B991F8396091F83A50AD0145EADD
:105EE000461591F83B6045EAC6159D629D6A1669A4
:105EF00035439D6201231371A5E791F845502D07A5
:105F000005F0805591F84760760706F00056354356
:105F100091F8496045EAC67591F84860B60706F001
:105F200080463543C3F8105CE0E715789C4B53F886
:105F300025300025C3F8005B926B002A00F0198120
:105F400091F85D204AB1B1F85E20C3F8042BD3F874
:105F5000002B42F40032C3F8002B91F86020002A95
:105F600000F00981D3F8005B91F8612002F0030290
:105F70002A43C3F8002BD3F8002B91F8625042EA71
:105F80000522C3F8002BD3F8002B42F48032C3F86B
:105F9000002BD3F8005B91F86420920002F00C0211
:105FA0002A43C3F8002B91F86870CE6E91F86920EF
:105FB000520702F00052BD0705F080452A4307B999
:105FC000B6043243C3F80C2B91F86420EAB991F877
:105FD00070604F6F91F87120520702F00052B507C0
:105FE00005F080452A4306B9BF043A43C3F81C2B89
:105FF00091F86120002A00F0C580012A19D0022AF8
:106000005FD0032A67D00023B6E0032AF0D191F8CD
:1060100070704D6F91F87120520702F00052BE0768
:1060200006F08046324307B9AD042A43C3F81C2B5F
:10603000DEE791F87920082A00F2A68091F87A200C
:10604000082A00F2A380D3F8005B91F878201201AF
:1060500002F030022A43C3F8002B91F87920120491
:1060600002F4702291F87A5005F00F052A43C3F824
:10607000102BD1F88050CA6FC3F8185BC3F8142BEB
:1060800091F878208AB991F8795091F87A20954260
:1060900001D0042370E0D1F88850D1F88420C3F8EF
:1060A000245BC3F8202B002366E0032A70D1D1F8CB
:1060B0008850D1F88420C3F8245BC3F8202B002338
:1060C0005AE0D3F8002B91F8621042EA0122C3F89B
:1060D000002B002350E0D3F8002B91F8625042EAE5
:1060E0000522C3F8002B91F87920082A52D891F89C
:1060F0007A20082A50D8D3F8005B91F87820120152
:1061000002F030022A43C3F8002B91F879201204E0
:1061100002F4702291F87A5005F00F052A43C3F873
:10612000102BD1F88050CA6FC3F8185BC3F8142B3A
:1061300091F878208AB991F8795091F87A209542AF
:1061400001D0042318E0D1F88850D1F88420C3F896
:10615000245BC3F8202B00230EE0032A1ED1D1F8C4
:106160008850D1F88420C3F8245BC3F8202B002387
:1061700002E0202300E000231843236843F4804317
:10618000236064E60023F7E70423F5E70423F3E73D
:106190000023F1E70423EFE70423EDE70023EBE717
:1061A00090F1000080F1000008F101085FFA88F822
:1061B000B8F1190F3FF672AD194D25FA08F515F033
:1061C000010F3FF46BADEFE70420F8E40420F6E4A0
:1061D0001448405D00283FF46FAB0026029600EBA8
:1061E0004000C0000746029EB0427FF64FAB0298C7
:1061F00000F50050184403900398002606600298AA
:10620000043002900298B842F1D3FFF73FBB4B6DC8
:10621000002B7FF46DAC002040F02000F8E500BFBB
:106220002080000278F100000278144B53F822100D
:106230000B6823F0A0430B6042F210730A6812F05F
:10624000807F11D0013BB3F1FF3FF7D142F21073D1
:106250000A6812F0006F0DD0013BB3F1FF3FF7D198
:1062600002230371002070470BB94020704742F2AF
:106270001073EDE7002BF3D14020704790F1000040
:10628000402830D8DFE800F0303030303030303067
:10629000302F2F2F212F2F2F232F2F2F252F2F2F31
:1062A000272F2F2F2F2F2F2F292F2F2F2F2F2F2F0C
:1062B0002F2F2F2F2F2F2F2F2B2F2F2F2F2F2F2FF2
:1062C0002F2F2F2F2F2F2F2F2D00092070470A201F
:1062D00070470B2070470C2070470D2070470E2030
:1062E00070470F2070470020704700002DE9F843E9
:1062F0000E788369C268134317D00D4600221446F6
:1063000002E001325B0808D0D1B213F0010FF8D0DF
:10631000A64210D00134E4B2F3E704273846BDE8C2
:10632000F8836B6823F0604350E00427F6E780278A
:10633000F4E70427F2E7FF29FBD00178D4B2334B0E
:106340005B5C03FB04F3324C645C93FBF4F3184492
:106350008479EF68A7428CBF042700270834D2B2A3
:1063600002FB04F42B4B53F82160803604EB060843
:10637000A3591B0E13F0060FD9D10023A35195F892
:1063800001904FEAC972A251AB789B0703F080439A
:1063900043EA020944F80690E868FFF771FF030436
:1063A00003F4702343EA0903A3512A7A1AB1520570
:1063B00002F4C0021343A3510023C8F804302B7A1F
:1063C000002BAED16A68144B03EA8243C8F804304C
:1063D000EB6813F0030C18BF4FF0010C1CEB930C8F
:1063E0000DD005F10C0202EB8C0CA8EB0503043B6D
:1063F000134452F8040F00BA18609445F5D1A3591C
:1064000023F0706343F04063A35187E774F1000009
:106410008CF1000090F100000000FC1F0F2817D83D
:10642000DFE800F0171717171717171717080A0CC8
:106430000E1012140C207047102070471420704763
:106440001820704720207047302070474020704748
:10645000002070472DE9F843054602782E4B9B5CDF
:1064600001FB03F32D48805C93FBF0F32B449F79F1
:106470002B4B53F822402B6A1A702B6A597008373D
:1064800001FB07F704F1800807EB08062A6A57F8B2
:106490000830DB0F93702A6A57F80830C3F3807313
:1064A000D3702A6A57F80830C3F30343D360D5F892
:1064B0002090D9F80C00FFF7B1FFC9F80C002A6A48
:1064C00057F80830C3F3405313712A6A1379FBB1AC
:1064D000736823F0604393602B6A03F1100706F1A1
:1064E0000805DB6813F0030018BF012010EB9300D0
:1064F0000BD00023194655F8212012BA47F8212065
:106500000133DBB219468342F5D3A368BDE8F883B3
:106510007368C3F38A43DEE774F100008CF1000076
:1065200090F1000038B5044602780D4B53F8225024
:106530002B6B13F0200F11D000212046FFF78AFFAC
:10654000AB6820232B63236AFF225A70636B216A96
:10655000204698472B6B13F0200FEDD138BD00BFBC
:1065600090F100002DE9F041044602782E4B53F8DB
:106570002270D7F8143C13F0405F26D1BDE8F081BB
:1065800042F20403EB58C3F38A43936005F50053CA
:106590000833226A103205F50150103053F8041BFD
:1065A00009BA42F8041B8342F8D14FF04053C5F8B2
:1065B000143C236AFF225A70636B216A2046984775
:1065C000D7F8143C13F0405FD8D02378164A52F81D
:1065D0002350226A137005F500563368226ADB0FD8
:1065E00093703368226AC3F38073D3703368226A6E
:1065F000C3F30343D360D4F82080D8F80C00FFF72E
:106600000DFFC0B2C8F80C003368226AC3F34053D0
:106610001371226A1379002BB2D042F20403EB58B3
:1066200023F06043B1E700BF90F100002DE9F0478F
:1066300004460278A84B53F822506A686B6B02F448
:106640004C4203F0404313430AD12278A24B53F843
:106650002280D8F83060E3681E402CD000271BE071
:106660000121FEF783FFF0E701305B0809D013F04A
:10667000010FF9D05FFA80FEE64503D00131C9B2BF
:10668000F2E7FF2120469047FAB201239340C8F871
:106690003030013776080ED05FFA87FC16F0010F14
:1066A000F7D0226BE368A1690B4302D000200146BA
:1066B000DDE7FF21E6E72278874B53F82280D8F800
:1066C0003060A3681E4030D000271AE001315B081B
:1066D00008D013F0010FF9D0C8B2814503D00132C0
:1066E000D2B2F3E7FF228CF80120636B216A2046C7
:1066F0009847FAB201239340C8F830300137760842
:1067000013D05FFA87F916F0010FF7D049462046FB
:10671000FFF7A0FED4F820C0A3686269134302D03B
:1067200000210A46D5E7FF22DDE72B6813F0005F62
:1067300015D02B6813F4004F05D1AB6A2A6B1340B8
:1067400013F0200F59D1AB6A2A6B134013F0400F9E
:1067500057D1AB6A2A6B134013F0800F55D12378C1
:106760005E4AD35C1BB1D5F80C3C002B51DB227880
:10677000594B53F8225040F2E933296811F4801F35
:1067800001D0013BF9D1A36B002B00F0A380616A1B
:10679000002900F09F80D5F8003BD5F8080B034096
:1067A00013F4003F0BD00A70636A00225A70A36B87
:1067B000616A204698474FF40033C5F8083BD5F886
:1067C000003BD5F8082B134013F4803F00F0828083
:1067D000636A22781A70636A01225A70D5F8083BFE
:1067E000C3F307239846042B28BF4FF00408002B5F
:1067F00068D005F64836002745E02046FFF792FEB0
:10680000A1E72046FEF742FEA3E72046FEF75EFE24
:10681000A5E7D5F8143CD5F8102C134003F04053ED
:106820002A6802F4004213430BD1D5F8143CD5F882
:10683000102C134013F0404F99D02046FEF766FE0F
:1068400095E72046FFF78EFEEFE756F8043CC3F3CA
:106850008A435360626A916811F0030318BF0123F1
:1068600013EB91030BD0301F0C3206EB8303043B78
:1068700050F8041F09BA42F8041B8342F8D10137CB
:106880001036B8451ED905EB0719626AD9F8403BA6
:10689000C3F303439360D4F824A0DAF80800FFF7A9
:1068A000BDFDCAF80800626AD9F8403BC3F3405303
:1068B0009370626A9378002BC7D056F8043C23F09B
:1068C0006043C6E7A36B616A204698474FF4803364
:1068D000C5F8083BBDE8F08790F1000080F10000AA
:1068E00030B402786A4B53F82220CB7A002B51D077
:1068F000D2F8843043F40073C2F88430136823F074
:106900002003136014680B7803F0070324F00704D6
:106910002343136014688B781B0603F0706324F024
:106920007064234313608B8893600024D464012334
:106930005360936D43F008039365D2F884508B7ACB
:106940009B01DBB225F0C0052B43C2F88430D2F89E
:106950008C504B7A03F0010325F001052B43C2F85C
:106960008C30D2F884500B7A03F01F0325F01F05FA
:106970002B43C2F88430C4600461446184614B7865
:10698000012B0ED0032B46D0042B56D0052B69D0FB
:10699000037107E0D2F8843023F40073C2F8843026
:1069A000ACE703710023CC68DC4014F0010F02EB6C
:1069B000C305EC6814BF44F0400424F04004EC60CC
:1069C0000133082BEFD1CB6813F4807F136814BF19
:1069D00043F4807323F480731360CB6813F4007F57
:1069E000536D14BF43F0800323F080035365CB68DD
:1069F00013F4806F136814BF43F0400323F0400387
:106A000013600B69C3604B6903618B694361CB6998
:106A1000836130BC7047037103781E4CE468032B1C
:106A20004FEA43038CBF08331833032505FA03F3F9
:106A300024EA0304174BDC60B4E703710378154CB8
:106A4000E468032B4FEA43038CBF08331833032554
:106A50009D4024EA0504012505FA03F323430D4C68
:106A6000E3609FE7037103780A4CE468032B4FEA65
:106A700043038CBF0833183303259D4024EA0504E3
:106A8000022505FA03F32343024CE3608AE700BFC3
:106A9000C4F10000008004400023037083704FF6AF
:106AA000FF72426001224270037243728372C372AA
:106AB000C360036143618361C36170470278064B21
:106AC00053F822301A6822F018021A600A889A6075
:106AD0008A88DA64704700BFC4F1000010B40278FD
:106AE0001E4B53F822208379012B1AD00B78C479DE
:106AF000DC4014F0010F24D08C68013302EBC30397
:106B00009C604B6823448468A34284BF03F1FF3335
:106B10001B1B0C780134E4B2013402EBC404A36003
:106B200006E04B685C080B78013302EBC3039C6002
:106B3000437963B10B7B73B1936D43F0800393652D
:106B400009E04C68013302EBC3039C60F0E7936DEE
:106B500043F0800393655DF8044B7047C4F1000077
:106B600010B404780C4B53F824308479012C0CBFFA
:106B7000C1F34F0189B29960417929B142B19A6D4F
:106B800042F080029A6503E09A6D42F080029A65B5
:106B90005DF8044B704700BFC4F1000002786E4BF3
:106BA00053F822300A6882600022C2710A79827129
:106BB0004A7942715A6D42F001025A654A79022AB5
:106BC0000CD0012A21D0032A24D05A6D22F00802C9
:106BD0005A659A6D42F004029A6503E09A6D42F09C
:106BE00002029A651A6822F018021A600A79DAB964
:106BF0001A6822F020021A600A889A608A6892B1A4
:106C00002DE9F04100263746D1E09A6D42F00102AD
:106C10009A65E7E79A6D42F002029A659A6D42F032
:106C200001029A65DEE770471A6842F020021A6096
:106C30000A68C2F34F029A60E0E7D3F87080541CF0
:106C40004FF0010E0EFA04F40EFA02FE44EA0E04AE
:106C5000E4B228EA04041C67D7E0AC68002C54D0E6
:106C6000D3F870E002F1010C012404FA0CFC5FFA85
:106C70008CFC2EEA0C0CC3F870C0D3F8648022FAA6
:106C800004FC4FEACC0C0CF1050E04FA0EFE4EEAA1
:106C9000080EC3F864E0D3F8648004FA0CFE4EEAF0
:106CA000080EC3F864E0D3F864E00CF1070C04FAB2
:106CB0000CF444EA0E045C66D3F864E04FEA520C2C
:106CC0004FEACC0C0CF1010C012404FA0CFC2EEA66
:106CD0000C0CC3F864C09440D3F870C05FFA84FE13
:106CE0002CEA0E0CC3F870C0D3F800C0240404F4DE
:106CF0007F0444EA0C041C6003EBC20CDCF80C407B
:106D000024F48074CCF80C40AFE0D3F864E054086D
:106D10004FEAC40C0CF10508012404FA08F82EEA25
:106D2000080EC3F864E0D3F864E004FA0CF42EEA29
:106D3000040EC3F864E0D3F864C02CEA04045C6673
:106D4000BAE75C6E0EF1040E4FF0010808FA0EFE71
:106D500024EA0E045C66BEE0C4F100006C686408BE
:106D6000CCF810402C69B4F5806F80F0DD8003F121
:106D7000A00522F0010E55F82E2022F0C00245F8A1
:106D80002E2055F82E204FEA941C04F03F0444EACC
:106D90000C4422F4702C2CF03F0C44EA0C0445F80F
:106DA0002E40013714368A68BA4240F2F680CA682B
:106DB0009519925D2C7B002C3FF44FAFD3F864E023
:106DC0004FEA520C4FEACC0C0CF10108012404FAF2
:106DD00008F444EA0E045C666C7B002C7FF42DAF53
:106DE000D3F870E0012404FA02F85FFA88F82EEA7A
:106DF000080EC3F870E0D3F870E002EB040804FA60
:106E000008F4E4B244EA0E041C67541CE4B203EB39
:106E1000C404D4F80CE02EF03C0E4EF0080EC4F87A
:106E20000CE0D3F864800CF1050E4FF0010C0CFA65
:106E30000EFC4CEA080CC3F864C003EBC20EDEF88B
:106E40000CC02CF4807CCEF80CC0D4F80CC02CF410
:106E5000807CC4F80CC0D3F800C04FF44034944098
:106E600004F47F0444EA0C041C60D3F864C04FEAC5
:106E7000520E4FEACE0E0EF10508012404FA08F472
:106E800044EA0C045C660C794CB903EBC20CDCF8E8
:106E90000C4024F0300444F02004CCF80C4003EB08
:106EA000C20CDCF80C806C78A40004F00C0428F010
:106EB0000C0844EA0804CCF80C40AC7B002C3FF4EE
:106EC00040AFD3F864800EF1040E012404FA0EF4EE
:106ED00044EA08045C660C79012C3FF43FAFAC68CF
:106EE000F4B1012404FA02FEC47944EA0E04C47128
:106EF000D5F808E0CCF810E06C687444D1F800E0F4
:106F0000744584BF6FEA0E0E744402F1010C5FFAFF
:106F10008CFC0CF1010C03EBCC0CCCF8084021E705
:106F20006C68CCF810401DE7B4F5805F1BD203F10C
:106F3000A00522F0010E55F82E2022F0C00242F0EA
:106F4000800245F82E2055F82E20C4F3850C240A23
:106F50004CEA044422F4702C2CF03F0C44EA0C045C
:106F600045F82E401DE703F1A00C22F001025CF869
:106F7000225045F0C0054CF822505CF822E0A501F3
:106F800005F47025C4F305142C432EF4702525F068
:106F90003F052C434CF8224003E7BDE8F08100BFD9
:106FA0000278024B53F8223058687047C4F1000051
:106FB00010B40278164B53F82220D46EC1F3C010DF
:106FC000C1F3800343EA4023080100F010000343AB
:106FD0002343880000F480700343880800F0080011
:106FE0000343880800F004000343880800F002000F
:106FF0000343080100F020000343D36611F4807FAF
:1070000003D0D36E43F04003D3665DF8044B704762
:10701000C4F100000278074B53F822300279012AAC
:107020001A6806BF22F0180242F0080242F0180265
:107030001A607047C4F100000278044B53F8222014
:10704000136823F018031360704700BFC4F10000F9
:107050002DE9F84306460278424B53F82240636D0F
:10706000206825682268400A00EA122000F001002A
:107070002268AD0905EAD21505F0010513F0800F6D
:107080001ABF636F03F00F084FF0000818B12368B0
:1070900023F4007323601DB1236823F08003236071
:1070A00000273B4602E00133082B12D004EBC30259
:1070B000D16811F0800FF6D0D16811F0400FF2D0F6
:1070C000D16821F08001D16001229A40D2B21743E9
:1070D000E9E718B173690BB1304698471DB1B36940
:1070E0000BB130469847B8F1000F22D0336903B393
:1070F00032781C4B53F822301B4A934209D002F5D8
:10710000805293420CBF4FF002094FF00409002552
:1071100005E04FF00209FAE70135A94509D028FA40
:1071200005F313F0010FF7D033692946304698472D
:10713000F2E7A7B1F36893B1002502E00135082D0D
:107140000DD027FA05F313F0010FF7D06B1C04EBF9
:10715000C3039A68F368294630469847EEE7BDE8CE
:10716000F88300BFC4F1000000E00640024B53F872
:107170002030D960704700BFDCF10000024B53F8AB
:107180002030186908407047DCF10000034B53F8C9
:107190002030012A0CBF596099607047DCF1000073
:1071A00002461E4B53F8303003F1804303F5CA23E7
:1071B0001B6813F0804030D0184800EBC2025268C0
:1071C00012F01E0029D010B5C3F3026012F0200F98
:1071D0001ABF03F007035C1C0124D0B112F0020FA8
:1071E00007D112F0040F12D112F0080218BF0222C8
:1071F00000E000220A4B03EB4003587810441628A5
:1072000009D0C0B200F0E8FFB0FBF4F010BD0122DD
:10721000F0E70020F5E70020F8E7704700F20000F3
:10722000F0F100002DE9F041044606783A4B03EBFB
:10723000C6035D6815F0800F05D115F0400F39D1F8
:107240000120BDE8F081012000F0C6FF002861D0D8
:10725000314B53F8366006F1804606F5CA2633688E
:1072600023F0804333606378002B3FD015F0200774
:1072700024D0E778781C5FFA80F807F0070715F04C
:107280001E0F04D0A3781B0603F0E0631F4315F024
:10729000010F18BF47F080473760A37883B315F01C
:1072A000020F0ED115F0040F18D115F0080018BF09
:1072B000022007E0002000F08FFFC7E74FF0010831
:1072C000DDE70020154A02EB43035D7828441628C9
:1072D00018D0B8F1000F03D100200AE00120F1E737
:1072E000C0B200F079FFB0FBF8F002E00027376091
:1072F0003846336847F000479F4205D00120A0E799
:107300000020F6E70020F4E7054B984294BF0020E8
:10731000012096E7012094E700F20000F0F1000060
:1073200080D1F008F0B403783D4A52F823603D4A1A
:1073300052F823700C68002C6FD00025AC462CE06E
:1073400022F0020291F80CC0BCF1000F01D042F013
:10735000400291F80DC0BCF1000F3DD042F0100288
:1073600042F0807C01283AD046F823C056F823200A
:1073700042F0807246F8232056F82320C87B000490
:1073800000F4702022F47022104346F823000120FC
:1073900000FA03F305449C433FD0EBB224FA03F216
:1073A00012F0010FF3D04868020202F4E06242EAF0
:1073B0000C0291F80AC0BCF1000FC1D00028C1D066
:1073C00091F80BC0BCF1010F0EBF42F0030222F096
:1073D000010242F00202B5E722F01002C0E7087A8B
:1073E00070B94A7A42B901229A40BA60786901229A
:1073F0009A4002437A61B7E701229A407A60F5E742
:10740000012804D022F4E06242F0807CACE77A6983
:10741000984022EA00027A61A6E7F0BC704700BFFC
:107420009CF3000088F3000070B5064602780E4B0E
:1074300053F82250002402E00134202C12D055F8D9
:10744000243013F0807FF7D055F8243043F0807358
:1074500045F824307368002BEED00121A14030465E
:107460009847E9E770BD00BF9CF30000F8B50546FA
:1074700002781C4B53F82260336813F0400F06D09B
:10748000336823F040033360C36803B198472B7916
:107490003BB3002404E001342A79E3B29A4220D9B4
:1074A000E1B204F00707C4F3C40303EB830206EB65
:1074B000C20250690122BA401040F840EBD003EB01
:1074C000830006EBC000406920EA020203EB83035D
:1074D00006EBC3035A61AB68002BDCD02846984703
:1074E000D9E7F8BDB0F30000F0B484460278244B2D
:1074F00053F8227000263E603B6843F080033B60F7
:107500004FF6FF737B60FB6006F0070101228A40A3
:10751000C6F3C40404EB840307EBC3031869150224
:1075200045EA0245154320EA05051D615D6925EA26
:1075300002455D615D6925EA02025A6104EB84043B
:1075400001EB44010631002347F821300136202E9B
:10755000DAD1D7F8903123F00103C7F89031002336
:10756000C7F894313A6842F001023A603A6822F072
:1075700080023A60CCF80830CCF80C30F0BC704790
:10758000B0F3000001230371002343718371437042
:10759000837003700F22C270C37103724EF2E14216
:1075A0004281C36003617047F8B505460C462F4F12
:1075B000037857F82360FFF797FF326823789B041E
:1075C00003F4402322F4402213433360326863788B
:1075D0001B0303F4E04322F4E042134333603268B8
:1075E000E3781B0203F4706322F470621343336088
:1075F0003268A3789B0003F00C0322F00C021343C3
:1076000033603368227923F0020343EA4203336094
:107610003368627923F4004343EAC2333360144A87
:107620005368A17923F4005343EA4133536023693B
:10763000EB60E368AB60E3792B74217A697463894A
:107640006B8200232B712B7857F823301A6822F4B1
:10765000003242EA41421A606A8ADA601A68297C7A
:1076600022F0200242EA41121A60F8BDB0F3000095
:10767000008004402DE9F047844600781C4B53F805
:10768000200090467AB302F1040E5FFA8EFE0425C4
:1076900005F007040127A740EE0806EB860900EB7A
:1076A000C909D9F810A0CB78A3400A79A2401204E6
:1076B00042EA03228B78A34013433A0442EA0722AA
:1076C00017432AEA07073B43C9F8103031F8082B63
:1076D00006EB860304EB4303063340F82320013511
:1076E000EDB27545D4D18CF80480BDE8F08700BFB9
:1076F000B0F300000278024B53F822305960704713
:10770000B0F300000278044B53F82220136843F0D2
:1077100001031360704700BFB0F300000278044B10
:1077200053F82220136843F080031360704700BFB2
:10773000B0F3000008B5012908D002290BD001B12F
:1077400008BD8368002BFBD09847F9E7C368002B7E
:10775000F6D09847F4E70369002BF1D09847EFE79C
:1077600010B504461D4B5B6913F0020F04D01B4B90
:10777000DB6913F0020F0AD1184B5B6913F0040F99
:1077800004D0164BDB6913F0040F0FD110BD02219A
:10779000FFF7D0FF114B5A6922F010025A61002204
:1077A0001A605A6942F010025A61E5E7002120464A
:1077B000FFF7C0FF094B1A681B689A42FAD1074AC3
:1077C000516921F010015161616801390B449360E6
:1077D000536943F010035361D8E700BF00D0034062
:1077E0000246354BD3F8003613F0807F58D0324B29
:1077F000D3F8083613F0010F3048314B08BF184654
:107800002D4BD3F80816D3F80836C1F30321013104
:10781000B0FBF1F0C3F30543103303FB00F358084A
:10782000072A48D0132A06D0142A15D0152A25D0A5
:107830004FF0FF307047204BD3F8043613F0807FB1
:1078400031D013F0070F1DBF03F0070303F1FF331F
:10785000DBB20023D8407047174BD3F8042612F050
:10786000007F23D0130A12F4E06F1DBF03F007035B
:1078700003F1FF33DBB20023D84070470E4BD3F83F
:10788000042612F0806F14D0130C12F4E02F1DBFE9
:1078900003F0070303F1FF33DBB20023D840704746
:1078A0004FF0FF3070474FF0FF3070474FF0FF3020
:1078B00070474FF0FF30704700400640006CDC021C
:1078C0000024F400124BD3F8002422F40002C3F881
:1078D0000024D3F8002422F00102C3F80024D3F8D6
:1078E000003413F0807F0CD00A4B013B084AD2F8D9
:1078F000002412F0807F03D0002BF6D102207047C5
:1079000023B10020024BC3F80004704702207047E7
:1079100000400640C068780410B443791BB1013BB5
:107920006B4ADA4000E0002283791BB1013B6849D1
:10793000D94000E00021C37923B1013B644C24FA13
:1079400003F300E00023634CA24200F2B480A142A2
:1079500000F2B580604A934200F2B3805F4BD3F8E7
:10796000042122F0E062C3F80421D3F80431C3F308
:107970000273072B0FD15A4A013A584BD3F80431FE
:10798000C3F30273072B03D1002AF5D1022093E041
:10799000002A00F098800379017ADA0742EA01426E
:1079A00083F0010342EA036242F478424B4BC3F88E
:1079B0000821D3F8002122F40002C3F80021D3F8F3
:1079C000002122F4403222F00202C17842EA410250
:1079D000C3F80021D3F80411427902F0070221F024
:1079E000071121F4E0610A438179090201F4E061A1
:1079F0001143C279120402F4E0220A43C3F80421BD
:107A0000D3F8002142F00102C3F80021D3F800317D
:107A100013F0807F15D1334B013B304AD2F800215F
:107A200012F0807F0BD1002BF6D12C4B0022C3F833
:107A30000021C3F80821C3F8042102203CE0002BF8
:107A4000F3D0264AD2F8043143F0E063C2F804319F
:107A500043782BB1D2F8003143F48033C2F80031BF
:107A6000837833B11D4AD2F8003143F40033C2F8B1
:107A70000031037833B1194AD2F8003143F40003DE
:107A8000C2F80031154BD3F80431C3F30273072B4E
:107A90001BD0134A013A114BD3F80431C3F30273DC
:107AA000072B03D0002AF5D1022005E0002A14BFDD
:107AB0000020022000E004205DF8044B7047042001
:107AC000FAE70420F8E70220F6E70020F4E700BF19
:107AD0000024F400006CDC0200366E010040064019
:107AE000A0860100804F12001C4B1869C0F3036090
:107AF000012831D0D3F8083613F0010F01D1062840
:107B000027D0164BD3F8002122F40002C3F800213D
:107B1000D3F8002122F00102C3F80021D3F800318C
:107B200013F0807F0CD00E4B013B0C4AD2F80021A1
:107B300012F0807F03D0002BF6D10220704753B1A2
:107B4000064B0020C3F80001C3F80401C3F8040188
:107B50007047012070470220704700BF0040064078
:107B6000A086010010B40146494AD2F8003223F43D
:107B70000003C2F80032D2F800028C78230243EAF4
:107B8000442320F4813020F483700343C87843EA0F
:107B90008003087943EA4003C2F80032D2F8043285
:107BA00023F0E063C2F80432D2F80432C3F3027364
:107BB000072B0ED1374A013A354BD3F80432C3F3C1
:107BC0000273072B03D1002AF5D1022054E0002ACA
:107BD0005BD04B7833B12E4AD2F8003243F4803375
:107BE000C2F800320B7833B1294AD2F8003243F49C
:107BF0000003C2F800322648D0F804224B7903F083
:107C0000070322F0071222F4E0621343CA79120438
:107C100002F4E0221A438B791B0203F4E06313435E
:107C2000C0F80432D0F8043243F0E063C0F8043204
:107C3000D0F80432C3F30273072B24D0154A013A5B
:107C4000134BD3F80432C3F30273072B17D0002A67
:107C5000F5D10F4B0022C3F8042202208B785BB1D0
:107C60000B7A022B03F003030CBF4FF470220022A7
:107C70001343074AC2F80C325DF8044B7047002AE0
:107C8000E7D00020EAE70020E8E70220F4E700BFA1
:107C900000400640A0860100164BD3F8002722F4CE
:107CA0000002C3F80027D3F8002742F00102C3F80E
:107CB0000027D3F8003713F0807F0CD10E4B013B27
:107CC0000C4AD2F8002712F0807F03D1002BF6D1A6
:107CD0000220704753B1037853B1064AD2F80037F7
:107CE00043F40003C2F800370020704702207047B9
:107CF0000020704700400640A0860100124BD3F8D8
:107D0000002722F40002C3F80027D3F8002722F04E
:107D10000102C3F80027D3F8003713F0807F10D09A
:107D20000A4B013B084AD2F8002712F0807F03D0AB
:107D3000002BF6D102207047002B14BF0020022038
:107D400070470020704700BF00400640A086010039
:107D500001464379002B00F0B880013B6B4A22FAC0
:107D600003F38279002A00F0AB806948834200F275
:107D7000A380013A654B23FA02F2664B9A4240F225
:107D8000A880042070470023EFE7002A00F09680C7
:107D900010B4614BD3F8002322F40002C3F800238F
:107DA0000322C3F80823D3F800038C78220242EAA6
:107DB000442220F4813020F481700243C87842EAE2
:107DC0004002C3F80023D3F804030A7902F0070243
:107DD00020F0071020F4E06002434879000200F42C
:107DE000E06010438A79120402F4E0220243C3F8EF
:107DF0000423D3F8002342F00102C3F80023D3F890
:107E0000003313F0807F15D1444B013B424AD2F836
:107E1000002312F0807F0BD1002BF6D13E4B0022C5
:107E2000C3F80023C3F8042302205DF8044B704715
:107E3000002BF3D04B7833B1374AD2F8003343F4F8
:107E40008033C2F800330B7833B1334AD2F80033B1
:107E500043F40003C2F800332F4BD3F8042342F05D
:107E6000E062C3F80423D3F80433C3F30273072B8F
:107E700020D02A4A013A284BD3F80433C3F30273C3
:107E8000072B03D0002AF5D1022003E0002A14BFFB
:107E9000002002208B78002BC7D0CB79022B03F077
:107EA00003030CBF4FF47022002213431A4AC2F896
:107EB0000C33BAE70020EDE704207047022070473A
:107EC000134A934205D9042070478279002A7FF42F
:107ED0005AAF114BD3F8042322F0E062C3F8042315
:107EE000D3F80433C3F30273072B7FF451AF0B4A6B
:107EF000013A094BD3F80433C3F30273072B7FF421
:107F000044AF002AF4D10220704700BF00D8B80562
:107F1000006CDC0200366E0100400640A0860100C5
:107F200001468B4BD3F8003113F0807F03D10379E6
:107F3000002B00F00481864BD3F8003313F0807FD0
:107F400003D10879012800F00281814BD3F8002683
:107F500012F0807240F0F58030B40C797D4B7E4891
:107F6000002C18BF0346087A0130B3FBF0F3A3F5E9
:107F70007420A0F51070794CA04200F2E480487A99
:107F8000103003FB00F376481844764CA04200F210
:107F9000DC805B08487918B1013823FA00F000E072
:107FA00010468C796CB3013C23FA04F4CD7915B1F9
:107FB0006A1E23FA02F26C4B984200F2B6806B4BB9
:107FC0009C4200F2B4806A4B9A4200F2B280604B4D
:107FD000D3F8042622F0E062C3F80426D3F804366E
:107FE000C3F30273072B11D1624A013A584BD3F8FD
:107FF0000436C3F30273072B05D1002AF5D1022002
:1080000091E01446D2E7002A00F09580504BD3F857
:10801000002622F40002C3F800260022C3F800263E
:108020000A7A120202F47062487A000400F47C10AA
:108030000243087900F001000243C3F80826CA7819
:108040005200C3F80026D3F804064A7902F007026A
:1080500020F0071020F4E06002438879000200F469
:10806000E0601043CA79120402F4E0220243C3F82C
:108070000426D3F8002642F00102C3F80026D3F804
:10808000003613F0006F15D13B4B013B304AD2F85C
:10809000002612F0006F0BD1002BF6D12C4B0022E2
:1080A000C3F80826C3F80026C3F8042602203AE0E5
:1080B000002BF3D0264AD2F8043643F0E063C2F82E
:1080C00004364B782BB1D2F8003643F48033C2F833
:1080D00000368B7833B11E4AD2F8003643F40033B1
:1080E000C2F800360B7833B1194AD2F8003643F49F
:1080F0000003C2F80036164BD3F80436C3F30273FC
:10810000072B1AD01B4A013A114BD3F80436C3F39C
:108110000273072B03D0002AF5D1022003E0002AC6
:1081200014BF0020022030BC70470420FBE704206D
:10813000F9E70420F7E70220F5E70020F3E7012044
:108140007047012070470420EDE70420EBE77047FB
:10815000004006400024F400006CDC02C0E1E400B2
:10816000006B45F500EF1C0D80D1F008C068780465
:1081700060343C02A0860100F4E30400144BD3F801
:10818000002622F40002C3F800260022C3F80826C5
:10819000C3F80026D3F8003613F0006F0CD00D4B57
:1081A000013B0B4AD2F8002612F0006F03D0002BDF
:1081B000F6D10220704743B1054B0020C3F80006FA
:1081C000C3F80406C3F8040670470220704700BFD6
:1081D00000400640A086010010B50446022830D9B0
:1081E000032800F0CB800A2850D00B2860D00C2840
:1081F00071D0052800F082800D2800F0DC800E2868
:1082000000F009810F2800F0EE8006287FD01028AA
:1082100000F01881112800F04281122800F0288116
:1082200007287DD0A0F11303DBB2022B78D90428F4
:1082300000F09E80082800F09E80092874D000205D
:108240005CE1B04B1B69C3F30363012B00F03F817A
:10825000032B00F05481062B0ED04FF0FF30A94BBA
:108260001A6919691B69C2F303420132B0FBF2F0CB
:10827000002C00F03F8135E10720FFF7B1FAEEE76F
:10828000C1F303110131B0FBF1F033E19D4BD3F8A1
:10829000043213F0807000F0318113F0070F6FD0BB
:1082A00003F007000138C0B2974B23FA00F021E138
:1082B000944BD3F8043213F0007000F01F811A0AB7
:1082C00013F4E06F5ED002F007000138C0B28E4BAD
:1082D00023FA00F00EE18B4BD3F8043213F08060E8
:1082E00000F00C811A0C13F4E02F4DD002F00700BF
:1082F0000138C0B2844B23FA00F0FBE0814BD3F885
:10830000000310F08070814B18BF1846F6E07D4BDB
:10831000D3F8000110F080707D4B18BF1846EDE0D7
:108320002046FFF75DFAE5E0764B1A6AC2F3036375
:1083300012F0706F36D0012B36D0022B36D0032BC3
:1083400009D0042B34D0062B0ED0072B0CBF4FF4D2
:10835000FA400020D2E06B4BD3F8000310F080709D
:108360006A4B18BF1846C9E00720FFF739FAC1E089
:108370004FF4FA40C2E04FF40040BFE06248BDE075
:108380006148BBE06048B9E05F48B7E05F48B5E0EE
:108390005E48B3E05D48B1E05D48AFE05C48ADE009
:1083A0005B48ABE00020A9E05948A7E05648A5E0AB
:1083B0004FF40040A2E0534BD3F8000310F080705C
:1083C00000F09C804F4BD3F8043313F0807000F022
:1083D000958013F0070FD9D003F00703013BDBB200
:1083E0004A48D84086E0474BD3F8000310F080702D
:1083F00000F08480434BD3F8043313F080607DD0C9
:108400001A0C13F4E02FC5D002F00703013BDBB2D6
:108410003E48D8406EE03B4BD3F8000310F080702C
:108420006CD0384BD3F8043313F0007066D01A0ABE
:1084300013F4E06FACD002F00703013BDBB233482A
:10844000D84057E02F4BD3F8000110F0807055D082
:108450002C4BD3F8043113F080704FD013F0070F7A
:108460009AD003F00703013BDBB22948D84041E032
:10847000244BD3F8000110F080703FD0214BD3F88B
:10848000042112F0806039D0130C12F4E02F87D051
:1084900003F00703013BDBB21D48D8402AE0194B2B
:1084A000D3F8000110F0807028D0164BD3F80431B7
:1084B00013F0007022D01A0A13F4E06F3FF46EAF8D
:1084C00002F00703013BDBB21148D84012E0104A2A
:1084D0000C4B186919691B69C0F303400130B2FBEA
:1084E000F0F05CB1012C3FF4CBAE03F00F0301338D
:1084F000B0FBF3F0B0F1FF3F08BF002010BD034A0E
:10850000E6E700BF00400640001BB70000D8B805F2
:108510000024F400044A136A000600F0706023F09F
:108520007063184310627047004006400B4BD3F84D
:10853000003313F0807F01D11F280CD0074A136A43
:1085400023F040431362116A012303FA00F0084349
:108550001062002070470120704700BF00400640B5
:10856000214BD3F8003113F0807F01D1012839D09D
:108570001D4BD3F8003313F0807F01D103282BD09B
:10858000194BD3F8003613F0807F01D1062825D08F
:10859000154B1B69C3F30363984221D010B4124CEE
:1085A0006169020602F0706221F070610A43626143
:1085B0000E4A05E0013A0DD00B4B1B69C3F3036370
:1085C000094909690029F5DA8342F3D100205DF8F1
:1085D000044B70470020FAE70120704701207047E4
:1085E00000207047704700BF00400640A186010090
:1085F00070B504464078FFF7B3FF0546002836D132
:108600006378012B03D0032B63D0062B23D023796F
:10861000E278934271D03B4A516963781B0603F0BC
:10862000706321F070610B43536113691269002A72
:1086300029DBC3F303636078334A984208D002B35E
:10864000013A30490B69C3F3036309690029F4DA7D
:10865000CAB902250BE00720FFF7C2F823795A1C9C
:10866000B0FBF2F0E2782949884202D90425284675
:1086700070BD511CB0FBF1F1A6780136B0FBF6F0ED
:1086800034E00225F3E763781B0603F07063E278B9
:108690001201D2B21343A27802F00F0213432279DF
:1086A000120402F47022134343F00043154A53614D
:1086B0001369002BDBDB144B013B124A1269002AC1
:1086C00003DB002BF8D10225D1E7002B08BF0225E0
:1086D000CDE723795A1C0E48B0FBF2F0E278511C2A
:1086E000B0FBF1F1A6780136B0FBF6F0094EB142CD
:1086F000BCD809498842B9D88BE7002A8BD0042519
:10870000B5E700BF00400640A086010080D1F00818
:1087100000D8B805C068780460343C0200B583B066
:10872000134B93E8030002AB03E90300114B1B69F1
:10873000C3F30363032B05D00320FFF711FF0128C8
:108740000CD040B9FFF71AFDFFF7CEF9FFF7BAF8E2
:10875000FFF7D4FA002003B05DF804FB6846FFF78A
:10876000F7FA0228F7D00320FFF7FAFEE9E700BF87
:1087700054ED000000400640214BD3F800230B6865
:1087800013F0010F04D012F4803F1CBFCB6883604C
:108790001B4BD3F800310A6812F0040F06D003F423
:1087A0004033B3F5803F04BF4B680360144BD3F8EC
:1087B00000220B6813F0020F04D012F4803F1CBF9C
:1087C0008B6843600E4BD3F800340A6812F0080F30
:1087D00006D003F44033B3F5803F04BF0B69C36098
:1087E000074BD3F800360A6812F0100F06D003F4D6
:1087F0004033B3F5803F04BF4B690361704700BF4E
:108800000040064010B40B494C6824F47F644C606F
:1088100043781B01DBB28278120202F4E062134358
:1088200023434B60027843EAC2234B605DF8044B5C
:10883000704700BF008004400E490A6CC37922F0E3
:10884000FF021343027843EAC213427843EA8213D9
:10885000827843EA4213C27843EA0213027943EA78
:10886000C203427943EA8203827943EA42030B64FA
:10887000704700BF0080044030B4134B1A69817800
:10888000047840788B0003F00C03A501EDB22B4374
:1088900022F0FC021A43030103F0300313430329BF
:1088A00009D023F00303022909D143F00203064A49
:1088B000136130BC704723F0030343F00103012C24
:1088C000F3D00128F3D1F0E70080044010B421F088
:1088D0000304134B53F82000035901F0030103294B
:1088E00006D8DFE801F002090F16D2B262F30703DF
:1088F00003515DF8044B704723F47F41120293B299
:108900000B43F5E723F47F03120402F47F021343C1
:10891000EEE723F0FE43120602F0FE421343E7E7C0
:10892000B8F3000008B50278054B53F8222013680D
:1089300043F480431360436803B1984708BD00BF08
:10894000C8F300002DE9F8438146B2B11F464D1E21
:10895000441E8046561E064405E015F8013F04F803
:10896000013FB44209D0C8F10102224412F03F0F86
:10897000F3D1002FF1D0B847EFE74846BDE8F883C0
:1089800008B5C068FBF79AFC08BD38B50446856891
:108990000079FEF705FC28602946E068FBF796FAA7
:1089A000E0680279A169FBF783FB6269E1682069ED
:1089B000FBF7EAFBE068FBF761FC38BD10B5044645
:1089C00001460A4B1868F8F77FFA034640B1214682
:1089D000064B586AF8F778FA08B1002010BD012359
:1089E00003EBC303014800EB8300F7E764000020BA
:1089F0000178034A52F82130013342F821307047A0
:108A0000BC8800207047704770477047704700006F
:108A10002DE9F0470F468868B0F5D86F0BD01B4B97
:108A20000024A6B29A6890420DD0013424330B2C56
:108A3000F7D1BDE8F08701F11000F8F7A7FC01209D
:108A4000F8F7B0FCF5E7DFF8449004EBC40809EB55
:108A500088080023FA6807F11001D8F81400FFF71E
:108A600071FFD8F818200023138088F81E30FB68A7
:108A700088F812300A2EDCD8A4B204EBC4040348F0
:108A800000EB8400F8F794FCD3E700BF140100204A
:108A900008B58B68B3F5807F00D008BD4A7C0B7C9D
:108AA00003EB0223024A138002F03EFAF5E700BF0F
:108AB000AC970020F8B50C4600230B70404B185CB7
:108AC000FEF76EFB0346257E002D51D03D4AA2FBEA
:108AD0000012D20C3C4901FB1202002A6CD13B4926
:108AE000104603E001301C3105281CD051F8045C0D
:108AF0009D42F7D10E68364DAE42F3D1354DC0EBF5
:108B0000C00105EB81018E686660CE68A6600E69C3
:108B1000E66049692161C0EBC00005EB8000816916
:108B200061612D4905E0012047E001321C31142A22
:108B30001CD051F8040C9842F7D10D6822488542A8
:108B4000F3D12649C2EBC20301EB83039868E061CD
:108B5000D8682062186960625B69A362C2EBC202D6
:108B600001EB82029369E362002026E0012024E009
:108B7000144AA2FB0012520C154901FB1202EAB979
:108B8000144A02F18C07012002E01C32BA4214D0D0
:108B900011689942F9D1DFF838C051686145F4D1C4
:108BA00091686160D168A1601169E16051692161DA
:108BB000916961612846E8E70120F8BD0120FCE7E2
:108BC000B4F6000083DE1B4380841E002CF60000F8
:108BD00020A1070028F60000FCF30000F8F30000D5
:108BE00070B5D6B004460378012B03D0022B78D0A1
:108BF00056B070BD00238DF8CC308DF8CD30349355
:108C000035933693379338933A933B933C933D9304
:108C10003E938DF8FC308DF8FD308DF800318DF8E5
:108C200001318DF804318DF805318DF806318DF85C
:108C300007318DF8083143938DF810318DF81131DB
:108C40008DF812318DF813318DF814318DF81531FE
:108C500040228DF816218DF8173146938DF8283172
:108C600001208DF824018DF825018DF826018DF85D
:108C70002701584B5A788DF801201A788DF800207A
:108C80009A7B8DF80E201A6904925A6905925A7BD4
:108C90008DF80D201A7B8DF80C209A7E8DF81A2005
:108CA000DA6907921A6A08925A7E8DF819201B7E9B
:108CB0008DF81830CDF820D103238DF81D318DF8B3
:108CC000E40008238DF81C3133A9FFF7F3FE0028D8
:108CD0008ED133A92046FCF76FFC2046FDF7A4FA9D
:108CE00086E700238DF8CC308DF8CD303493359362
:108CF0003693379338938DF8E4303A933B933C9313
:108D00003D933E938DF8FC308DF8FD308DF80031A9
:108D10008DF801318DF804318DF805318DF806316B
:108D20008DF807318DF8083143938DF810318DF8A7
:108D300011318DF812318DF813318DF814318DF811
:108D4000153140228DF816218DF8173146938DF894
:108D5000283101238DF824318DF825318DF8263105
:108D60008DF827311C4A6B4612AE1946104605781D
:108D70000D7045784D700C300C31B142F7D103F1D4
:108D8000840092F84A1083F84A10D16CD964116DAE
:108D9000196592F8491083F8491092F8481083F841
:108DA00048100C320C338342EBD1CDF820D1112383
:108DB0008DF81D3133A90220FFF77CFE00287FF4D7
:108DC00017AF33A92046FCF7F7FB2046FDF72CFA36
:108DD0000EE700BFA8030020CC03002082B0F0B54E
:108DE00095B004460E461AA981E80C009DF86870FB
:108DF00050220021684605F05DFF082303930023FD
:108E00008DF801308DF802308DF809308DF808307A
:108E1000134B03F19000FF255A68A24208BF1D7A48
:108E200018338342F8D1FF2D10D08DF800500194F3
:108E300000230822314604A8FFF784FD094B1B7864
:108E4000BB4203D0084B1B78BB4204D015B0BDE831
:108E5000F04002B0704769460348FDF747FAF5E76E
:108E6000A0020020300300206C03002008B5034856
:108E7000FFF7B6FE0248FFF7B3FE08BD300300203F
:108E80006C03002038B5094C04F5C67509E0626929
:108E9000617FA06801F07EFB002323772434AC427D
:108EA00003D0237F002BF9D0F1E738BD1401002057
:108EB0007047704700B583B000238DF807308DF8F8
:108EC000003001228DF801208DF802308DF803303A
:108ED0008DF804308DF805208DF806206846FFF7E0
:108EE000ABFC03B05DF804FB30B595B0224C11AB80
:108EF00094E8070003C31A7011A8FEF733FE00239D
:108F00008DF8403010A8FEF7C7FE0DAB04F10C023F
:108F100007CA03C31A700DA8FEF7FEFC0AAB04F1E2
:108F2000180207CA03C31A800AA8FEF7F9FFA16A4C
:108F3000606A08908DF8241008A8FFF759FB06AB6B
:108F4000216BE06A83E803001846FEF701FF1F204B
:108F5000FFF7ECFA0120FFF7DDFA6D4634340FCC51
:108F60000FC594E8030085E8030069460348FFF74E
:108F700003FC15B030BD00BF5CED0000689600201A
:108F800038B5054C04F15C052046FEF74BF9043476
:108F9000AC42F9D138BD00BFB8F6000000B583B0CF
:108FA000FFF7BCFBFFF7A0FFFFF7EAFF0E4BDB6C00
:108FB000ADF804301B0C8DF80630FFF77BFF01A8DD
:108FC000FFF75AFC03238DF8063001238DF8043097
:108FD00000238DF8053001A8FFF714FCFFF76AFFA6
:108FE00003B05DF804FB00BF5CED000010B5044C5D
:108FF00004492046FBF72AFA034B5C605C6110BD14
:109000007C96002014F700000497002010B5044C53
:109010002046FBF7D9FE04F11000FBF7D5FE10BD8A
:1090200004970020A14B1B78012B00D0704710B58E
:1090300084B09F4B93F82140B4E09D4B93F82030CF
:109040000A2B21D00B2B43D0092B01D00323B8E0EE
:10905000974B984802681A6042685A60002303617F
:10906000FCF735F910F0FF0F40F01781924B1B68A9
:109070001B6E012098478F4B4FF400625A608C4B57
:109080000A2283F820208DE08A4B1868A0F18873AB
:10909000B3F5003F01D3032382E00021FCF772F90E
:1090A0006946844B1868FCF7AFF972B6824B1B68AF
:1090B0009B686846984762B628B97D4B0B2283F8B7
:1090C000202004236CE07B4B1A681A61032367E0BD
:1090D000FCF7F8F8794C784B1B689B6B9847B0F518
:1090E000006F40F0EF80013CF5D1724B1A681A61B5
:1090F000032366E06F4BDB6803B198476D4A136842
:1091000003F5006313606A490A6849680A44934298
:1091100080F0C580664B0A2283F82020A9E0644BCA
:10912000644802681A6042685A6000230361FCF7D1
:10913000FBF810F0FF0F40F0B4805F4B1B681B6E14
:10914000012098475A4A136803F07F03536151681E
:109150000B44D36013F07F0118BF012101EBD31141
:10916000D161544989689160136100239361072399
:1091700082F8203016E04E4A53695168194480291C
:1091800094BFC3EB0103C3F1800313611068494A24
:1091900010605360A0F18873B3F5003F1CD3032324
:1091A000042B0ED10D2C3FF448AF0E2C6ED1404B4A
:1091B00093F82030072BDED0082B39D0062BAED009
:1091C00003233F4A1370052B56D0022B58D1374B3F
:1091D00000221A7004B010BD0021FCF7D3F8354B03
:1091E0001A6800925B689B080193314B9A6802925F
:1091F0000121039119691868084418600A449A60AB
:109200005A68521A5A6000225A6172B62A4B1B6879
:109210009B696846984762B628B9254B082283F8AF
:1092200020200423BCE7234B1A681A610323B7E705
:10923000FCF748F842F210741F4B1B689B6B984771
:10924000B0F5006F4CD1013CF6D11A4B1A681A6187
:109250000323B6E7174BDB6803B19847144A9369B9
:1092600001339361D26993421DD2114B072283F8D7
:109270002020134B05221A700C4B01221A70A9E70B
:10928000032B06D0094B00221A70A3E70C4B0322D4
:109290001A70064B00221A709CE7032391E7022301
:1092A0008FE703238DE702238BE700BFB08D0020FB
:1092B0008C8D0020548D002098040020A086010091
:1092C0009C040020FBF7FEFF0C4B1B68DB689847F3
:1092D00000283FF40FAF0A4B1A681A61032370E7A6
:1092E000FBF7F0FF054B1B68DB6998470028B1D0FE
:1092F000034B1A681A61032363E700BF9804002038
:10930000548D0020074B1B785BB9074B18605960E0
:109310000022DA60054B092283F820200D2283F811
:1093200021207047B08D0020548D00208C8D0020AE
:10933000084B1B7863B9084B186059609A6000228B
:10934000DA60064B062283F820200E2283F82120C3
:10935000704700BFB08D0020548D00208C8D002000
:10936000014B1878704700BFB08D0020014B0122DF
:109370001A707047B08D0020014B00221A707047A0
:10938000B08D0020014B1878704700BF9C0400206E
:1093900070470000034B1A78034B53F82230012228
:1093A0005A6070472497002020F7000070470000A3
:1093B00008B50248FDF7F4FD08BD00BF2497002062
:1093C00008B50248FDF738FE08BD00BF249700200D
:1093D00008B50248FDF71EFE08BD00BF2497002017
:1093E00030B58BB0044602A8FDF756FB63685A7887
:1093F0008DF809209A788DF808205A6805929A68A5
:1094000008921B78084D2B7002A92846FDF768FAD0
:1094100063681A690192DB68009369462846FDF784
:109420004DFB0BB030BD00BF2497002000487047B3
:10943000B4040020054B1B78DBB2FF2B04D0034A99
:1094400013780133DBB21370704700BFB18D002079
:10945000054B1A78054B53F82230054A002111704C
:1094600001225A60704700BF4097002040F700007B
:10947000B18D00207047000008B50248FDF790FD4F
:1094800008BD00BF4097002008B50248FDF7D4FD95
:1094900008BD00BF4097002008B50248FDF7BAFD9F
:1094A00008BD00BF4097002030B58BB00446114B7B
:1094B00000221A7002A8FDF7EFFA63685A788DF857
:1094C00009209A788DF808205A6805929A680892BF
:1094D0001B78094D2B7002A92846FDF701FA636835
:1094E0001A690192DB68009369462846FDF7E6FA9F
:1094F0000BB030BDB18D002040970020014B187893
:10950000704700BFB18D002000487047E80400207C
:1095100010B584B0436801EB810403EB84031A6146
:10952000436803EB8400007B8DF80000019203EB9D
:1095300084014B69029301238DF80C30694602487F
:10954000FDF7CCFA04B010BD5C97002038B5054695
:109550000C4601220348FDF703FB6B68C3F8024089
:1095600038BD00BF5C97002008B50248FDF764FDD8
:1095700008BD00BF5C97002008B50248FDF74AFD12
:1095800008BD00BF5C97002070B58CB00646002473
:10959000009401940294039404A8FDF77DFA736883
:1095A0005A788DF810201B78124D2B7004A928468C
:1095B000FDF796F97368D3F8022000929A798DF836
:1095C0000420D3F807200292DA7A8DF805200C33B4
:1095D000039369462846FDF7E1FA1E22072120463B
:1095E000FFF774F94FF480712846FDF7E1FC0CB0E9
:1095F00070BD00BF5C9700200048704750050020F8
:1096000008B503F071FA08BD08B503F06DFA08BD9E
:1096100008B503F069FA08BD30B589B00023059399
:10962000069307930C4C04F17805636803930123B8
:10963000049300238DF81430237A8DF8153014F834
:109640000C3B8DF8043003A901A8FDF76BFEAC427A
:10965000EBD109B030BD00BF7005002070B588B0F7
:1096600000230593069307930D4C0E4D04F1280635
:1096700054F8043B0393012304938DF81430002223
:109680008DF816208DF8173015F8013B8DF8043051
:1096900003A901A8FDF746FEB442E9D108B070BDA8
:1096A0000806002058060020F0B589B00023059375
:1096B000069307930B4C0C4E0C4D04F1280754F8FD
:1096C000043B039356F8043B049315F8013B8DF8D3
:1096D000043003A901A8FDF725FEBC42EFD100200C
:1096E00009B0F0BD70F7000098F7000060F70000C7
:1096F00000B589B0002304930593022802D909B06C
:109700005DF804FB0D4B53F8203001930C4B53F8DC
:109710002030029300228DF80C2001238DF80D30AB
:109720008DF80E208DF80F30064B1B5C8DF818302D
:1097300001A906A8FDF7F6FDE1E700BFC0F70000AC
:10974000CCF700006CF700002DE9F04188B0002450
:109750000394049405944FF4805601964FF0040846
:10976000CDF8088001258DF80C508DF80E408DF84D
:109770000F508DF818500DEB080106A8FDF7D2FD2B
:109780004FF400570197CDF808808DF80C408DF804
:109790000D508DF818500DEB080106A8FDF7C2FD1D
:1097A0000196032602968DF80C508DF80E408DF828
:1097B0000F508DF818400DEB080106A8FDF7B2FD1B
:1097C000019702968DF80C408DF80D508DF81840D9
:1097D0000DEB080106A8FDF7A5FD08B0BDE8F08176
:1097E00070B586B00025039504950595082301936F
:1097F000012402948DF80C408DF80E508DF80F4026
:109800000B268DF81360184803230370174B436031
:1098100001A9FDF787FD4FF48063019302948DF851
:109820000C408DF80E508DF80F408DF813601048E5
:109830000470104B436001A9FDF774FD40230193B0
:1098400002948DF80C408DF80E508DF80F408DF875
:109850001360094804230370084B436001A9FDF716
:1098600061FD06B070BD00BFF8050020099600003C
:10987000E805002011960000000600200196000077
:1098800010B42E4B4FF080621A604FF000621A60E5
:109890004FF080521A602A48421E073001E082428F
:1098A0000DD012F9013F002BF9DB5C0903F01F0317
:1098B000012101FA03F3214941F82430EFE71F4B5E
:1098C00004229A604FF480325A604FF400325A609A
:1098D0004FF480225A604FF400225A604FF48012F5
:1098E0005A6008229A6010229A604FF400625A600F
:1098F00001225A6002225A60124B1B78124AD35638
:10990000002B08DB590903F01F03012202FA03F3BD
:109910000A4A42F821300D4B1B780B4AD356002BD4
:1099200008DB590903F01F03012202FA03F3034A7B
:1099300042F821305DF8044B704700BF00E100E0C1
:10994000E0F7000030030020D8F700006C0300208F
:1099500008B50248FAF714FD08BD00BF04970020BF
:1099600008B50248FAF70CFD08BD00BF14970020A7
:1099700008B50248FCF75AFE08BD00BF30030020BE
:1099800008B50248FCF752FE08BD00BF6C0300207A
:1099900008B50248FDF748FD08BD00BFB48D0020A2
:1099A00008B50248FDF740FD08BD00BFE8050020EE
:1099B00008B50248FDF738FD08BD00BFF0050020DE
:1099C00008B50248FDF730FD08BD00BFF8050020CE
:1099D00008B50248FDF728FD08BD00BF00060020BD
:1099E00008B50248FDF734FB08BD00BF24970020EE
:1099F00008B50248FDF72CFB08BD00BF40970020CA
:109A000008B50248FDF724FB08BD00BF5C970020A5
:109A100008B50248FEF786FF08BD00BFA4970020E6
:109A200008B50248FEF77EFF08BD00BFA4970020DE
:109A300008B50248FDF794FE08BD00BF90970020CE
:109A400008B50248FAF744FC08BD00BFB8940020EE
:109A500008B50248FDF70AFD08BD00BF7C9700204D
:109A600008B50248FDF702FD08BD00BF7C97002045
:109A700010B4154B1B78154A1268154C21881944EF
:109A800089B2B1FBF2F002FB10112180114C218848
:109A9000194489B2B1FBF2F002FB101121800E4C87
:109AA0002188194489B2B1FBF2F002FB1011218028
:109AB0000A4801880B449BB2B3FBF2F102FB11335D
:109AC00003805DF8044B70477C0600207806002078
:109AD0006E0600207006002072060020740600202A
:109AE00030B587B01C4D01232B7001A8FDF74AFD4E
:109AF00000248DF8044003238DF805308DF80640CE
:109B00008DF807408DF808408DF809408DF80A401F
:109B10008DF80B404FF4B473ADF80E300F4B059336
:109B200001A92846FDF740FD2846FDF7F7FD4FF453
:109B3000FA612846FDF7DEFD2046FEF74DFB084B97
:109B40001860052207492846FDF794FD2846FDF7D1
:109B5000D9FD07B030BD00BF7C970020719A00008E
:109B6000789700208006002008B50248FBF796FB96
:109B700008BD00BF2807002008B50248FBF78EFB90
:109B800008BD00BF7C07002008B50248FBF786FB34
:109B900008BD00BFD007002008B50248FAF7F0FB67
:109BA00008BD00BFA806002008B50248FAF7E8FB88
:109BB00008BD00BFB806002008B50248FAF7E0FB70
:109BC00008BD00BFC806002008B50248FAF7D8FB58
:109BD00008BD00BFD806002008B50248FAF7D0FB40
:109BE00008BD00BFE806002008B50248FAF7C8FB28
:109BF00008BD00BFF806002008B50248FAF79EFB32
:109C000008BD00BF7C9600207047000008B5084BD7
:109C10001B7833B9064A1378013303F0010313703C
:109C200008BD044B1968586800F072FFF2E700BFE6
:109C3000148E0020E48D0020012806D808B5034BBF
:109C400053F82000036A984708BD70470C8E002027
:109C500010B5FFF729FD1448FEF7B0FE134C206045
:109C60001348FEF7ABFE6060206850B143690122E3
:109C7000DA7043690F4A5A6043690F4A9A60C369B0
:109C800098470A4B586870B143690122DA704369FA
:109C90000A4A5A6043690A4A9A60C3699847034B63
:109CA0005868036A984710BDD0F300000C8E00205E
:109CB000D8F30000BC8D0020099C0000E48D00203A
:109CC0000D9C000010B4104A104902F1140452F81F
:109CD000040B41F2883303FB00F31B0B41F8043BF8
:109CE000A242F4D10A4A0B4902F1140452F8040BBF
:109CF00041F2883303FB00F31B0B41F8043BA24203
:109D0000F4D15DF8044B7047BC8D0020D08D00204D
:109D1000E48D0020F88D002008B5FFF7D3FF002068
:109D2000FFF78AFF08BD000008B50748FFF77EFB74
:109D3000064B18600028FDD0C3689847034B1B688A
:109D40001B69984708BD00BF18F70000188E002057
:109D500008B50548FFF76AFB044B18600028FDD0E2
:109D60008369984708BD00BF18F70000188E0020CF
:109D700008B50548FFF75AFB044B18600028FDD0D2
:109D8000C369984708BD00BF18F70000188E00206F
:109D9000092800D9704708B50A46044B53F820102B
:109DA000034B185CFDF7F2F908BD00BF3006002038
:109DB00064060020092801D90020704708B5054B2A
:109DC00053F82010044B185CFDF7D8F9003818BF81
:109DD000012008BD0806002058060020092800D9E7
:109DE000704708B5034B53F82010034B185CFDF780
:109DF000BDF908BD300600206406002008B50748FC
:109E0000FFF782FB064B18600028FDD0C368984717
:109E1000034B1B681B69984708BD00BF38F700005B
:109E20001C8E002008B50548FFF76EFB044B186038
:109E30000028FDD08369984708BD00BF38F70000AF
:109E40001C8E002008B50548FFF75EFB044B186028
:109E50000028FDD0C369984708BD00BF38F700004F
:109E60001C8E002008B5FFF749FB08BD10B513484C
:109E7000FFF7C2FB124B18600028FDD00024104BE6
:109E80001B689B68E0B298470134032CF7D10C4C57
:109E90002068C368984723681B69984720688369CE
:109EA00000221146984720688369002201219847C3
:109EB0002068836900220221984710BD58F70000EE
:109EC000208E0020014B1878704700BF78080020D2
:109ED000014B1878704700BF79080020014B1878B3
:109EE000704700BF7A080020014B1878704700BF08
:109EF0007B0800202DE9F041074600F0B9FBB8428D
:109F000040F2FB8007EB87037F4A02EB83031B7958
:109F1000002B40F0858007EB870302EB83035B791E
:109F2000012B69D007EB8703774A02EB83031A6999
:109F3000D2ED007A93ED037A77EEC77AD3ED026A19
:109F400087EEA67AFDEEC77A17EE906A6E4B07EBA6
:109F5000870203EB8201B1F802C013F82230DC085B
:109F600003F00703694A02F190000025516861453A
:109F700008BF156918329042F8D1002D00F0C0805A
:109F8000614907EB870201EB8202527807EB8700F9
:109F900001EB80008079012800F08B80C2F1200065
:109FA000C0B2002A00F0AE80591C96468A42A8BF73
:109FB0008E465FFA8EF7564B53F82EC0A1EB0E017A
:109FC000C0F12003A3EB0E0326FA03F303EA0C030C
:109FD0008B400CFA01F115F804C02CEA01010B4387
:109FE0002B550134E4B23844C0B2D21B072312F01F
:109FF000FF02D9D1012081E007EB870302EB830345
:10A000001A69D2ED007A93ED037A77EEC77AD3ED31
:10A01000026A87EEA67AFCEEC77A17EE906A95E799
:10A0200007EB8703384A02EB83035B78082B16D8CB
:10A0300007EB870302EB83035B79012B08D007EB67
:10A040008703314A02EB83031B6993F900607DE7C4
:10A0500007EB870302EB83031B691E7876E7102B5F
:10A0600017D807EB8703284A02EB83035B79012BA0
:10A0700008D007EB8703244A02EB83031B69B3F97B
:10A08000006063E707EB870302EB83031B691E880D
:10A090005CE707EB87031C4A02EB83035B79012B28
:10A0A00007EB870318BF184A02EB83031B691E687E
:10A0B0004CE71AB34FF0000EC3F108019142A8BF5C
:10A0C0001146C9B2124F57F8218008FA03FC2F5DE0
:10A0D00027EA0C0726FA0EFC0CEA080C0CFA03F32C
:10A0E0003B432B550134E4B28E445FFA8EFE521A84
:10A0F000002312F0FF02DFD100E00020BDE8F08174
:10A100000020FBE70120F9E778F80000A00200201A
:10A11000F4F7000010B500F0ABFA174A13680133EA
:10A120001360164A5289C2B1B3FBF2F102FB11333C
:10A130009BB9134B01221A7038242046FFF7DAFE30
:10A140000134A4B24A2CF8D10C4B1969988AF7F75C
:10A150004DF90B4B00221A7003E0094B1B78012BC1
:10A16000EAD0054B1A6842F20F739A4202D9024BA9
:10A1700000221A6010BD00BF248E0020A002002023
:10A180002C8E0020F0B4694B00EB800203EB8204BC
:10A19000647813F82230DE0803F007035A1C944257
:10A1A0003DDC121B8B5D624951F8241091400B403D
:10A1B00023FA02F2D3B200EB80025C4901EB820287
:10A1C0005279002A43D1621E43FA02F212F0FF0FC5
:10A1D00000F08A80564A52F8242063EA0203DBB278
:10A1E00000EB800201EB82021279002A40F08580A8
:10A1F0004E4A00EB800102EB81010C695BB207EE75
:10A20000903AF8EEE77A91ED027A67EE877A91ED6F
:10A21000037A77EE877AC4ED007AF0BC7047651E4A
:10A22000EB1A03F0FF05DFF808C15CF822208B5D14
:10A230001340AB40C5F1080701368A5D5CF8251074
:10A24000B9400A40FA4052FA83F3DBB2B3E700EBBD
:10A250008001364C04EB81010979A9B9012AC7D1E3
:10A2600000EB800104EB81010C6907EE903AF8EEF7
:10A27000677A91ED027A67EE877A91ED037A77EE4D
:10A28000877AC4ED007AC8E7012A36D100EB800254
:10A29000264901EB8202D2ED037ABDEEE77A17EE92
:10A2A000102A13449AB21BB2FF2B06DD00EB80008C
:10A2B00001EB800003691A80AFE7002B0CDBF5EEA1
:10A2C000C07AF1EE10FA07D400EB8000174B03EBD5
:10A2D000800003691A70A0E700EB8000134A02EBCC
:10A2E00080000269138098E700EB80020F4901EBC0
:10A2F00082021279002A3FF47BAF0C4A00EB800106
:10A3000002EB81010C695BB207EE903AF8EEE77A56
:10A3100091ED027A67EE877A91ED037A77EE877A8C
:10A32000FDEEE77A17EE903A237076E778F80000B2
:10A33000F4F70000F0B5464B00EB800203EB82041B
:10A34000677813F82230002F42D0DE0803F00705AB
:10A35000BC4600246A1C9445CCBF134663469C400F
:10A36000D51A8A5DDFF8ECE05EF823E00EFA05FE10
:10A3700002EA0E02EA40D2B212FA84F294B2ACEBD4
:10A3800003030136F6B2072513F0FF0CE2D100EB10
:10A3900080032F4A02EB83035B79DBB97B1E44FA0F
:10A3A00003F39BB22BB12B4B53F8273064EA030421
:10A3B000A4B200EB8003264A02EB83031B7933B37C
:10A3C00000EB8000224B03EB800003691C8033E02C
:10A3D0000024DCE700EB80021D4901EB82021279C8
:10A3E0005ABB012B13D100EB800201EB82021169F1
:10A3F00007EE904AF8EE677A92ED027A67EE877A76
:10A4000092ED037A77EE877AC1ED007A14E0104B73
:10A4100000EB800203EB8202116924B207EE904A3E
:10A42000F8EEE77A92ED027A67EE877A92ED037A98
:10A4300077EE877AC1ED007AF0BD012BC0D100EB39
:10A440008000034B03EB800003691C80F4E700BF2E
:10A4500078F80000F4F70000F0B54C4B00EB8002F8
:10A4600003EB8204667813F82220002E4ED0D50824
:10A4700002F0070237464FF0000E17E022460EFAB0
:10A4800004FE241B4B5DDFF808C15CF822C00CFA07
:10A4900004FC03EA0C0323FA04F45EFA84FEBF1AF8
:10A4A0000135EDB2072217F0FF070FD0541CA74269
:10A4B000E4DC0EFA07F3E41B4A5D354951F8271036
:10A4C000A1400A4022FA04F453FA84FE00EB800211
:10A4D0002E4901EB82025279DAB9721E3EFA02F37A
:10A4E00004D02B4A52F826206EEA020E00EB8002BE
:10A4F000264901EB8202127942B300EB8000234A25
:10A5000002EB80000269C2F800E033E04FF0000E79
:10A51000DCE700EB80011D4C04EB8101097951BBA4
:10A52000012A13D100EB800104EB81010C6907EED5
:10A5300090EAF8EE677A91ED027A67EE877A91ED0C
:10A54000037A77EE877AC4ED007A13E00F4A00EBC6
:10A55000800102EB81010C6907EE90EAF8EEE77AE0
:10A5600091ED027A67EE877A91ED037A77EE877A3A
:10A57000C4ED007AF0BD012ABFD100EB8000034A90
:10A5800002EB80000269C2F800E0F3E778F800000F
:10A59000F4F70000F8B506460C4617460D4601EBE9
:10A5A00081021D4B03EB82035B88984219D0F8BDF2
:10A5B000631CDBB20AE039462046FFF7E3FD03E007
:10A5C00039462046FFF748FF631CDBB21D460134C5
:10A5D000E4B203EB8303104A02EB83035B88B342CC
:10A5E000E5D105EB85030C4A02EB83035A78531E31
:10A5F000DBB21F2BDCD805EB8505074B03EB85058C
:10A60000AB79012BE0D0082AD5D9102AD8D8394601
:10A610002046FFF78FFED7E778F8000008B502481C
:10A62000F6F78CFE08BD00BF288E002010B5054C43
:10A630002088F6F78DFEA088F6F794FE0020F6F746
:10A640009BFE10BDE48D002008B5FFF7E7FFFFF784
:10A65000EDFF08BD08B5FEF715FCFFF7F5FFFFF7A6
:10A6600059FD08BD014B1888704700BFAC9700200A
:10A670005F20704708B5064B4FF47A721A8000F0DD
:10A6800089F900F029FA00F013FA00F0FFF908BD8B
:10A690008608002030B583B004461346054A10688A
:10A6A00028B16422009205690A462146A84703B0F2
:10A6B00030BD00BFC48E0020034B1860034B1960EF
:10A6C000034B1A80704700BFCC8E0020C88E00203C
:10A6D000D08E0020064B186848B110B54469054B70
:10A6E0001B88054A126805490968A04710BD7047D4
:10A6F000C48E0020D08E0020C88E0020CC8E00207A
:10A7000000B583B00023ADF8003060F07F008DF815
:10A7100004008DF805100122694601A8FFF7BAFF71
:10A7200003B05DF804FB10B582B00C460023ADF811
:10A7300000308DF804008DF805300122694601A82B
:10A74000FFF7A8FF9DF80130237002B010BD7047DD
:10A75000074B03F138011A46002022F8020F8A4203
:10A76000FAD1002223F8022F8B42FAD1104670470B
:10A77000BE98002010B582B003240DF107017E20A1
:10A78000FFF7D1FF9DF80730562B06D0631E13F05C
:10A79000FF04F2D1012002B010BD0020FBE708B594
:10A7A000FFF7D6FF08BD000030B583B000248DF858
:10A7B000074021460220FFF7A3FF21460220FFF7B2
:10A7C0009FFF60212020FFF79BFF04210620FFF759
:10A7D00097FF21460420FFF793FFA0212120FFF7D8
:10A7E0008FFF21463D20FFF78BFFA8213E20FFF77A
:10A7F00087FF98213F20FFF783FF05213C20FFF7CB
:10A800007FFF0DF107013920FFF78DFF9DF807103D
:10A8100041F080013920FFF773FF21462020FFF728
:10A820006FFF1E4C04F13305A17A607AFFF768FFD1
:10A830000334AC42F8D1FF214420FFF761FF03212C
:10A840001720FFF75DFF01210720FFF759FF0121C6
:10A850000820FFF755FF43210C20FFF751FF00218F
:10A860004620FFF74DFF00214720FFF749FF8021D9
:10A870003920FFF745FF21213420FFF741FF012157
:10A880002020FFF73DFF00214420FFF739FF05217D
:10A890000420FFF735FF03B030BD00BF24000100E6
:10A8A00070B501242F4B1C70FFF751FF2E49462035
:10A8B000FFF739FF2D494720FFF735FF2C4943208B
:10A8C000FFF731FF40210220FFF71AFFCC2120467D
:10A8D000FFF716FF0C212046FFF712FFFFF74AFF94
:10A8E000A0423BD055210320FFF70AFF0C21012095
:10A8F000FFF706FF1F4C7E2324F8023B1E4A1F4829
:10A9000002F13306137803705178417089B295785B
:10A91000012D07BF43EA012343F0800303EB01232A
:10A920009BB224F8023B03320330B242EAD1144B0B
:10A93000144903F10A0013F8012B21F8022F834276
:10A94000F9D1114B1A801C2210490A48FFF7B4FEB6
:10A95000FFF7C0FE0E4B64221A7070BD014B062239
:10A960001A70FAE7D28E0020D48E0020D58E0020F7
:10A97000D38E0020E08E0020F0FF0000188F002012
:10A98000E4FF0000028F00204C8F0020C0980020C0
:10A990004E8F0020324B1B78012B02D0314A1370AE
:10A9A000704710B5304B1B78FBB1FFF7F8FE2F490D
:10A9B0000B7801332E4A82FB0302521002EB820213
:10A9C0009B1ADBB20B702B490A880A2A38BF0A226D
:10A9D0000A3A92B20A8072B1D3B9274B5522DA7182
:10A9E00003229A7101221A720AE01F4B64221A7024
:10A9F000FFF756FFDBE7204BDA717E2199711A725F
:10AA00001E497E2321F8023B1B4B03F133040CE06B
:10AA1000194B0022DA717E2199711A72F0E71A78C7
:10AA200021F8022B0333A3420BD09A78012AF6D1E6
:10AA300000229A7058781A7842EA002242F0800286
:10AA4000EEE70F4B0F4903F10A0013F8012B21F831
:10AA5000022F8342F9D10C4B1A80FFF73BFE10BD49
:10AA6000D28E0020840800204E8F0020508F0020BE
:10AA70006766666686080020188F0020E08E00203A
:10AA8000E4FF0000028F00204C8F002008B5074B28
:10AA90001B78042B00D008BD00210220FFF730FEF8
:10AAA000C0210120FFF72CFEF5E700BFD28E002069
:10AAB00008B5084B1B78022B00D008BDFFF774FEC9
:10AAC00040210120FFF71CFE40210120FFF718FE66
:10AAD000F3E700BFD28E002008B50B4B1B78032B89
:10AAE00002D10A4B1B7803B108BDFFF75DFE55216B
:10AAF0000320FFF705FE80210120FFF701FE034B35
:10AB000064221A70F0E700BFD28E00204F8F002021
:10AB100010B584B007EE100A07EE901A2E4BB8EE6F
:10AB2000477A83ED007AF8EE677AC3ED017A032065
:10AB3000FFF754F9294C04F110030FCB8DE80F00F7
:10AB400094E80F0000F0E8F900283CD0244B22499B
:10AB5000224A91ED007AD2ED007A37EE677ADFED86
:10AB6000216A27EE267A83ED007AD1ED017A92ED03
:10AB7000017A77EEC77A67EEA67AC3ED017A1A4BAF
:10AB80001B78012B24D01949154801F069FC184B9A
:10AB90001B889BB2B3F57A7F13D2154A138899B2FA
:10ABA0000F480468134B03EB81031C60138899B2B0
:10ABB0004068114B03EB81031860138801339BB28B
:10ABC000138004B010BD0449204600F057F9F8E79F
:10ABD00003F046FDDBE700BF58B8002038B800207E
:10ABE00044BB00208069823C0000002064B8002043
:10ABF000528F0020F898002098A8002068B110B566
:10AC0000044649B16422F6F7B7F80023E3612362F2
:10AC1000A365E3650023236610BD704708B500F007
:10AC2000BDF808BD70B59AB0002836D0474B1B78E8
:10AC3000012B11D003BB9FED460AB0EE402AF0EE87
:10AC4000401A444B93ED001A434BD3ED000A002108
:10AC5000424801F022FE76E0DFED3D0AB0EE602AC8
:10AC6000F0EE601AB0EE601A3D4B93ED000A012140
:10AC70003A4801F012FE66E09FED350A394B93ED3C
:10AC8000002A394BD3ED001AB0EE401AF0EE400A1C
:10AC90000221324801F001FE55E0304C04F5C27645
:10ACA00064252A46314601A8F6F766F801A9304620
:10ACB000FFF7A4FF04F5F4762A46314601A8F6F71B
:10ACC0005BF801A93046FFF799FF04F513762A4691
:10ACD000314601A8F6F750F801A93046FFF78EFF7C
:10ACE000002323626362A362E36223636363A3635B
:10ACF000E36323646364A364E36423656365A3651A
:10AD0000E3654FF07E522266C4F88C30A366C4F827
:10AD10009830C4F8A030C4F8A430144A1360002559
:10AD2000C4F8B452C4F8B852C4F8BC5204F5BA72AC
:10AD300004F5947104F1A80000F098FA84F8DC524C
:10AD4000204601F0E1FD1AB070BD00BF8808002068
:10AD500000000000588F0020548F002064B80020AD
:10AD60005C8F0020648F0020608F0020FCBB0020DF
:10AD700008B5024B187002F0DFFD08BD88080020FE
:10AD800008B5044B83ED000A034BC3ED000A02F043
:10AD9000DBFD08BD608F0020648F0020F0B5C9B0D6
:10ADA000274E3446274D0FCD0FC495E80F0084E899
:10ADB0000F004FF4A061244800F054F823493046B6
:10ADC00001F0B6FD304602F093FD214F6C4607F1CD
:10ADD00008050FCD0FC40FCD0FC495E80F0084E810
:10ADE0000F0097E80C0006F1A00106F1640002F0E4
:10ADF000BFFB184C64252A4617492FA8F5F7BCFF5E
:10AE00002A46164916A8F5F7B7FF582204F10C0197
:10AE10006846F5F7B1FF94E80E00304601F0FAFC01
:10AE200006F5307002F070FD40F6B83106F52C7072
:10AE300002F04AFF9FED0A0A02F076FD49B0F0BD2C
:10AE400064B800207400010038B8002064000100DC
:10AE5000940001009401010030010100CC000100C8
:10AE60000000000000230360436083600023C36090
:10AE700003614361038341830377704730B4D0EDAE
:10AE8000037AF8EE677A91ED007A77EE877AFCEE36
:10AE9000E77A17EE904AC0ED037AD0ED047AF8EE27
:10AEA000677A91ED017A77EE877AFCEEE77A17EE12
:10AEB000902AC0ED047AD0ED057AF8EE677A91ED2C
:10AEC000027A77EE877AFCEEE77AC0ED057A018B9D
:10AED000013189B20183458B8D421BD817EE903A20
:10AEE000B4FBF1F407EE904AF8EE677AC0ED007A11
:10AEF000B2FBF1F207EE902AF8EE677AC0ED017A24
:10AF0000B3FBF1F307EE903AF8EE677AC0ED027A00
:10AF10000123037730BC704784B08DE80F009DF8A3
:10AF20001C0004B07047000038B5FFF79BFB0546D6
:10AF3000FEF70EFF0446FEF71BFF094A1178094B86
:10AF400023F83150117803EBC1035C6013780133AF
:10AF500003F00F031370044B01221A7038BD00BFB9
:10AF60006A8F002050BB00206B8F0020F8B52DEDBC
:10AF7000028B0546FEF7ECFE0446924B1B78002B35
:10AF800000F0E080904B1B78013B03F00F038F4AE9
:10AF900002EBC3025268A2F5C362502A05D98B4A5C
:10AFA00002EBC3024FF4C8615160864A0021117060
:10AFB000864A02EBC3025268002A00F0FC80834AF2
:10AFC00032F93360824B1E8007EE906AF8EEE76A32
:10AFD0009FED800A66EE806ADFED7F7AF4EEE76A25
:10AFE000F1EE10FA43DBF0EE667A9FED7B7A77EEB6
:10AFF000C77AF4EEC77AF1EE10FAF6DAF5EEC07A17
:10B00000F1EE10FA08D59FED747A77EE877AF5EEB7
:10B01000C07AF1EE10FAF6D46D4BC3ED017A9A685E
:10B020001A61DFED6D0AB0EE080A26EE800A03F021
:10B0300019FDB5EEC00AF1EE10FA44BFDFED667AF5
:10B0400030EE270A624B83ED020A644A1388F31A32
:10B0500063490B8016805C4B1B78013B03F00F03A8
:10B060005A4A32F9330000229446174603E0F0EEC4
:10B07000667AC3E70846554901EBC3014E68002EC6
:10B0800000F09C80013B03F00F03504901EBC3012A
:10B090004968002900F092804C4931F93310401A78
:10B0A00007FA80F7B4440132D2B20F2AE2D1BCF5DC
:10B0B000A07F3DD307EE907AF8EEE77A9FED457AD0
:10B0C00067EE877AF0EE086A67EEA67A07EE10CA96
:10B0D000B8EE477A87EE878ADFED427A88EE276AF4
:10B0E0009FED3D7AC6EE077A87EEA60ADFED3E7A3F
:10B0F00020EE270ADFED3D7A20EE270A3C4BD3ED08
:10B10000017A9FED3C7A67EE877A30EE270A83ED6D
:10B11000010A03F09FFCF3EE047AB4EEE70AF1EEC5
:10B1200010FA02D5324B00221A70314B83ED028A9D
:10B130002F4A92F90010264B83F8201091689961EC
:10B140005268DA61224B93ED027AD3ED066A04F578
:10B15000966307EE903AF8EE677A67EEA67A77EE96
:10B16000877A254B93ED007A77EE877A9FED1A7AEE
:10B17000F4EEC77AF1EE10FA08DB9FED177A77EE5E
:10B18000C77AF4EEC77AF1EE10FAF6DAF5EEC07A85
:10B19000F1EE10FA08D59FED107A77EE877AF5EE8A
:10B1A000C07AF1EE10FAF6D4094BC3ED037ADA68EF
:10B1B0006A60DB69AB60BDEC028BF8BD002AB7D0DA
:10B1C00075E700BF6B8F00206A8F002050BB002006
:10B1D000D0BB0020DB0FC938DB0FC9407C8F0020BB
:10B1E000688F0020BD3706340000704280C2753C75
:10B1F0006C8F0020F6287C3F788F0020044B1B7852
:10B20000013B03F00F03034A32F93300704700BFDC
:10B210006A8F002050BB002010B50446FFF7EEFFF8
:10B22000044B188040F6386303FB04F4024B1C60A7
:10B2300010BD00BF848F0020808F002008B5F8F774
:10B240005DFD012800D008BDF7F7F6FE0328FAD10E
:10B25000054B186800F2CF7240F69E739A42F2D8FE
:10B2600000B2FFF7D9FFEEE7B488002070B40546BE
:10B2700092B1134614780C7000224A608A60032C45
:10B2800015D0042C2ED0012C45D0013C032C22D803
:10B29000DFE804F0485815300C7800234B608B60D1
:10B2A0002A4B01F10C060FCB86E80F00EDE75B6837
:10B2B0009BB101F10C0493E8070084E80700002328
:10B2C0002B606B60AB60EB602B616B61AB61EB6122
:10B2D0002B626B62AB6270BC70470023CB600B616A
:10B2E0004B61ECE79B6893B101F10C0293E803001A
:10B2F00082E8030000232B606B60AB60EB602B6186
:10B300006B61AB61EB612B626B62AB62E3E70023C5
:10B31000CB600B61EEE7DB686BB101F10C040FCB86
:10B3200084E80F0000236B60AB602B60EB602B6147
:10B330006B61AB61CFE7054B01F10C040FCB84E8E7
:10B340000F00EFE700232B606B60C4E7FC090100EE
:10B350002DE970432DED088B15461C460E9E337863
:10B36000013B032B00F2DC86DFE813F06105D50614
:10B3700004009A02F7EE007A95ED077AC7EE87AAE5
:10B3800095ED037A87EE879AD5ED029A69EE299AB0
:10B3900095ED01AAD0ED006A90ED01BAD1ED008AD9
:10B3A0006AEE288A91ED018A2AEE088AD6ED027AA1
:10B3B0009FEDE77AF4EEC77AF1EE10FACEBF95ED85
:10B3C000067AD5ED067A9FEDE27A67EE877A9FEDF1
:10B3D000E17A67EE877AB0EE087A67EE877A9FEDBA
:10B3E000DE7AC7EE87BA94ED057A69EE288A69EEAF
:10B3F000877A78EEE78AD4ED067A69EE277A78EED6
:10B40000E78A68EEAA8A78EE878AC4ED058A78EE24
:10B41000E68AF5EEC08AF1EE10FA40F3E38118EE09
:10B42000900AF5F767F9C6A3D3E90023F5F74AFCBC
:10B43000002800F0CE8184ED06AAD4ED007AD4ED88
:10B44000068A78EEE78A68EEAB8A78EEA78AC4EDC2
:10B45000008AD4ED077A29EE088A69EEA79A38EEB9
:10B46000698A94ED087A29EE079A38EE499A69EECE
:10B470002AAA7AEEA7AAC4ED07AA3AEECBBAB5EE8D
:10B48000C0BAF1EE10FA40F3D6811BEE100AF5F7C0
:10B4900031F9ABA3D3E90023F5F714FC002800F041
:10B4A000C18184ED08AA94ED017AD4ED087A77EE93
:10B4B000C77A67EEABBA7BEE87BAC4ED01BAD4EDBA
:10B4C000097A9FEDA67AF4EEC77AF1EE10FA08DB5E
:10B4D0009FEDA27A77EEC77AF4EEC77AF1EE10FA12
:10B4E000F6DAF5EEC07AF1EE10FA08D59FED9B7A08
:10B4F00077EE877AF5EEC07AF1EE10FAF6D49FED8A
:10B50000987A67EE877AB5EE007A37EE877AFDEEA5
:10B51000C76AB5EEC07AF1EE10FA00F1AC81F8EE30
:10B52000E66A37EE667A9FED8F6A27EE067AFCEEC2
:10B53000C76A16EE903AC3F3080306EE903AF8EEA7
:10B54000666A37EE667AFDEEE76AF8EEE66A77EE4F
:10B55000E67A67EE867AFCEEE76A16EE902AC2F388
:10B56000080106EE901AF8EE666A77EEE67A7E4AF1
:10B5700002EB8300F7EE006A36EEC76AD0ED005AA0
:10B5800026EE256AD0ED015A27EE257A36EE077AA7
:10B5900068EEC78A02EB810376EEE76A93ED007AE4
:10B5A00066EE876A93ED017A67EE877A76EEA77A80
:10B5B00067EEAB7A78EEE78A6C4BC3ED008AD3ED89
:10B5C000007A6B4A11884B1C9BB21380694A02EBCC
:10B5D00081029FED697A67EE877AC2ED007A632B6C
:10B5E00002D9634B00221A80624B03F5C872DFED6B
:10B5F000637AB3EC017A77EE877A9A42F9D1604B9D
:10B60000D3ED006A93ED007A9FED5E6AC7EE865A2D
:10B610009FED596AC5EE867A77EEE67ADFED5A6AD3
:10B6200067EEA67A77EE877AC3ED007AD6ED047AD4
:10B6300068EEA78A94ED0A9A38EE899A02F098F992
:10B6400030EE000A95ED068A20EE088ADFED417A99
:10B6500028EE278AB4EEC89AF1EE10FA08DCB5EEAF
:10B66000C09AF1EE10FA9FED458A58BFB0EE498AB4
:10B67000D6ED057A68EEA78AD4ED0A7A78EEA77A35
:10B6800017EE900AF5F736F88046894678EE497A43
:10B6900017EE900AF5F72EF82BA3D3E90023F5F760
:10B6A00081F802460B4640464946F4F7C5FEF5F7D9
:10B6B00013FBA06284ED038A94ED027A78EE477A58
:10B6C000D6ED036A67EEA67A77EE877AC4ED027A42
:10B6D00095ED077AF7EE006AC6EE877A67EE887A0C
:10B6E00094ED098A38EE278A84ED098AF0EE487ACB
:10B6F0009FED1A7AB4EEC78AF1EE10FA0ADB9FEDDD
:10B70000177A77EEC77AF4EEC77AF1EE10FAF6DA26
:10B71000C4ED097AD4ED097AF5EEC07AF1EE10FAAB
:10B7200034D59FED0E7A77EE877AF5EEC07AF1EE9A
:10B7300010FAF6D4C4ED097A28E000BFAFF3008018
:10B740009A9999999999B93F9A9999999999C93FCB
:10B750000000C8435077D63D00409C46DB0FC940EF
:10B7600083F9223E00000044F8010100F4BB0020F0
:10B7700018910020888F002000007A44000000000B
:10B78000F8BB00200000C8420AD7233CC6ED017A6E
:10B7900094ED027AF3EE0E7A67EE277A17EE900AAE
:10B7A000F4F7A8FF38A3D3E90023F5F725F980467D
:10B7B0008946A869F4F79EFF02460B464046494673
:10B7C000F5F71AF9F5F788FAB060BDEC088BBDE81B
:10B7D0007083F2EE047A68EEA78A68EE8A8AC4ED76
:10B7E000068A2AE6F5EEC08AF1EE10FA02D40023AA
:10B7F000A36122E618EE900AF4F77CFF24A3D3E9B4
:10B800000023F5F741FA20B1F1EE4A7AC4ED067A49
:10B8100013E6F2EE047A68EEA78A68EE8A8AC4ED2F
:10B82000068A0AE6F2EE047A2BEE27BA2BEE0AAA73
:10B8300084ED08AA37E6B5EEC0BAF1EE10FA02D4EC
:10B84000002323622FE61BEE100AF4F753FF10A328
:10B85000D3E90023F5F718FA20B1B1EE4AAA84ED36
:10B8600008AA20E6F2EE047A2BEE27BA2BEE0AAAFB
:10B8700084ED08AA17E616EE903A013B06EE903AE0
:10B880004DE600BFAFF30080182D4454FB21094062
:10B890009A9999999999B9BF0000C84300007042DC
:10B8A000D0ED00AAD0ED019A95ED01AAD1ED008A64
:10B8B0006AEE288AD1ED017A2AEE27AAD6ED027A1D
:10B8C0001FED0B7AF4EEC77AF1EE10FACEBF95EDCC
:10B8D000067AD5ED067A1FED107A67EE877A5FED6E
:10B8E000116A87EEA67A77EE077A17EE900AF4F7D8
:10B8F00001FFEFA3D3E90023F4F754FF0022EE4B3E
:10B90000F4F750FFE6A3D3E90023F5F775F8F5F750
:10B91000E3F909EE100AD4ED056AD5ED037A88EE55
:10B92000A78A95ED027A26EE877A87EE276A38EEA7
:10B93000468A94ED066A86EE277A38EE478A95EDB8
:10B94000077AB7EE006AC6EE077A28EE278A38EE45
:10B95000268A84ED058A38EE6A8AB5EEC08AF1EE51
:10B9600010FA40F3EC8118EE100AF4F7C3FECEA3F0
:10B97000D3E90023F5F7A6F9002800F0D5816B681C
:10B98000A361D4ED007A94ED068A38EE678A28EE3A
:10B99000098A38EE278A84ED008AD4ED076AD5ED4E
:10B9A000037ACAEE278A95ED027A26EE877A87EE29
:10B9B000276A78EEC68A94ED086A86EE277A78EED2
:10B9C000C78A95ED077AB7EE006AC6EE077A68EE89
:10B9D000A78A78EEA68AC4ED078A78EEE98AF5EEA2
:10B9E000C08AF1EE10FA40F3DA8118EE900AF4F70B
:10B9F00081FEADA3D3E90023F5F764F9002800F038
:10BA0000C3816B68236294ED017AD4ED087A77EEF6
:10BA1000C77A27EE899A39EE079A84ED019A94ED58
:10BA2000096ADFEDAA7AB4EEE76AF1EE10FAC0F225
:10BA3000DA81F0EE467A9FEDA57A77EEC77AF4EEDA
:10BA4000C77AF1EE10FAF6DAF5EEC07AF1EE10FAF6
:10BA500008D59FED9E7A77EE877AF5EEC07AF1EE03
:10BA600010FAF6D49FED957A67EE877AB5EE007AF4
:10BA700037EE877AFDEEC76AB5EEC07AF1EE10FABE
:10BA800000F1B481F8EEE66A37EE667ADFED8C5AA3
:10BA900027EE257AFCEEC76A16EE903AC3F3080348
:10BAA00006EE903AF8EE666A37EE667AFDEEE76AE1
:10BAB000F8EEE66A77EEE67A67EEA57AFCEEE76ADC
:10BAC00016EE902AC2F3080106EE901AF8EE666AA6
:10BAD00077EEE67A7B4A02EB8300F7EE006A76EEB9
:10BAE000C75A90ED005A65EE855A90ED015A27EE3F
:10BAF000057A35EE877A28EE478A02EB810376EEE7
:10BB0000E76A93ED007A66EE876A93ED017A67EE55
:10BB1000877A76EEA77A67EE897A38EE678AD6ED6D
:10BB2000037AF0EE085A67EEA55A67EEE76A66EE0A
:10BB3000A76A66EE886A95ED075A86EE857AD4ED97
:10BB40000A6A37EE267A84ED0A7A67EEA57A67EEFE
:10BB5000887A77EE677A95ED077AC7EE878AD4ED13
:10BB6000037A78EEA78AC4ED038A28EE258A38EE98
:10BB7000C88A95ED077AC8EE077A37EE866A84EDB3
:10BB8000096AF0EE467A9FED517AB4EEC76AF1EE9B
:10BB900010FA0ADB9FED4D7A77EEC77AF4EEC77A9A
:10BBA000F1EE10FAF6DAC4ED097AD4ED097AF5EE81
:10BBB000C07AF1EE10FA0AD59FED447A77EE877AD3
:10BBC000F5EEC07AF1EE10FAF6D4C4ED097A01F080
:10BBD000CFFEB0EE408A18EE900AF4F78BFD804657
:10BBE000894638EE088AD5ED067A28EE278A78EE5F
:10BBF000087A17EE900AF4F77DFD2DA3D3E9002310
:10BC0000F4F7D0FD0022304BF4F7F6FE02460B4667
:10BC100040464946F5F756F8002840F0ED80D4ED4F
:10BC2000037AF5EEC07AF1EE10FA44BF0023E36028
:10BC300094ED027AD4ED037A77EEC77AD6ED046AF2
:10BC400067EEA67A77EE877AC4ED027A606AF4F737
:10BC500051FD17A3D3E90023F4F7EEFBF5F73CF809
:10BC600007EE100A206107EE900ADFED186AB4EEC5
:10BC7000E67AF1EE10FA0ADB9FED147A77EEC77AD6
:10BC8000F4EEC77AF1EE10FAF6DAC4ED047AD4EDE8
:10BC9000047AF5EEC07AF1EE10FA24D518E000BF70
:10BCA000000000000088D3409A9999999999B93F6A
:10BCB000182D4454FB2109400000084083F9223E1E
:10BCC00000000044F801010000004E40DB0FC940B5
:10BCD0001FED027A77EE877AF5EEC07AF1EE10FA70
:10BCE000F6D4C4ED047AC6ED017A94ED027AF3EE4F
:10BCF0000E7A67EE277A17EE900AF4F7FBFC0FF244
:10BD00005C43D3E90023F4F777FE80468946A869AF
:10BD1000F4F7F0FC02460B4640464946F4F76CFE49
:10BD2000F4F7DAFFB06050E5F2EE047A28EE278AE5
:10BD3000D5ED017A28EE278A84ED068A21E6B5EE54
:10BD4000C08AF1EE10FA02D40023A36119E618EEBE
:10BD5000100AF4F7CFFC0FF20C43D3E90023F4F7F9
:10BD600093FF30B1D5ED017AF1EE677AC4ED067A32
:10BD700007E6F2EE047A28EE278AD5ED017A28EE5E
:10BD8000278A84ED068AFCE5F2EE047A68EEA78A3B
:10BD9000D5ED017A68EEA78AC4ED088A33E6F5EEA0
:10BDA000C08AF1EE10FA02D4002323622BE618EECB
:10BDB000900AF4F79FFCEBA3D3E90023F4F764FFA8
:10BDC00030B1D5ED017AF1EE677AC4ED087A1AE662
:10BDD000F2EE047A68EEA78AD5ED017A68EEA78ABA
:10BDE000C4ED088A0FE6F0EE467A2DE616EE903A9C
:10BDF000013B06EE903A45E601F0BAFD30EE000A4E
:10BE0000D5ED067A20EE270A70EE007A17EE900A3A
:10BE1000F4F770FCD1A3D3E90023F4F7C3FC0022AC
:10BE2000C34BF4F7E9FDF4F757FFE06000E7D0ED0E
:10BE3000005A90ED015AD5ED017AD5ED022AD4EDE4
:10BE4000053AD5ED036A25EEA64A33EEC44A94EDD1
:10BE5000062A65EE266A72EE664AD5ED056A66EE3A
:10BE6000A66A24EE046A24EEA47A36EE076A36EE59
:10BE7000C66A95ED077AF7EE006A86EE873AD6ED48
:10BE8000036AB6EE007A66EE876A91ED017A27EED4
:10BE9000877A25EE225A37EE457A24EEA65A25EE09
:10BEA000065A37EE057A27EE037A37EE027A91EDDD
:10BEB000005A67EE857A65EEA25A77EEE57A64EE6F
:10BEC000266A66EE866A77EEA67A67EE837A77EE62
:10BED000A37AC4ED057A84ED067AD5ED056AC4EE41
:10BEE000267A84EEA67AB5EEC07AF1EE10FA5EDD1F
:10BEF000F0EE476AF5EEC07AF1EE10FA5EDB37EE4F
:10BF0000E66A77EEA67AC6EE276A66EEA67A9FED17
:10BF1000896A67EE867A9FED886A77EEC67A67EE61
:10BF2000A67ADFED866A77EEA67AB5EEC07AF1EEF4
:10BF300010FA48BFF1EE677AC4ED007A9FED807A7F
:10BF4000F4EEC77AF1EE10FA0ADB9FED7D7A77EE18
:10BF5000C77AF4EEC77AF1EE10FAF6DAC4ED007A99
:10BF6000D4ED007AF5EEC07AF1EE10FA0AD59FED25
:10BF7000747A77EE877AF5EEC07AF1EE10FAF6D49D
:10BF8000C4ED007A94ED018A37EEC88ADFED6D7A50
:10BF9000B4EEE78AF1EE10FA27DCDFED6B7AB4EE4F
:10BFA000678AF1EE10FA48BFB0EE678A1FE002D44C
:10BFB000DFED666A9EE7F1EE476A9BE737EEA66A19
:10BFC00076EEE77AC6EE276A66EEA67A9FED596AA4
:10BFD00067EE867A9FED586A77EEC67A67EEA67AA4
:10BFE000DFED5B6A77EEA67A9FE79FED568AD6ED86
:10BFF000057A68EE277AD4ED028A77EEA88A01F0F6
:10C00000B7FC30EE000AD5ED067A20EE270A30EEB6
:10C01000000ADFED507A20EE270ADFED4F7A80EE3E
:10C02000277AF4EEC78AF1EE10FA08DCB1EE477A0F
:10C03000F4EEC78AF1EE10FA58BFB0EE687AD6ED8A
:10C04000067A68EE277A95ED076AC7EE866AD4ED20
:10C05000027A76EEA76A77EE687A9FED3A6A67EE23
:10C06000867A76EEA77AC4ED027A84ED037AD4ED6F
:10C07000046A77EE667A96ED046A67EE867A77EE62
:10C08000A67AC4ED047AD5ED076AB7EE006AC6EE6B
:10C09000267A67EE877A94ED017A37EE277A84ED77
:10C0A000017AF0EE477ADFED266AB4EEE67AF1EE39
:10C0B00010FA0ADB9FED227A77EEC77AF4EEC77AA0
:10C0C000F1EE10FAF6DAC4ED017AD4ED017AF5EE6C
:10C0D000C07AF1EE10FA0AD59FED197A77EE877AD9
:10C0E000F5EEC07AF1EE10FAF6D4C4ED017AC6EDA1
:10C0F000017AD4ED047AB3EE0E7A67EE877A9FED7B
:10C10000157AC7EE876A95ED067AC6EE877AC6ED90
:10C11000027AFFF75ABB304601F0D6F8FFF755BB5D
:10C120003046FEF723FFFFF750BB00BFAFF30080A0
:10C1300000004E40DE02493EB1507B3FDB0F493FDD
:10C14000DB0FC940CDCC4C3ECDCC4CBE08E53C1EEF
:10C15000E4CB1640DB0F494000007042182D4454D8
:10C16000FB2109409A9999999999B9BF38B52DED54
:10C17000028BA3490B88A34A02EB83021068A24AF0
:10C180001060A24A02EB83021068A14A1060A14A23
:10C1900002EB83021068A04A1060A04A02EB8302FF
:10C1A00010689F4A10609F4A02EB830210689E4A03
:10C1B00010609E4A02EB830210689D4A10600133B2
:10C1C0009BB20B80B3F57A7F03D30023994A138087
:10C1D0000B8001F0C3FB012802D0BDEC028B38BDFF
:10C1E00001F0D4FB012862D0022800F0DE80002894
:10C1F000F3D1DFED918A9FED918A9148A0F134044B
:10C20000B0EE682AF0EE681AB0EE481AF0EE480A6E
:10C2100090EDA70A01F0A0FAB0EE682AF0EE681AD5
:10C22000B0EE481AF0EE480A04F1300094EDB30A7B
:10C2300001F092FA94ED0C7AD4ED107A77EE676AF9
:10C240009FED806AF4EEC66AF1EE10FA06DDF4EEB8
:10C25000486AF1EE10FA48BFF0EE477A7A4C84ED66
:10C260007F7AC4ED807A04F5F47001F0C5FB94ED9B
:10C270000D7AD4ED117A77EE676A9FED726AF4EE6B
:10C28000C66AF1EE10FA08DD9FED6C6AF4EE466ABC
:10C29000F1EE10FA48BFF0EE477A6B4880ED987ADD
:10C2A000C0ED997A00F5137001F0A6FB95E7664B97
:10C2B00093F8DC32012B90D1DFED641A644D624CAF
:10C2C000B0EE612AB0EE001AF0EE410A284694ED75
:10C2D000B10A01F041FAD4F830312A68C4F8982143
:10C2E000C4F89C3104F5C27001F086FB9FED528AC0
:10C2F000DFED588AB0EE482AF0EE481AB0EE681A20
:10C30000F0EE680A04F13000B0EE480A01F024FAB9
:10C31000B0EE482AF0EE481AB0EE681AF0EE680A5D
:10C3200004F1340094ED690A01F016FA94ED0C7AE8
:10C33000D4ED107A77EE676A9FED426AF4EEC66A32
:10C34000F1EE10FA08DD9FED3D6AF4EE466AF1EE7B
:10C3500010FA48BFF0EE477A3B4C84ED7F7AC4ED8B
:10C36000807A04F5F47001F047FB94ED0D7AD4ED7A
:10C37000117A77EE676A9FED336AF4EEC66AF1EEE2
:10C3800010FA08DD9FED2D6AF4EE466AF1EE10FA20
:10C3900048BFF0EE477A2C4880ED987AC0ED997A44
:10C3A00000F5137001F028FB17E7DFED238A9FEDFE
:10C3B0002A8A2A48A0F14804B0EE682AF0EE681AEA
:10C3C000B0EE481AF0EE480A90EDA30A01F0C4F965
:10C3D000B0EE682AF0EE681AB0EE481AF0EE480A9D
:10C3E00004F14C0094EDB60A01F0B6F9A26C226596
:10C3F000E36C6365C4F80822C4F86C32EDE600BF54
:10C400001CBC0020F898002014BC002098A8002034
:10C4100010BC002028EB00200CBC002088DB002092
:10C4200000BC002048BC002018BC0020C8FA002036
:10C4300004BC0020528F002000000000CDCCCC3D79
:10C4400098B80020CDCCCCBD64B800200000964345
:10C45000FCBB00200AD7233C6F12833AACB8002003
:10C4600070B52DED028B82B005460C46FDF780FCC1
:10C4700095ED007A84ED087AD5ED017A77EEA77A0A
:10C4800077EE877ADFEDD76A67EEA67A77EEA77A3E
:10C49000B0EE086AC7EE866AC4ED096AD4ED187A70
:10C4A000D4ED175A27EE876A25EEA65A36EE056AAE
:10C4B00084ED0E6A27EE657A67EEA67A37EE277A64
:10C4C00084ED0F7A04F1280504F59473009304F1C8
:10C4D000A8032246294604F12000FEF739FF01F0A7
:10C4E0003DFA01280BD0FDF733FCC0EB401300EB05
:10C4F0008300BD4B186002B0BDEC028B70BD01F033
:10C5000045FA012847D0D4F82C31A365D4ED107A30
:10C5100094ED0E7A37EE677ADFEDB46A27EE267A6D
:10C5200037EE277A84ED107A94ED117AD4ED0F7AF4
:10C5300077EEC77A67EEA67A77EE877AC4ED117A3E
:10C5400094F8C832022B40F09280D4ED147A9FED1B
:10C55000A77AF4EEC77AF1EE10FA08D59FEDA47A27
:10C56000F4EEC77AF1EE10FAC4BF00232365D4EDD0
:10C57000157A9FED9E7AF4EEC77AF1EE10FA40F14B
:10C580009F809FED9B7AF4EEC77AF1EE10FAC4BF5C
:10C590000023636594E094F8DC32002B63D1D4ED82
:10C5A000B17AF5EEC07AF1EE10FA04F1580204F116
:10C5B000A001B7EE000AFFEE007AB8BFB0EE670A3E
:10C5C00004F1640001F002F801283CD094ED287ACF
:10C5D000D4ED0E7A04F5F47077EE676A9FED856A04
:10C5E000F4EEC66AF1EE10FA08DD9FED836AF4EE10
:10C5F000466AF1EE10FA48BFF0EE477A84ED7F7A92
:10C60000C4ED807A01F0F8F994ED297AD4ED0F7A2F
:10C6100004F5137077EE676A9FED766AF4EEC66AEA
:10C62000F1EE10FA08DD9FED746AF4EE466AF1EE61
:10C6300010FA48BFF0EE477A84ED987AC4ED997A03
:10C6400001F0DAF962E70023C4F88C30C4F89830BE
:10C65000D4F83021694B1A60D4F82C31A36501233A
:10C6600084F8DC32B2E7D4F82C31A3654EE7DFED75
:10C67000648A9FED648AB0EE682AF0EE681AB0EE24
:10C68000481AF0EE480A04F1480094ED820A01F0DD
:10C6900063F8B0EE682AF0EE681AB0EE481AF0EED1
:10C6A000480A04F14C0094ED9B0A01F055F8A36C84
:10C6B0002365E36C636594F8C832002B7FF445AFC3
:10C6C00094ED166ADFED507A66EE277AB5EE007AC1
:10C6D00037EE877AFDEEC76AB5EEC07AF1EE10FA52
:10C6E00073D4F8EEE66A37EE667ADFED486A27EE35
:10C6F000267AFCEEC76A16EE903AC3F3080306EEFC
:10C70000903AF8EE666A37EE667A414A02EB8301A8
:10C71000F7EE006A76EEC76AD1ED005A66EEA56ABA
:10C72000D1ED015A27EE257A36EE877A84ED187A14
:10C73000FDEEE76AB5EEC06AF1EE10FA4BD4F8EE02
:10C74000E66A77EEE67ADFED316A67EEA67AFCEE0E
:10C75000E76A16EE903AC3F3080306EE903AF8EE55
:10C76000666A77EEE67A2A4A02EB8301F7EE006A00
:10C7700076EEE76A91ED006A66EE866A91ED016AEF
:10C7800067EE867A76EEA77AC4ED177AD4ED146A4E
:10C7900094ED156A66EE875A26EE275A75EEC55A4D
:10C7A000C4ED0A5A66EEA77A26EE077A77EE877A04
:10C7B000C4ED0B7A04F52C763146284601F08AFA4E
:10C7C0002146304601F0C4FB8DE616EE903A013B5F
:10C7D00006EE903A85E716EE903A013B06EE903A67
:10C7E000ADE700BFD7B35D3F08BC00200AD7233CAC
:10C7F0000AD723BCCDCCCCBDCDCCCC3DFCBB0020DE
:10C80000000000006F12833A83F9223E00000044CA
:10C81000F801010084B010B5044603A880E80E00BA
:10C8200004F5C27001F0BCF804F5137001F0B8F81B
:10C8300004F5F47001F0B4F8039BC4F88431049B50
:10C84000C4F88831059BC4F88C31069BC4F890313C
:10C85000079BC4F894311C9BC4F8E8311D9BC4F8B5
:10C86000EC311E9BC4F8F0311F9BC4F8F431209BBF
:10C87000C4F8F831359BC4F84C32369BC4F85032BA
:10C88000379BC4F85432389BC4F85832399BC4F8EB
:10C890005C32BDE8104004B0704738B504460D4620
:10C8A000012380F8C03280F8C81280EDB10AC0EDD3
:10C8B000B30A80EDB41AC0EDB51A80EDB62A002394
:10C8C000C0F88C30C0F898308366C0F8A430C0F847
:10C8D000A030C0F8A031C0F80432C0F8683200F5CA
:10C8E000BA7200F59471A830FEF7C0FC012D03D098
:10C8F000012384F8DC3238BD94F8DD32012B14BFFB
:10C9000000230123F5E70000002280F8C022002365
:10C91000C0F8C43280F8DC22044B1A621A631A642D
:10C920009A6D42F080029A65704700BF0080034014
:10C9300038B50446A9B100F5BA750FC985E80F00EE
:10C9400004F5BA7204F5947104F1A800FEF78EFCA8
:10C95000002384F8DC3284F8DD320023236463642E
:10C9600038BD002380F87431C0F88031E8E700005A
:10C97000244B1B7803B17047DFED236A234AE2ECB6
:10C98000016A234901F1080318319FED227A23E05F
:10C99000F3EC017ADFED206AF4EEE67AF1EE10FABC
:10C9A00008DBDFED1D6A77EEE67AF4EEE67AF1EE6B
:10C9B00010FAF6DAF5EEC07AF1EE10FA08D5DFEDEE
:10C9C000166A77EEA67AF5EEC07AF1EE10FAF6D492
:10C9D000F0EE476AB0EE677AB4EEE67AF1EE10FA5E
:10C9E00008D8DFED0D7A37EE277AB4EEE67AF1EE6D
:10C9F00010FAF6D9A2EC017A9942C9D1014B012271
:10CA00001A70B8E7A09100201F852B408891002064
:10CA10000C0A0100D2466B40DB0FC94001280ED042
:10CA200005280FD004280FD006280FD002280FD0D9
:10CA3000032808BF052003D04FF0FF3070470020C7
:10CA400040B270470120FBE70220F9E70320F7E737
:10CA50000420F5E7DFED0F7AB4EEE70AF1EE10FA05
:10CA600008DBDFED0C7A30EE670AB4EEE70AF1EE90
:10CA700010FAF6DAB5EEC00AF1EE10FA08D5DFEDDD
:10CA8000057A30EE270AB5EEC00AF1EE10FAF6D4B8
:10CA9000704700BFDB0FC940104B03F1170103F1D2
:10CAA0001800002243F8042B01F8012F8342F8D12B
:10CAB0000A4A00239377D37782F820305384084AB8
:10CAC0001370084A0021116182F8223082F8233065
:10CAD00082F8243082F82530704700BFA4910020EE
:10CAE0008591002020BC00202DE9F84F2DED028B10
:10CAF0000220FDF75FF904460120FDF75BF90546CA
:10CB00000320FDF757F9231E18BF01232C1E18BF61
:10CB10000124640044EA8304002818BF44F001049F
:10CB2000B94BDF8CBFB2A74200F0AB8093ED058A12
:10CB30003846FFF773FF05462046FFF76FFF0646AE
:10CB4000002D35DB002835DB854235D0411B063111
:10CB5000AE4B83FB0102A2EBE17202EB4202A1EBBE
:10CB60004202D1B2AD1B063583FB0503A3EBE5738F
:10CB700003EB4303A5EB4305EDB2A94213D3A9424E
:10CB800013D8B5EEC08AF1EE10FA46BF6D426DB211
:10CB900055B2002D80F24F839B4BBFEE008A83ED90
:10CBA000058ADC8454E355B2F3E76D426DB2F0E7D9
:10CBB000002546E3002544E3002542E3FFF7D8FEC5
:10CBC0009349B1EC017A934801239C46904A02EBC9
:10CBD0008C02D2ED007AF4EEC77AF1EE10FA9CBF27
:10CBE000DFED8D6A77EEA67A77EE877AB6EE007A79
:10CBF00067EE877A9FED887AF4EEC77AF1EE10FA45
:10CC000008DB9FED857A77EEC77AF4EEC77AF1EE0E
:10CC100010FAF6DAF5EEC07AF1EE10FA08D59FEDCB
:10CC20007E7A77EE877AF5EEC07AF1EE10FAF6D4D6
:10CC3000E0EC017A062B08D00133DBB2B1EC017ACB
:10CC4000052B94BF9C46A446C0E7744B01221A7082
:10CC500003E3B7EE008A002204E36B4B1A689A6183
:10CC60001A685A60002283F8202083F821200022CD
:10CC70009A60DA60FFF710FF694B01221A70FDF726
:10CC8000E1F8BDEC028BBDE8F88F9FED660A21E26A
:10CC9000634B00221A705C4BDF61FDF7D3F8F0E7BD
:10CCA000594B00229A60DA60002283F8212083F831
:10CCB0002020FFF7F1FE5A4B01221A70FDF7C2F84F
:10CCC000DFE7514B93ED036AC7EE876A66EE887A19
:10CCD0009FED557A67EE877A9FED547A67EE877AF3
:10CCE0009FED537A26EE077A77EE877AC3ED037AC3
:10CCF000DF61002DCCBF01214FF0FF314D4AD37FC2
:10CD000042F82370D0180576927F052A02D80132A6
:10CD1000484882770133DBB2052B37D8454AD377B1
:10CD2000444B93F920308B4234D0424B83F820108F
:10CD300001225A84344B00221A61002283F82220F7
:10CD400083F823203B494A8C052A94BF0020012008
:10CD500083F82400112A94BF0022012283F82520A1
:10CD600091F81E80B8F1000F00F0B780B8F1050F00
:10CD700086BF0B46DB7F234608EB030E5FFA8EFE71
:10CD8000A44600208246014607461AE0294B0022AD
:10CD9000DA77C5E7274A538C01335384CAE7AAEBF5
:10CDA00002021FFA82FA4FF0FF322AE082421CBFD1
:10CDB0000CF1010C5FFA8CFC0133DBB29E453BD0D9
:10CDC0001046052B86BFA3F106095FFA89F999463B
:10CDD000DFF860B00BEB090595F9182015465BF8F4
:10CDE00029904F4492B211441FFA81F909B2002DE3
:10CDF000D5DB52441FFA82FA002DCCBF01224FF03E
:10CE0000FF320028D8D0D1E720BC0020ABAAAA2A44
:10CE1000889100206C910020DB0FC9408491002094
:10CE2000B008002000000000E4B74B40CCCC4C3EE2
:10CE3000CDCC4C3FA4910020B8F1030F11D9BAF129
:10CE4000030F0ED9BCF1010F0BD900295FDBB9F13B
:10CE5000020F8CBF002301231BB1CC4B012283F8AE
:10CE60002320B8F1050F38D9BFB3B1B307EE907ADC
:10CE7000F8EE677A9FEDC67A67EE877A19F0800F31
:10CE800018BFC9F100095FFA89F9F5EEC07AF1EE31
:10CE900010FA22DD07EE109AB8EE477ADFEDBD6A90
:10CEA00027EE267AB5EEC07AF1EE10FA15DD0029EC
:10CEB000B7EE006AFFEE006AB8BFB0EE666AC7EE72
:10CEC000276A66EE867A9FEDB47A67EE877AAF4B73
:10CED000C3ED047A012283F82220AC4B93F8223070
:10CEE000EBB1AA4BD3ED047AA84B93F8233013F09F
:10CEF000FF039FEDAA7A18BFF0EE477A002B08BF18
:10CF00000124A24BC3ED027A83F8214016E0C9F157
:10CF100000039BB2022B8CBF002301239CE79B4B99
:10CF2000D3ED037AE0E7994B00229A60DA600022A1
:10CF300083F8212083F82020FFF7AEFDFCF782FF65
:10CF4000924B93F82030002B3FF49BAE002EFFF65F
:10CF500098AEF6B28D4BD3ED067A914B93ED167ADF
:10CF600077EEC77A9FED8F7AF4EEC77AF1EE10FA7A
:10CF70000ADD9FED8D7A77EEC77A9FED8A7AF4EE1F
:10CF8000C77AF1EE10FAF4DC9FED887AF4EEC77AF6
:10CF9000F1EE10FA0AD89FED847A77EE877A9FED4A
:10CFA000837AF4EEC77AF1EE10FAF4D9804B9B5DE8
:10CFB000ABB97F4B01229A55B0EE677A7D4B03EBFC
:10CFC0008603C3ED007A7C4B03EB860383ED007A86
:10CFD0007A4A52F82630013342F8263051E6764B31
:10CFE00003EB860393ED007A37EEC76ADFED6D6AD7
:10CFF000B4EEE66AF1EE10FA58DDF0EE676A9FEDE6
:10D000006A6A76EEC66A76EEC75A9FED666AF4EEF5
:10D01000C65AF1EE10FAF2DC36EEC76ADFED635A5B
:10D02000B4EEE56AF1EE10FA0CD89FED5F6A76EE89
:10D03000866A76EEC75A9FED5D6AF4EEC65AF1EE47
:10D0400010FAF2D95C4B03EB860393ED007A9FED67
:10D050005C6A27EE067A9FED5B6A66EE866A37EEBB
:10D06000267ADFED506AB4EEE67AF1EE10FA0ADDC8
:10D07000DFED4D6A37EE667ADFED4A6AB4EEE67AA6
:10D08000F1EE10FAF4DCDFED496AB4EEE67AF1EE87
:10D0900010FA93D8DFED446A37EE267ADFED436A63
:10D0A000B4EEE67AF1EE10FAF4D987E7F0EE676AAB
:10D0B000B2E7FCF7B7FE0746FCF7D4FE0446002EA5
:10D0C000FFF6E3ADFFF754FCF3B23F4A02EB8303F4
:10D0D00093ED000AFFF7BEFC2C4B83ED060A9A691C
:10D0E0005A60012283F82020384B1B78002B7FF4F4
:10D0F000CFAD002C7FF4D4AD07EE907AB8EE677A0E
:10D10000DFED237A27EE277A002DBABF6B42DBB220
:10D11000EBB2B5EEC07AF1EE10FA7FF704AF07EE8E
:10D12000903AF8EE677ADFED1B6A67EEA67AF5EEC5
:10D13000C07AF1EE10FA7FF7F6AEDFED256A67EE02
:10D14000A66ADFED245A86EEA56A9FED235AC6EE45
:10D15000855AF4EEC75AF1EE10FA05D8B4EEC76A54
:10D16000F1EE10FABFF6ADADB4EEC76AF1EE10FA0B
:10D170007FF5E4AE054B00229A60DA60002283F866
:10D18000212083F82020FFF787FCD7E620BC002071
:10D19000BD370636920A863FE4B74B4000000000D8
:10D1A00064B80020DB0F4940DB0FC940DB0F49C0EA
:10D1B000649100201C910020349100204C910020AB
:10D1C0009A99593F9899193E88910020B0080020FB
:10D1D00000007042DE7EBC42ACE4DC47FFF7C8FBD7
:10D1E0005FFA86F909F101085FFA88F8FFF7C0FBDA
:10D1F000B8F1060F28BF4FF000082C4B03EB88084E
:10D2000098ED000A03EB8909D9ED007AF4EEC07AB3
:10D21000F1EE10FAFFF65EAFDFED257A30EE270A69
:10D2200058E7002EDADA9FED230A53E7224BDC841D
:10D23000B7EE008A0CE0002DF8DD1F4B4FF07E5258
:10D240005A611D4BDC84002EFFF603ADB7EE008A59
:10D250001A4B1C78002C3FF4B1ACF3B2184A02EB25
:10D2600083031A68144B1A60002F3FF4F6AC002DAC
:10D270003FF4F3AC012D3FF41CAFFCF7D3FD0746A0
:10D28000FCF7F0FD0446B5F1FF3FCAD00A4B1A681F
:10D290009A611A685A60002283F82020FFF7FCFB8D
:10D2A000FCF7D0FD074B01221A70EAE488910020B8
:10D2B000DB0FC9400000000020BC0020849100204A
:10D2C0006C910020B00800202DE9F8432DED068B6D
:10D2D00004469B4DB5F826901FFA89F995ED029A00
:10D2E00095F82070FFB295ED06AAD5ED008AFCF7FF
:10D2F000B9FD0646FCF796FD08EE100AB8EE488A1E
:10D30000DFED907A28EE278A95F82330ABB18E4B6B
:10D310001B78FF2B08D00133DBB28B4A1370092B2B
:10D3200098BF4FF000080DD9854B00229A6000226B
:10D3300083F821204FF0010804E003F0FF08824B3E
:10D3400000221A704846FFF769FBB0F10009C0F2ED
:10D35000F080FFF70DFB5FFA89F97C4B03EB890343
:10D36000D3ED00AA09F10105EDB2FFF701FB062D8F
:10D3700028BF0025754B03EB8505D5ED009A03EB1F
:10D380008909D9ED007AF4EEE97AF1EE10FA03DBBF
:10D39000DFED6F7A79EEA79A36B9DFED6E7AB4EEEB
:10D3A000E78AF1EE10FA51DD654B00229A60002207
:10D3B00083F82120624BC3ED018A93ED017A84ED5D
:10D3C000017AF0EE477ADFED626AB4EEE67AF1EECA
:10D3D00010FA0ADB9FED5E7A77EEC77AF4EEC77A31
:10D3E000F1EE10FAF6DAC4ED017AD4ED017AF5EE39
:10D3F000C07AF1EE10FA0AD59FED557A77EE877A6A
:10D40000F5EEC07AF1EE10FAF6D4C4ED017ADFED54
:10D41000517AB4EEE78AF1EE10FA7FDC48EA0606AC
:10D4200016F0FF0F40F08280D4ED027A444B93F85F
:10D430002130002B74D09FED487A67EE877A9FEDFC
:10D44000477A29EE079A79EE277A69E0B8F1000F5A
:10D4500061D1002FAED03A4B93F82130002BA9D0E8
:10D460009FED3F0A29EE000AF0EE087A20EE270A27
:10D4700020EE080A30EE0A0AFFF7ECFAF0EE407AE6
:10D480003AEEA97AF6EE006A27EE267A30EE476A7F
:10D49000DFED346AB4EEE66AF1EE10FA0CDDDFED92
:10D4A0002C6A77EEE67A37EEC76ADFED2E6AB4EEC5
:10D4B000E66AF1EE10FAF2DC77EEC76A9FED2A6AAF
:10D4C000F4EEC66AF1EE10FA0CD8DFED216A77EEC1
:10D4D000A67A37EEC76ADFED246AB4EEE66AF1EEAB
:10D4E00010FAF2D99FED1B7A7AEEC7AAF4EE6A7AA7
:10D4F000F1EE10FA48BFF0EE6A7A39EE870AB4EE20
:10D50000670AF1EE10FA58BFB0EE670AFFF7A2FA09
:10D51000F0EE408A4EE79FED159A4BE7DFED137A68
:10D52000C4ED027ABDEC068BBDE8F883DFED0F7A1F
:10D53000F6E7B0EE680AFFF78DFAF0EE408A39E7B9
:10D5400020BC0020BD370636859100208891002040
:10D55000DB0FC940CDCC4C3E6666663FD0CCCC3D9F
:10D560005077D63DDB0F4940DB0F49C0000000007B
:10D5700082B0F0B404460E4604A981E80C009DED8B
:10D58000107A00258562DDED0D7A67EE877AC0EDB1
:10D590000B7A4563DDED0F6AC6EE877AC0ED0E7A31
:10D5A0000E9B03630B4613F8042B0270456000F1D9
:10D5B00008070FCB87E80F00183409AB0FCB84E8BE
:10D5C0000F0075603560F0BC02B0704710B40346C0
:10D5D000D0ED017A90ED027AF4EEC77AF1EE10FA0E
:10D5E00035D5B7EE007A77EE877AC0ED017AC0685C
:10D5F0001060186908605B694B600020D2ED007A0A
:10D600009FED547AF4EEC77AF1EE10FA0ADB9FED43
:10D61000517A77EEC77AF4EEC77AF1EE10FAF6DABD
:10D62000C2ED007AD2ED007AF5EEC07AF1EE10FA92
:10D630000AD59FED487A77EE877AF5EEC07AF1EE5B
:10D6400010FAF6D4C2ED007A5DF8044B704790ED05
:10D65000067AF4EEC77AF1EE10FA0DD5B7EE007A3D
:10D6600077EE877AC0ED017AC0691060186A0860A9
:10D670005B6A4B600020C1E790ED0A7AD0ED0B6A3F
:10D68000F6EE007A66EEA77AB4EEE77AF1EE10FADB
:10D690002DD5B7EE006A37EE067A80ED0A7A90ED66
:10D6A0000E6A86EE267AF6EE006A67EE266A90ED3E
:10D6B0000D7A37EE267A80ED0D7AD0ED0C6A86EE83
:10D6C000A77A27EE007AD1ED007A77EE877AC1ED5E
:10D6D000007A002000244C60D3ED0D7A20EE270A5A
:10D6E000D2ED007A37EE800A82ED000A86E7B4EECA
:10D6F000E67AF1EE10FA11D5F7EE007A37EE277AD6
:10D7000080ED0A7AD0ED0E7A87EEA67AD0ED0D7A0A
:10D7100077EE877AC0ED0D7A0020DBE7D1ED006A65
:10D7200090ED0C6A66EE805AB6EE007A26EE077A25
:10D73000F4EEC75AF1EE10FA09DD86EE277A67EEAD
:10D74000007A76EEE76AC1ED006A0020C2E70120A8
:10D75000C0E700BFDB0FC94010B52DED068BB0EE62
:10D76000408A0446F0EE608AB0EE41AAB0EE619ABB
:10D77000F0EE429A90ED000A30EE480A01F06AF9A4
:10D78000DFED5A7AB4EEE70AF1EE10FA02D8BDECFA
:10D79000068B10BD94ED000A01F05CF9DFED537AC1
:10D7A000B4EEE70AF1EE10FA1DD994ED000AB5EED9
:10D7B000C00AF1EE10FA04DDB5EEC08AF1EE10FAFF
:10D7C00031D4B5EEC00AF1EE10FA49D5B5EEC08AF3
:10D7D000F1EE10FA44DDB5EEC00AF1EE10FA22DCEB
:10D7E000F0EE4A8A21E0B0EE490A01F033F9DFEDAC
:10D7F0003F7AB4EEE70AF1EE10FAD6DDB0EE480A51
:10D8000001F028F9DFED397AB4EEE70AF1EE10FA0B
:10D81000CBDDB5EEC08AF1EE10FAD8BFB1EE499A71
:10D8200084ED009AB3E7F1EE4A8ADFED307AF4EE48
:10D83000E79AF1EE10FA4ADCD4ED007A78EEA78A86
:10D8400038EEC87A77EEC87A67EE277AF5EEC07AB6
:10D85000F1EE10FA94BF84ED008AC4ED008A96E7D9
:10D8600001F0F8F8DFED217AB4EEE70AF1EE10FAF4
:10D8700007D8B5EEC08AF1EE10FAD6DCF1EE688A70
:10D88000D3E794ED000A01F0E5F8B0EE409AB0EE6F
:10D89000480A01F0DFF8B4EEC09AF1EE10FA09D5AB
:10D8A000D4ED007AF5EEC07AF1EE10FABDDCF1EEBF
:10D8B000688ABAE7D4ED007AF5EEC07AF1EE10FA94
:10D8C00002DDF1EE4A8AB0E7F0EE4A8AADE794ED68
:10D8D000000A01F0BFF8B4EEE90AF1EE10FA44BF15
:10D8E000F2EE047A68EEA78AA6E700BFBD37863558
:10D8F000D0ED006A9FED037AC6EE877AC0ED017A1B
:10D90000704700BFD7B3DD3F00230370002343609F
:10D9100001220272C360036143618361014B18609D
:10D92000704700BFC8910020024B1B680BB183ED0C
:10D93000010A7047C8910020024B1B6803B118729E
:10D94000704700BFC8910020034B1B681BB183EDDB
:10D95000050AC3ED060A7047C8910020034B1B68F7
:10D960000BB1187870470020704700BFC8910020A5
:10D97000044B1B6813B193ED010A70479FED020A37
:10D98000704700BFC891002000000000034B1B68D7
:10D990000BB1187A70470120704700BFC891002072
:10D9A00010B40023036043608360C3600361C361FC
:10D9B000036283614361002141628362C362036346
:10D9C000094A4263094C8463C263094C046442649B
:10D9D00064228264C464074A026543658365C36543
:10D9E00001665DF8044B7047CDCC4C3E00004040D2
:10D9F0000AD7233CCDCCCC3D90ED057A90ED066A5C
:10DA000077EE466A436A002B00F01B81D0ED0A7A5C
:10DA1000F5EE407AF1EE10FA30D1D0ED017AF5EE64
:10DA2000407AF1EE10FA29D0C0ED0A7AD0ED155AFD
:10DA3000F5EE405AF1EE10FA08BFC0ED157AD0EDC0
:10DA40000B5AF5EE405AF1EE10FA46D1F5EEC07AD7
:10DA5000F1EE10FA41DDDFED9B5A67EEA55AC0EDFD
:10DA60000B5AD0ED0C5AF5EE405AF1EE10FA05D1F2
:10DA7000F2EE045A67EEA57AC0ED0C7AD0ED165A94
:10DA800076EE655A80ED166A90ED146AF7EE007A2C
:10DA900077EEC67A90ED175A67EE857A26EE256AFC
:10DAA00077EE867AC0ED177A27EEA66AB5EEC06AE1
:10DAB000F1EE10FA1EDD90ED0F6AF4EEC67AF1EE8B
:10DAC00010FA80F28980F1EE675AB4EEE56AF1EE61
:10DAD00010FA94BF012100210DE0D0ED0C5AF5EEB3
:10DAE000405AF1EE10FAC9D1F5EEC07AF1EE10FA13
:10DAF000C4DDBDE70021B5EEC07AF1EE10FAB8BF83
:10DB0000B1EE477AB7EE006AB4EEC67AF1EE10FADB
:10DB1000D8BFB0EE467AF5EEC06AF1EE10FA5DDBE2
:10DB200090ED106AF4EEC67AF1EE10FA08D8D0ED56
:10DB3000117A27EE277AB4EEE67AF1EE10FA61D484
:10DB400000230366026E836C9A4263DB90ED0A7ACF
:10DB5000D0ED0E7A67EE277A90ED0B7AB4EE677A05
:10DB6000F1EE10FAC8BFF0EE477A90ED0C7AB4EE01
:10DB7000677AF1EE10FA48BFF0EE477A90ED157A29
:10DB800077EEC77A90ED136A67EE867A77EE877A3A
:10DB9000C0ED157A90ED076A90ED007A26EE877A4F
:10DBA00037EE067AD0ED035AF4EEC75AF1EE10FACA
:10DBB0003BD5C0ED085A67EEA67A77EE867AD0EDAF
:10DBC000086A37EE667AD0ED026A27EE267A77EE9B
:10DBD000C77AC0ED077A704701218CE7F1EE677ACA
:10DBE00090ED106AF4EEC67AF1EE10FAA8D8F1EED4
:10DBF000667A90ED116A27EE067AF4EEC77AF1EEB6
:10DC000010FA9DDD036E47F6FE7293429ADC0133F3
:10DC1000036697E731B190ED0A7AD0ED0D7A67EEA1
:10DC2000277A99E7D0ED0A7A96E7D0ED045AF4EE18
:10DC3000C75AF1EE10FAD8BFF0EE475AC0ED085AB5
:10DC4000B9E7D0ED075A90ED007A26EE877A37EEE5
:10DC5000257A90ED036AB4EEC76AF1EE10FA1BD58F
:10DC600080ED086AD0ED017A66EEA77A77EEA57AA4
:10DC7000D0ED086A37EE667AD0ED026A27EE267A92
:10DC800077EEC77AC0ED077AB4EEE76AF1EE10FAE4
:10DC90000ED580ED076A7047D0ED047AF4EEC77AAE
:10DCA000F1EE10FAD8BFF0EE477AC0ED087AD9E766
:10DCB00090ED047AF4EEC77AF1EE10FA48BF80EDE9
:10DCC000077A7047CDCCCC3D016000234360836070
:10DCD000C360704710B40C6807EE904AF8EE676AAC
:10DCE00090ED007A90ED016AB5EEC06AF1EE10FA9F
:10DCF000ACBF01220022DFED8C7A67EE277A77EE47
:10DD0000C67AF5EEC07AF1EE10FAACBF022300231A
:10DD10001343DFED867A67EE277A77EEC67AF5EE63
:10DD2000C07AF1EE10FAACBF0422002266EE867AC9
:10DD3000F6EE005A26EE256ADFED7D5A67EE255A8B
:10DD400075EE865A65EEA65A9FED7A5A27EE057A49
:10DD500037EE067A27EE267A1343774AD2560332F5
:10DD6000062A14D8DFE802F0100A071316040D0083
:10DD7000B0EE656A10E0B1EE676A0DE0B1EE656A7B
:10DD80000AE0B0EE476A07E0B1EE476A04E09FEDB3
:10DD90006B6A01E0B0EE676A694AD2560332062A1E
:10DDA00026D8DFE802F0221C072509041F00F0EE48
:10DDB000657A01E0F1EE677A36EE277AF4EEC76A0B
:10DDC000F1EE10FA17D5B5EEC07AF1EE10FA12DDC9
:10DDD000C6EE875A26EE256A67EEA57A14E0F1EEC4
:10DDE000657AE9E7F0EE477AE6E7F1EE477AE3E7AE
:10DDF000DFED527AE0E7B5EEC07AF1EE10FA9CBFA3
:10DE0000DFED4E7AB0EE676A76EEC65A75EEE75AE7
:10DE1000B6EE007A25EE877AB5EEC07AF1EE10FA0A
:10DE20006CD4F4EE475AF1EE10FA48BFB0EE657AC2
:10DE300077EE877A36EE276A424AD25C002A60D0B3
:10DE4000022A0CBFB0EE475AB0EE675A3E4AD25C87
:10DE5000002A59D0022A0CBFF0EE475AF0EE675A5A
:10DE60003A4AD35C002B52D0022B08BFF0EE477A1F
:10DE7000B5EEC05AF1EE10FA4CDDB6EE007A36EE91
:10DE8000C77AB4EEC57AF1EE10FA45D9B6EE007A4B
:10DE900035EE075ABCEEC57A17EE103A4B60F5EE38
:10DEA000C05AF1EE10FA39DDB6EE007A36EEC77AD6
:10DEB000B4EEE57AF1EE10FA32D9B6EE007A75EEEC
:10DEC000875ABCEEE57A17EE103A8B60F5EEC07A11
:10DED000F1EE10FA26DDB6EE007A76EEC76AF4EEC1
:10DEE000E76AF1EE10FA05D977EE877AFCEEE77A69
:10DEF00017EE904ACC605DF8044B70479FED0F7AA7
:10DF000096E7B0EE465AA1E7F0EE465AA8E7F0EEE3
:10DF1000467AADE70023C1E72346BFE70023D4E7F5
:10DF20002346D2E70024E5E7D7B3DD3FD7B3DDBF13
:10DF3000D7B35D3FD7B35DBF3C0A010000000000CE
:10DF4000440A0100240A01002C0A0100340A0100DD
:10DF500010B483B00468A3B242689A1A92B2ADF8C2
:10DF6000062082689A1A92B2ADF80420C2689B1A01
:10DF70009BB2ADF80230BDF806309BB240F62132BC
:10DF8000934284BF40F62233ADF80630BDF804302A
:10DF90009BB240F62132934284BF40F62233ADF863
:10DFA0000430BDF802309BB240F62132934284BF68
:10DFB00040F62233ADF80230BDF806309BB2962B06
:10DFC0009CBF9623ADF80630BDF804309BB2962B6B
:10DFD0009CBF9623ADF80430BDF802309BB2962B5F
:10DFE0009CBF9623ADF80230324B1B889BB2B3F531
:10DFF0007A7F47D207EE904AB8EE677AF7EE007A5A
:10E00000C7EE876ABDF806309BB207EE103A294A80
:10E01000138898B2B8EE477A27EE267A264B03EBA0
:10E02000800383ED007ABDF804309BB207EE103A0E
:10E03000138898B2B8EE477A27EE267A1F4B03EB87
:10E04000800383ED007ABDF802309BB207EE903A70
:10E05000138898B2F8EE677A67EEA67A184B03EB4E
:10E060008003C3ED007A138898B28C6D154B03EBD7
:10E0700080031C6013889AB2D1F82C11124B03EB69
:10E0800082031960BDF80600BDF80410BDF8022037
:10E09000C0F34E000D4B1862C1F34E011963C2F379
:10E0A0004E021A649A6D42F080029A6503B05DF8E0
:10E0B000044B7047528F002028EB002088DB0020A3
:10E0C00048BC0020C8FA0020E8CB002000800340B4
:10E0D000B5EEC00AF1EE10FA48BFB1EE400ADFED2E
:10E0E0000B7A20EE270ADFED0A7AB4EEE70AF1EEAA
:10E0F00010FA08DCF6EE007A30EE270AFDEEC07A60
:10E1000017EE900A70476FF000407047000080459E
:10E110000000004F01207047704708B5002106201D
:10E12000FBF736FE08BD000010B5062800F2EE80B1
:10E13000DFE810F007002B004F0073009700BB00D2
:10E14000DF0000210220FBF723FE00210120FBF766
:10E150001FFE00210846FBF71BFE784B47F23052AA
:10E160001A6200241C631A649A6D42F080029A6558
:10E1700001210220FBF70CFE01210846FBF708FEF7
:10E1800021462046FBF704FE10BD00210220FBF7CC
:10E19000FFFD00210120FBF7FBFD00210846FBF7F6
:10E1A000F7FD664B00241C6247F230521A631A6472
:10E1B0009A6D42F080029A6501210220FBF7E8FD8A
:10E1C00001210846FBF7E4FD21462046FBF7E0FD70
:10E1D000DAE700210220FBF7DBFD00210120FBF73D
:10E1E000D7FD00210846FBF7D3FD544B47F23052D0
:10E1F0001A621A6300241C649A6D42F080029A65C8
:10E2000021460220FBF7C4FD01210846FBF7C0FDB3
:10E2100001212046FBF7BCFDB6E700210220FBF7F9
:10E22000B7FD00210120FBF7B3FD00210846FBF7F5
:10E23000AFFD424B47F230521A6200241C631A644D
:10E240009A6D42F080029A6521460220FBF7A0FDFC
:10E2500001210846FBF79CFD01212046FBF798FDB4
:10E2600092E700210220FBF793FD00210120FBF73C
:10E270008FFD00210846FBF78BFD304B00241C620C
:10E2800047F230521A631A649A6D42F080029A651E
:10E2900001210220FBF77CFD21460120FBF778FDE0
:10E2A00001212046FBF774FD6EE700210220FBF7F9
:10E2B0006FFD00210120FBF76BFD00210846FBF7F5
:10E2C00067FD1E4B47F230521A621A6300241C6429
:10E2D0009A6D42F080029A6501210220FBF758FDF9
:10E2E00021460120FBF754FD01212046FBF750FD9C
:10E2F0004AE701210220FBF74BFD01210846FBF70D
:10E3000047FD01210020FBF743FD3DE700210220EE
:10E31000FBF73EFD00210120FBF73AFD00210846F6
:10E32000FBF736FD054B47F230521A621A631A6446
:10E330009A6D42F080029A6526E700BF0080034094
:10E34000034610B105480068186011B1034B5B68C3
:10E350000B600AB100231360704700BF44BB00206C
:10E3600010B584B00446002303930293019301AADD
:10E3700002A903A8FFF7E4FF052C3BD8DFE804F06F
:10E38000030D161F2831DDED027AB0EE677ABEEE7E
:10E39000CA7A17EE100A04B010BDDDED037AB0EEB4
:10E3A000677ABEEECA7A17EE100AF4E7DDED017A5D
:10E3B000B0EE677ABEEECA7A17EE100AEBE7DDED33
:10E3C000027AB0EE677ABEEECA7A17EE100AE2E77A
:10E3D000DDED037AB0EE677ABEEECA7A17EE100A68
:10E3E000D9E7DDED017AB0EE677ABEEECA7A17EEB4
:10E3F000100AD0E70020CEE79FED010A704700BF6A
:10E4000033331B417047000010B52DED028B174CC4
:10E410008C220021204600F04DFC40F6B833638189
:10E420004EF66023A3817823E3814FF49663238221
:10E43000B2EE040A84ED1D0A9FED0D8A84ED1E8A5A
:10E440000C4BE3674FF07E53C4F88430FFF740FE77
:10E45000A061B0EE480AFFF73BFEE0610023A4F89C
:10E460008830A4F88A30BDEC028B10BD680A012008
:10E47000CDCC4C3D0AD7233E08B50122024B198969
:10E480000248F8F76DFB08BD680A01205C97002080
:10E4900008B5062821D8DFE800F004080C1014188D
:10E4A0001C000020FFF740FE08BD0120FFF73CFEE6
:10E4B000FAE70220FFF738FEF6E70320FFF734FE05
:10E4C000F2E70420FFF730FEEEE70520FFF72CFE11
:10E4D000EAE70620FFF728FEE6E70720FFF724FE1D
:10E4E000E2E7000010B50446084B00221A80032220
:10E4F000A3F88820A3F88A000720FFF7C9FFFFF7D9
:10E500000CFE2046FFF77EFF10BD00BF680A012009
:10E5100010B5104B5B89B3B10E4C94ED1D0AFFF79B
:10E52000D7FDA06194ED1E0AFFF7D2FDE061002344
:10E53000A4F88A30FFF7EEFD40B1064B0122A3F8A4
:10E5400088201A8010BDFFF75FFFE5E70120FFF785
:10E55000C9FFF7E7680A0120F8B5FFF74DFF3A4B0E
:10E5600083ED200AB5EEC00AF1EE10FA63D9364801
:10E57000038907EE903AF8EE677A9FED347A87EEDA
:10E58000876ADFED337A26EE276AD0ED217A26EE10
:10E59000276AC76990ED1F5A014600F1580500F13E
:10E5A00050061830DFED2B5A0B6A4C6A9C42B8BFFC
:10E5B0001C468A6BCB6B9A42B8BF1A46531003EBCA
:10E5C00064039F423BDA07EE903AFAEECA7A25EEF0
:10E5D000277A37EE077A30EE477AB5EEC07AF1EE59
:10E5E00010FA48BF9FED1B7A27EE067AC7EE276A1E
:10E5F000E5EC016A9FED187A26EE877A85ED027ABE
:10E60000DFED167A67EE277AF6EE006A77EEA67AE5
:10E61000FCEEE77A17EE903A26F8023B75EE875A41
:10E6200008318142C0D1B0EE087AC5EE877A064B38
:10E63000C3ED1C7AF8BD0420FFF754FFFAE703206E
:10E64000FFF750FFF6E700BF680A012000007042A4
:10E65000BD3786350000000000007A440000C84243
:10E6600070B5AE4B1B88052B00F27081DFE813F00C
:10E67000290006002A00B700B7003C01A74B002282
:10E680005A809A80598919815A619B692BB9A34C88
:10E6900094ED1D0AFFF71CFDA061A04BDB692BB9AF
:10E6A0009E4C94ED1E0AFFF713FDE061FFF7E4FEB8
:10E6B0000720FFF7EDFE994B1A8801321A800122DC
:10E6C0005A8070BDFFF728FD944A538801339BB2EE
:10E6D00053800B2B3BD9134600225A800720FFF7AB
:10E6E000D7FE8E4CA088FFF73BFE0028B8BF404203
:10E6F0008B4D2B888B4A42F823006269002AB8BFF1
:10E7000052429042B8BF10462189874A22F813101E
:10E7100001339BB2854AA2FB03621209322606FB33
:10E7200012332B80A3899942C0F01781E369984284
:10E7300026DB7A4B00229A805A805981A2F1553209
:10E74000A2FB011252081A8103221A80B9E7092B91
:10E75000B7D801A252F823F0DDE6000089E70000F7
:10E76000C3E60000CBE70000C3E60000C3E60000FC
:10E770009DE70000C3E70000C3E60000D5E7000006
:10E780000220FFF7AFFE9CE70720FFF781FE634AF8
:10E790009388013303F00103938092E70720FFF78A
:10E7A00077FE5E4CA088FFF7DBFD6061A388013334
:10E7B00003F00103A3805A4B1A885D4B43F82200F3
:10E7C0007FE70720FFF764FE7BE7544B9888FFF74D
:10E7D0005FFE76E7514B9888FFF75AFE71E74F4B83
:10E7E0005B8801339BB20A2B24D84C4A53804B4C94
:10E7F000A088FFF7B5FD054663880A2B3FF661AF99
:10E8000001A252F823F000BF3DE8000067E80000D5
:10E8100079E80000C3E60000C3E6000085E80000D8
:10E820008FE8000095E800009BE80000A1E80000E8
:10E83000ADE80000394B00225A80D8E70720FFF7E7
:10E8400027FE3C4B1D60354B9B8801339BB2022B4E
:10E8500002D0324A938034E7304B00229A801A88E3
:10E8600001321A802DE70720FFF712FE0020FFF784
:10E8700077FD314B186024E7FFF7FEFD0720FFF717
:10E8800007FE1EE7254B9888FFF702FE19E72B4B82
:10E89000186016E72A4B186013E72A4B186010E738
:10E8A0001E4B58610320FBF799FA0AE71B4CA0881E
:10E8B000FFF756FD244B18600320FBF78FFAA3885F
:10E8C000123B228802EB420203EB42039BB20B2B6A
:10E8D0003FF6F7AE03F108026369EB1A002BB8BFED
:10E8E0005B4244F82230ECE6FFF717FC0020FFF70C
:10E8F00037FD114B18600620FFF7CAFDFFF72CFE0D
:10E90000064BB3F88830032B3FF4DBAE034B0222F7
:10E91000A3F8882000221A80D3E600BF680A0120ED
:10E92000D893002030920020CC9100201F85EB511D
:10E93000F8920020CC930020D0930020C0930020B8
:10E94000C4930020C8930020D49300200E4B0022D3
:10E950001A800120FFF7C6FDB3E60B4A9269904288
:10E960003FF7E7AEB0EB620F074ACCBFD289128AFD
:10E970000A4492B2934227BF034B1A81024A138181
:10E98000FFF77AFD9DE600BF680A012008B5FCF795
:10E9900045F90020FCF746F90220FCF7E9F99FED64
:10E9A0000F0AF0EE400AFCF7EBF9FCF747FC0023F6
:10E9B0000B4A13800B4A13800B4A13800B4B9A1E91
:10E9C0002633002122F8021F9A42FAD1084B19700F
:10E9D0000023084A1360084A936008BD0000000045
:10E9E000DE930020DA930020DC930020E0930020E7
:10E9F000089400200C940020B408002008B5F5F716
:10EA00008DFCFAF7CBFAFAF707FEFAF727FEFAF7CA
:10EA1000E7FEFAF7EBFAFBF71BF9FBF761F8FAF7F9
:10EA200025FAFAF72DFFFAF78FFEFBF71FFAFAF730
:10EA3000EDFAF4F763FFFBF777F9FBF7DFF9002056
:10EA4000F9F7CAFB024B1860F2F71CFCFEE700BFA7
:10EA5000F40A012010EE103A23F0004300EE103AC1
:10EA6000704700BFD0B52DED028B8AB0F0EE408A22
:10EA7000B0EE608A00F056F8284B93F90040631C12
:10EA800039D0B4EE488AF1EE10FA34D6F4EE688A42
:10EA9000F1EE10FA2FD6B5EE408AF1EE10FA2AD137
:10EAA00001231F4A009318EE900A00230192089355
:10EAB000F1F720FE06460F4618EE100ACDE9026770
:10EAC000F1F718FECDE90401CCB100220023104675
:10EAD0001946F1F791FF022CCDE9060111D100F0A2
:10EAE000B3F821230360089B9BB9DDE90601F2F727
:10EAF000F3F800EE100A0AB0BDEC028BD0BDCDE9F0
:10EB00000667684600F09EF80028E8D0089B002BB6
:10EB1000EBD000F099F8089B0360E6E7C8080020F6
:10EB20004C0A0100F0B482B0CDED010A019830F03A
:10EB3000004C41D010EE105A25F00047B7F1FF4FBE
:10EB40003ADABCF1FF4F37DC67453BDB05F00046A6
:10EB50003BD015F0FF4F57D1390200296FF07D02ED
:10EB600004DD4900002902F1FF32FADC10F0FF4F0A
:10EB700059D15FEA0C216FF07D0403D4490004F100
:10EB8000FF34FBD512F17E0F47DBC5F3160343F4C8
:10EB9000000314F17E0F3ADBC0F3160040F40000CE
:10EBA000121B04D11AE010D04B00013A16D0191AEA
:10EBB0000029F8DA5B00F8E7DDED017A60EE277AEC
:10EBC00087EEA70A02B0F0BC70471D4AF30F02EBB4
:10EBD000830393ED000A02B0F0BC7047181A58BFC7
:10EBE000034613B9F1E75B00013CB3F5000FFADB14
:10EBF00014F17E0F1BDBA3F5000333437F3443EA9C
:10EC0000C45300EE103ADDE7FA157F3AAEE76FF035
:10EC10007D01091B0CFA01F0C2E76FF07D039B1A1E
:10EC200007FA03F3B5E74FEAEC547F3CAAE76FF02D
:10EC30007D02141B2341334300EE103AC2E700BFAC
:10EC4000540A010000207047014B1868704700BF4C
:10EC5000CC080020032A70B412D940EA0105AD07A0
:10EC600004460B461ED11946204653F8045B54F85F
:10EC7000046BAE4216D1043A032A20461946F2D854
:10EC8000561EA2B10139441E01E0C3180CD014F87D
:10EC9000015F11F8012F9542A6EB0403F5D0A81AE5
:10ECA00070BC7047561EEDE7184670BC70471046A2
:10ECB000F6E700BFF0B4860746D0541E002A3CD0C9
:10ECC000CAB2034601E0013C37D303F8012B9D078C
:10ECD000F9D1032C2AD9CDB245EA05250F2C45EAF6
:10ECE000054534D9A4F1100222F00F0C03F12007DE
:10ECF0001609674403F1100242E9045542E902553E
:10ED00001032BA42F8D1721C14F00C0F03EB02124D
:10ED100004F00F0613D0331F23F00303043313440E
:10ED200042F8045B9342FBD106F003042CB1CAB253
:10ED30001C4403F8012B9C42FBD1F0BC70473446C5
:10ED40001346002CF3D1F8E714460346C1E71A46F0
:10ED50002646E0E70000000001020300000000007A
:10ED60000001030300000000000100000001030493
:10ED7000040000000001000100010203032C000058
:10ED8000000607010000000000000000010203006F
:10ED900014000000B18E0000000000000000000020
:10EDA00000000000B38E00000301000042535754DE
:10EDB00061736B5F316D73004253575461736B5FC6
:10EDC000356D73004253575461736B5F31306D730F
:10EDD000000000004153575461736B5F316D730045
:10EDE0004153575461736B5F356D730041535754F2
:10EDF00061736B5F3130306D730000000200000002
:10EE0000500102000000E20502000000C201020001
:10EE10000000A00202000000AE0302000000AF03E9
:10EE200002000000AA0302000000C0060201000068
:10EE30003F0402030000DF07020300007107000225
:10EE40000100C30500020100B60300020100A60391
:10EE500000020100C1060102010071040302010069
:10EE6000790700004E3D4672656552544F53204469
:10EE7000656D6F204170706C69636174696F6E2C91
:10EE8000443D46433431353046314D42533150369E
:10EE9000345431422C4F3D4672656552544F5300F5
:10EEA000492331353D5379735469636B0000000089
:10EEB00049444C450000000053595354454D5649B0
:10EEC00045573A20436F756C64206E6F74207265ED
:10EED000636F7264207461736B20696E666F726D0C
:10EEE0006174696F6E2E204D6178696D756D206E4D
:10EEF000756D626572206F66207461736B7320722A
:10EF00006561636865642E00A11400006915000046
:10EF10005465726D696E616C0000000000000000B5
:10EF2000000054545220524547474553000000000A
:10EF300053797356696577000000000000000000F7
:10EF40000000000000002110422063308440A550E2
:10EF5000C660E770088129914AA16BB18CC1ADD11F
:10EF6000CEE1EFF13112100273325222B5529442C7
:10EF7000F772D662399318837BB35AA3BDD39CC36F
:10EF8000FFF3DEE36224433420040114E664C77413
:10EF9000A44485546AA54BB528850995EEE5CFF5BF
:10EFA000ACC58DD55336722611163006D776F66667
:10EFB0009556B4465BB77AA719973887DFF7FEE70F
:10EFC0009DD7BCC7C448E5588668A7784008611833
:10EFD00002282338CCC9EDD98EE9AFF9488969995F
:10EFE0000AA92BB9F55AD44AB77A966A711A500A07
:10EFF000333A122AFDDBDCCBBFFB9EEB799B588BAF
:10F000003BBB1AABA66C877CE44CC55C222C033C52
:10F01000600C411CAEED8FFDECCDCDDD2AAD0BBDFE
:10F02000688D499D977EB66ED55EF44E133E322EA6
:10F03000511E700E9FFFBEEFDDDFFCCF1BBF3AAF4E
:10F04000599F788F8891A981CAB1EBA10CD12DC1AC
:10F050004EF16FE18010A100C230E3200450254042
:10F0600046706760B9839893FBA3DAB33DC31CD3A2
:10F070007FE35EF3B1029012F322D2323542145292
:10F0800077625672EAB5CBA5A89589856EF54FE5EE
:10F090002CD50DC5E234C324A014810466744764E2
:10F0A00024540544DBA7FAB79987B8975FE77EF742
:10F0B0001DC73CD7D326F2369106B0165766767632
:10F0C000154634564CD96DC90EF92FE9C899E9890E
:10F0D0008AB9ABA94458654806782768C018E10882
:10F0E0008238A3287DCB5CDB3FEB1EFBF98BD89BE2
:10F0F000BBAB9ABB754A545A376A167AF10AD01AD2
:10F10000B32A923A2EFD0FED6CDD4DCDAABD8BAD2D
:10F11000E89DC98D267C076C645C454CA23C832C21
:10F12000E01CC10C1FEF3EFF5DCF7CDF9BAFBABF81
:10F13000D98FF89F176E367E554E745E932EB23E71
:10F14000D10EF01E00001001001010010010000090
:10F1500000101001002010010010000000B003405A
:10F160000070024000C0024000D0024000E00240B7
:10F1700000F00240010000000C0C0C0020202000D8
:10F180000101010000000000010101002020200019
:10F1900000000840004008400080084000080801C6
:10F1A000100A02180C03200E04281005301206382D
:10F1B0001407401608481809501A0A581C0B601EFC
:10F1C0000C682000008003400090034000A0034032
:10F1D0000060024000E0064000F0064000000041F0
:10F1E0004000004180000041C0000041000100419A
:10F1F00000160110020A030D041605160613071661
:10F20000840000008100000098000000530000000E
:10F210009C000000A5000000B00000008500000078
:10F22000B400000085000000B80000008500000068
:10F23000BC00000085000000C40000004100000088
:10F24000C800000081000000D8000000410000005C
:10F25000DC00000085000000E0000000530000001A
:10F26000E400000053000000E8000000530000002C
:10F27000EC000000A5000000F40000008100000088
:10F28000F800000081000000FC0000008100000088
:10F2900000010000A500000008010000810000003E
:10F2A0000C0100008100000010010000810000003E
:10F2B000140100004100000018010000810000005E
:10F2C00024010000810000002801000081000000EE
:10F2D0002C010000810000003001000081000000CE
:10F2E00034010000810000003C01000081000000AA
:10F2F0006C01000085000000700100008500000026
:10F3000074010000850000008401000081000000FD
:10F3100098010000850000009C01000085000000AD
:10F32000A801000085000000AC010000850000007D
:10F33000B001000085000000B8010000530000008B
:10F34000BC01000053000000C001000041000000AB
:10F35000CC01000081000000D80100008100000005
:10F36000F001000041000000000200006300000006
:10F370001002000063000000200200006300000093
:10F3800060020000810000000000004140000041D8
:10F3900080000041C0000041000100410090044095
:10F3A00000A0044000B0044000C0044000D004406D
:10F3B000006003400010034000200640003006407B
:10F3C00000100740002007400020054000300540A5
:10F3D00041646330000000004164633100000000BC
:10F3E000010004000A0018001D00000005000100D3
:10F3F0000F000900180000000024F40080841E00A3
:10F4000001000000030000000200000002000000F4
:10F410000200000000366E0140420F0002000000B2
:10F4200005000000030000000300000001000000D0
:10F4300000366E0180841E000100000005000000FF
:10F4400003000000030000000100000000366E0110
:10F45000C0C62D00010000000300000002000000F3
:10F460000200000001000000006CDC0240420F00BE
:10F47000030000000700000004000000040000007A
:10F4800001000000006CDC0280841E00020000000D
:10F49000060000000300000002000000020000005F
:10F4A000006CDC02C0C62D00010000000700000057
:10F4B000040000000400000001000000006CDC02F9
:10F4C00000093D00010000000500000003000000ED
:10F4D0000300000001000000006CDC02808D5B0076
:10F4E0000100000003000000020000000200000014
:10F4F00001000000000E270740420F000800000036
:10F5000008000000030000000300000001000000EC
:10F51000000E270780841E00040000000800000081
:10F52000030000000300000001000000000E270798
:10F53000C0C62D000400000005000000020000000D
:10F540000200000001000000000E270700093D0036
:10F55000030000000500000002000000020000009F
:10F5600001000000000E2707404B4C000200000085
:10F57000050000000300000003000000010000007F
:10F58000000E2707808D5B000200000005000000D0
:10F59000020000000200000001000000000E27072A
:10F5A00000127A00010000000800000003000000C3
:10F5B000030000000100000080D1F00840420F006D
:10F5C0000A00000008000000030000000300000023
:10F5D0000100000080D1F00880841E0005000000BA
:10F5E000080000000300000003000000010000000C
:10F5F00080D1F008C0C62D00050000000500000005
:10F6000002000000020000000100000080D1F008AC
:10F61000404B4C0002000000080000000300000006
:10F6200003000000010000000024F40020A10700F6
:10F6300002000000080000000400000003000000B9
:10F640000300000000366E0120A107000400000046
:10F65000050000000300000003000000010000009E
:10F66000006CDC0220A1070006000000070000007B
:10F67000040000000400000003000000000E270743
:10F6800020A1070010000000080000000300000097
:10F69000030000000300000080D1F00820A1070053
:10F6A0001400000008000000030000000300000038
:10F6B000010000002D2E2F0018010000190100008C
:10F6C0001A0100001B0100001C01000022010300C0
:10F6D0000301030004010300050103000001000011
:10F6E000010100000D0101000C0101000B010100EE
:10F6F0000E010300020103002E0103012F0101008E
:10F7000007010000300100000F010000120000009E
:10F710001D010000000000004654553100000000AB
:10F72000008003400090034000A0034000600240BE
:10F7300000E0064000F0064046545532000000004C
:10F74000008003400090034000A00340006002409E
:10F7500000E0064000F0064046545530000000002E
:10F760000303040403020403010200000201040075
:10F770000200000001000000200000001000000056
:10F7800000000100002000008000000004000000D4
:10F7900000010000800000000000000000000000E8
:10F7A0000000000000000000000000000000000059
:10F7B0000000000000000000000000000000000049
:10F7C0000400000010000000000100000200000022
:10F7D00002000000020000003C3D3E3F40410000AE
:10F7E000000102030405060708090A0B0C0D0E0FA1
:10F7F00010000000000000000100000003000000F5
:10F80000070000000F0000001F0000003F00000084
:10F810007F000000FF000000FF010000FF03000068
:10F82000FF070000FF0F0000FF1F0000FF3F000068
:10F83000FF7F0000FFFF0000FFFF0100FFFF03004C
:10F84000FFFF0700FFFF0F00FFFF1F00FFFF3F004C
:10F85000FFFF7F00FFFFFF00FFFFFF01FFFFFF0330
:10F86000FFFFFF07FFFFFF0FFFFFFF1FFFFFFF3F30
:10F87000FFFFFF7FFFFFFFFF0708500101010000AE
:10F880000000803F00000000458E00200F0850015E
:10F8900000010000CDCC4C3D000000004C8E00204B
:10F8A0001708500100010000CDCC4C3D00000000C5
:10F8B000508E00201F08500100010000CDCC4C3DAF
:10F8C00000000000548E00202708500100010000B5
:10F8D0008FC2F53C00000000488E00202B04500130
:10F8E000010100000000803F00000000468E002063
:10F8F0002F045001010100000000803F00000000C3
:10F90000598E002036025001010100000000803FA6
:10F9100000000000478E0020370150010101000067
:10F920000000803F00000000588E00200708E2051C
:10F93000010100000000803F0000FA448008002020
:10F940000B04E205010100000000803F0000000000
:10F950007E0800201405E205010100000000803F40
:10F96000000000007D0800201C05E20501010000E8
:10F970000000803F000000009A8E00202506E2056E
:10F98000010100000000803F000000009B8E00206D
:10F990002D06E205010100000000803F000000008C
:10F9A0009C8E00203102E205010100000000803F32
:10F9B000000000009D8E00203605E20501010000D8
:10F9C0000000803F000000009E8E00203902E2050A
:10F9D000010100000000803F00000000998E00201F
:10F9E0000708C201010100000000803F0000000084
:10F9F000B68E00200B04C201010100000000803F10
:10FA000000000000B78E00201B04C20101010000AD
:10FA10000000803F00000000820800201F04C20197
:10FA2000010100000000803F00000000830800206A
:10FA30002502C201010100000000803F000000001B
:10FA4000BA8E00202702C201010100000000803FA1
:10FA500000000000B98E00200102A0020101000098
:10FA60000000803F00000000BD8E00200302A002C5
:10FA7000010100000000803F00000000BB8E00205C
:10FA80000502A002010100000000803F000000000C
:10FA9000B88E00200702A002010100000000803F94
:10FAA00000000000B38E00200901A0020101000047
:10FAB0000000803F00000000B18E00200B02A00279
:10FAC000010100000000803F00000000B08E002017
:10FAD0000F04A002010100000000803F00000000B0
:10FAE000BF8E00201607A002010100000000803F29
:10FAF00000000000B48E00201E07A00201010000DB
:10FB00000000803F00000000B58E00202607A00204
:10FB1000010100000000803F00000000BC8E0020BA
:10FB20002E07A002010100000000803F000000003D
:10FB3000BE8E00203708A002000100000000003F38
:10FB4000000020C2A08E00203D01A00201010000A3
:10FB50000000803F00000000B28E00203F02A002A3
:10FB6000010100000000803F00000000AF8E002077
:10FB7000060DAE03000100006666663D0000000051
:10FB80005C8E00200701AE03010100000000803FF1
:10FB900000000000608E00200901AE03010100009A
:10FBA0000000803F00000000AA8E00202302AE0368
:10FBB000010100000000803F00000000A88E00202E
:10FBC0001714AE03010100000000803F0000000098
:10FBD000A48E00203001AE03010100000000803F30
:10FBE00000000000A98E0020070EAF0300010000F6
:10FBF0000AD7233C333344C2388E0020090EAF03AA
:10FC0000000100000AD7233C333344C2348E002065
:10FC10001B10AF03000100000AD7233C000096C36D
:10FC20003C8E00200103AA03010100000000803F78
:10FC300000000000438E00200403AA03010100001D
:10FC40000000803F00000000408E00200703AA0350
:10FC5000010100000000803F00000000428E0020F3
:10FC60000B04AA03010100000000803F0000000017
:10FC7000448E00200E03AA03010100000000803F13
:10FC800000000000418E002007083F040101000031
:10FC90000000803F00000000AE8E002008013F04FD
:10FCA000010100000000803F00000000AC8E002039
:10FCB0000C013F04010100000000803F0000000033
:10FCC000AB8E002010013F04010100000000803FC6
:10FCD00000000000AD8E00200708C30501010000F0
:10FCE0000000803F00000000978E00200C05C30537
:10FCF000010100000000803F00000000788E00201D
:10FD00000F03C305010100000000803F0000000058
:10FD1000958E0020170CC305010100000000803FF4
:10FD2000000000006E8E00201B0CC30501010000C6
:10FD30000000803F00000000708E00202F0CC305E3
:10FD4000010100000000803F00000000728E0020D2
:10FD5000330CC305010100000000803F00000000DB
:10FD6000748E0020070CB60300010000CDCCCC3D02
:10FD70000000C8C28C8E00200B0CB60300010000EE
:10FD8000CDCCCC3D0000C8C2908E00202302B6032B
:10FD9000010100000000803F000000007A8E00207A
:10FDA0000708A603010100000000803F00000000DA
:10FDB0007C0800200F08A603000100000000803F1F
:10FDC000000000C3688E00201001A603010100009E
:10FDD0000000803F00000000638E00201101A60398
:10FDE000010100000000803F00000000628E002042
:10FDF0001201A603010100000000803F0000000086
:10FE0000808E00201402A603010100000000803F44
:10FE100000000000778E00201703A60301010000F8
:10FE20000000803F000000007F8E00201902A60322
:10FE3000010100000000803F000000007C8E0020D7
:10FE40001F02A603010100000000803F0000000027
:10FE5000968E00202708A603010100000000803FC5
:10FE600000000000898E00202903A6030101000084
:10FE70000000803F00000000798E00202B02A603C6
:10FE8000010100000000803F000000007D8E002086
:10FE90002D02A603010100000000803F00000000C9
:10FEA000988E00202F02A603010100000000803F71
:10FEB000000000007B8E00203001A603010100003D
:10FEC0000000803F00000000868E00203303A60360
:10FED000010100000000803F000000007E8E002035
:10FEE0003603A603010100000000803F000000006F
:10FEF000858E00203A02A603010100000000803F29
:10FF000000000000648E00203F05A60301010000F0
:10FF10000000803F000000006C8E00200708710484
:10FF2000010100000000803F00000000948E0020CE
:10FF300008017104010100000000803F0000000082
:10FF4000878E00200C017104010100000000803F39
:10FF500000000000618E002010017104010100000A
:10FF60000000803F00000000888E00201501710411
:10FF7000010100000000803F00000000838E00208F
:10FF800016017104010100000000803F0000000024
:10FF9000818E002017017104010100000000803FE4
:10FFA00000000000848E00201D017104010100008A
:10FFB0000000803F00000000828E002035067104A2
:10FFC000010100000000803F00000000768E00204C
:10FFD0000000FFFF010101000000803F0000000061
:10FFE000C08E0020404142434446474854550000DB
:10FFF000010C010204017E00000403010600000759
:020000021000EC
:1000000000010800000B00000C00000E00000F00B3
:10001000001700001800001C00001D00001E00005A
:100020001F0000002060002100002200002380004B
:1000300024000025000026000027F00028000029E9
:1000400000002A00002B08012CFF012DFF012EFFCC
:10005000012FFF0130FF0131FF0132FF0133FF01AA
:100060003400000002000000A40800209C080020CA
:100070008C08002000004041000000008FC2F53DC8
:10008000728A0E3DB81E55403088C83B0000404083
:1000900000409C46010000000000FA44E4CB96407A
:1000A0000000C0400000000000007A450000000091
:1000B0000000C04000000000CDCCCC3D0000C0409E
:1000C0000000C84200409C46E80300000AD7233CD9
:1000D0000AD7A33B000000003333733F333373BFB1
:1000E0000000000000000000000000000000000010
:1000F0000000000000000000000000000000000000
:1001000000000000000000000000000000000000EF
:1001100000000000000000000000000000000000DF
:1001200000000000000000000000000000000000CF
:100130000AD7233C0AD7A33B000000003333733FA8
:10014000333373BF00000000000000000000000017
:10015000000000000000000000000000000000009F
:10016000000000000000000000000000000000008F
:10017000000000000000000000000000000000007F
:10018000000000000000000000000000000000006F
:10019000000000006F12833ABD3706350AD7233CB2
:1001A00000002041000020C100000000000000000D
:1001B000000000000000000000000000000000003F
:1001C000000000000000000000000000000000002F
:1001D000000000000000000000000000000000001F
:1001E000000000000000000000000000000000000F
:1001F000000000000000000000000000920E493CDA
:10020000B10AC93C2BC3163D2EFB483D752B7B3DE7
:1002100004A9963D80B6AF3D36BDC83D2FBCE13D3B
:1002200073B2FA3D87CF093E8340163EB5AB223EFE
:10023000A2102F3ECF6E3B3EC2C5473E0115543E35
:10024000135C603E7F9A6C3ECCCF783EC07D823E90
:10025000938E883E229A8E3E32A0943E86A09A3E8D
:10026000E59AA03E128FA63ED47CAC3EEF63B23E30
:100270002A44B83E491DBE3E15EFC33E53B9C93EA0
:10028000CA7BCF3E4136D53E80E8DA3E4F92E03E13
:100290007533E63EBBCBEB3EEA5AF13ECBE0F63E91
:1002A000275DFC3EE4E7003F3D9C033F824B063F59
:1002B0009BF5083F6B9A0B3FDA390E3FCDD3103FC9
:1002C0002A68133FD9F6153FC07F183FC6021B3F6F
:1002D000D17F1D3FCBF61F3F9967223F25D2243F98
:1002E0005636273F1594293F4AEB2B3FDE3B2E3FE6
:1002F000BB85303FC9C8323FF304353F233A373F0F
:100300004268393F3B8F3B3FF9AE3D3F67C73F3FB8
:1003100070D8413F01E2433F03E4453F65DE473F7C
:1003200012D1493FF8BB4B3F029F4D3F207A4F3FD0
:100330003D4D513F4918533F31DB543FE595563F02
:100340005348583F6AF2593F1A945B3F532D5D3F23
:1003500005BE5E3F2146603F97C5613F5A3C633F03
:1003600059AA643F880F663FD86B673F3CBF683F20
:10037000A7096A3F0C4B6B3F5E836C3F93B26D3FA6
:100380009ED86E3F73F56F3F0809713F5213723F5D
:100390004714733FDD0B743F0BFA743FC6DE753FA5
:1003A00007BA763FC58B773FF853783F9812793F6D
:1003B0009DC7793F02737A3FBE147B3FCDAC7B3F34
:1003C000283B7C3FC9BF7C3FAC3A7D3FCCAB7D3FF7
:1003D00023137E3FB0707E3F6DC47E3F580E7F3F3B
:1003E0006D4E7F3FAB847F3F0FB17F3F97D37F3F01
:1003F00043EC7F3F11FB7F3F0000803F11FB7F3FBD
:1004000043EC7F3F97D37F3F0FB17F3FAB847F3F6C
:100410006D4E7F3F580E7F3F6DC47E3FB0707E3F74
:1004200023137E3FCCAB7D3FAC3A7D3FC9BF7C3FC1
:10043000283B7C3FCDAC7B3FBE147B3F02737A3FB1
:100440009DC7793F9812793FF853783FC58B773F26
:1004500007BA763FC6DE753F0BFA743FDD0B743F7B
:100460004714733F5213723F0809713F73F56F3F92
:100470009ED86E3F93B26D3F5E836C3F0C4B6B3FDB
:10048000A7096A3F3CBF683FD86B673F880F663F4C
:1004900059AA643F5A3C633F97C5613F2146603F7C
:1004A00005BE5E3F532D5D3F1A945B3F6AF2593F94
:1004B0005348583FE595563F31DB543F4918533F69
:1004C0003D4D513F207A4F3F029F4D3FF8BB4B3F80
:1004D00012D1493F65DE473F03E4453F01E2433F18
:1004E00070D8413F67C73F3FF9AE3D3F3B8F3B3F31
:1004F0004268393F233A373FF304353FC9C8323F9A
:10050000BB85303FDE3B2E3F4AEB2B3F1594293F06
:100510005636273F25D2243F9967223FCBF61F3F0F
:10052000D17F1D3FC6021B3FC07F183FD9F6153F44
:100530002A68133FCDD3103FDA390E3F6B9A0B3F39
:100540009BF5083F824B063F3D9C033FE4E7003F9D
:10055000275DFC3ECBE0F63EEA5AF13EBBCBEB3EDC
:100560007533E63E4F92E03E80E8DA3E4136D53EB6
:10057000CA7BCF3E53B9C93E15EFC33E491DBE3EAF
:100580002A44B83EEF63B23ED47CAC3E128FA63E06
:10059000E59AA03E86A09A3E32A0943E229A8E3ED4
:1005A000938E883EC07D823ECCCF783E7F9A6C3E53
:1005B000135C603E0115543EC2C5473ECF6E3B3EC4
:1005C000A2102F3EB5AB223E8340163E87CF093E98
:1005D00073B2FA3D2FBCE13D36BDC83D80B6AF3D9C
:1005E00004A9963D752B7B3D2EFB483D2BC3163D44
:1005F000B10AC93C920E493C00000000920E49BC71
:10060000B10AC9BC2BC316BD2EFB48BD752B7BBDE3
:1006100004A996BD80B6AFBD36BDC8BD2FBCE1BD37
:1006200073B2FABD87CF09BE834016BEB5AB22BEFA
:10063000A2102FBECF6E3BBEC2C547BE011554BE31
:10064000135C60BE7F9A6CBECCCF78BEC07D82BE8C
:10065000938E88BE229A8EBE32A094BE86A09ABE89
:10066000E59AA0BE128FA6BED47CACBEEF63B2BE2C
:100670002A44B8BE491DBEBE15EFC3BE53B9C9BE9C
:10068000CA7BCFBE4136D5BE80E8DABE4F92E0BE0F
:100690007533E6BEBBCBEBBEEA5AF1BECBE0F6BE8D
:1006A000275DFCBEE4E700BF3D9C03BF824B06BF55
:1006B0009BF508BF6B9A0BBFDA390EBFCDD310BFC5
:1006C0002A6813BFD9F615BFC07F18BFC6021BBF6B
:1006D000D17F1DBFCBF61FBF996722BF25D224BF94
:1006E000563627BF159429BF4AEB2BBFDE3B2EBFE2
:1006F000BB8530BFC9C832BFF30435BF233A37BF0B
:10070000426839BF3B8F3BBFF9AE3DBF67C73FBFB4
:1007100070D841BF01E243BF03E445BF65DE47BF78
:1007200012D149BFF8BB4BBF029F4DBF207A4FBFCC
:100730003D4D51BF491853BF31DB54BFE59556BFFE
:10074000534858BF6AF259BF1A945BBF532D5DBF1F
:1007500005BE5EBF214660BF97C561BF5A3C63BFFF
:1007600059AA64BF880F66BFD86B67BF3CBF68BF1C
:10077000A7096ABF0C4B6BBF5E836CBF93B26DBFA2
:100780009ED86EBF73F56FBF080971BF521372BF59
:10079000471473BFDD0B74BF0BFA74BFC6DE75BFA1
:1007A00007BA76BFC58B77BFF85378BF981279BF69
:1007B0009DC779BF02737ABFBE147BBFCDAC7BBF30
:1007C000283B7CBFC9BF7CBFAC3A7DBFCCAB7DBFF3
:1007D00023137EBFB0707EBF6DC47EBF580E7FBF37
:1007E0006D4E7FBFAB847FBF0FB17FBF97D37FBFFD
:1007F00043EC7FBF11FB7FBF000080BF11FB7FBFB9
:1008000043EC7FBF97D37FBF0FB17FBFAB847FBF68
:100810006D4E7FBF580E7FBF6DC47EBFB0707EBF70
:1008200023137EBFCCAB7DBFAC3A7DBFC9BF7CBFBD
:10083000283B7CBFCDAC7BBFBE147BBF02737ABFAD
:100840009DC779BF981279BFF85378BFC58B77BF22
:1008500007BA76BFC6DE75BF0BFA74BFDD0B74BF77
:10086000471473BF521372BF080971BF73F56FBF8E
:100870009ED86EBF93B26DBF5E836CBF0C4B6BBFD7
:10088000A7096ABF3CBF68BFD86B67BF880F66BF48
:1008900059AA64BF5A3C63BF97C561BF214660BF78
:1008A00005BE5EBF532D5DBF1A945BBF6AF259BF90
:1008B000534858BFE59556BF31DB54BF491853BF65
:1008C0003D4D51BF207A4FBF029F4DBFF8BB4BBF7C
:1008D00012D149BF65DE47BF03E445BF01E243BF14
:1008E00070D841BF67C73FBFF9AE3DBF3B8F3BBF2D
:1008F000426839BF233A37BFF30435BFC9C832BF96
:10090000BB8530BFDE3B2EBF4AEB2BBF159429BF02
:10091000563627BF25D224BF996722BFCBF61FBF0B
:10092000D17F1DBFC6021BBFC07F18BFD9F615BF40
:100930002A6813BFCDD310BFDA390EBF6B9A0BBF35
:100940009BF508BF824B06BF3D9C03BFE4E700BF99
:10095000275DFCBECBE0F6BEEA5AF1BEBBCBEBBED8
:100960007533E6BE4F92E0BE80E8DABE4136D5BEB2
:10097000CA7BCFBE53B9C9BE15EFC3BE491DBEBEAB
:100980002A44B8BEEF63B2BED47CACBE128FA6BE02
:10099000E59AA0BE86A09ABE32A094BE229A8EBED0
:1009A000938E88BEC07D82BECCCF78BE7F9A6CBE4F
:1009B000135C60BE011554BEC2C547BECF6E3BBEC0
:1009C000A2102FBEB5AB22BE834016BE87CF09BE94
:1009D00073B2FABD2FBCE1BD36BDC8BD80B6AFBD98
:1009E00004A996BD752B7BBD2EFB48BD2BC316BD40
:1009F000B10AC9BC920E49BC0000008000247449B1
:100A00009FABAD3B0000B44500401C4A1F852B4006
:100A1000D2466B4018FD964014B9B840CEE9D94093
:100A20002EE1FA4001010000020201010100020171
:100A3000010002010102010200010001000302FDA8
:100A4000FF01FE000002FF0103FEFD00666D6F6402
:0C0A5000660000000000000000000080B4
:100A5C0001000000AAAAAAAA0700000007000000D3
:100A6C0001000800B48800202800002002000800C3
:100A7C00AC8800202800002044F100000200000097
:100A8C009888002000000000050000000000000015
:100A9C000000000000000000000000000100000049
:100AAC000500000000000000000000000000000035
:100ABC0000000000D0F300000E000000B800002081
:100ACC003400002004970020AC000020E0F300006C
:100ADC008B89000081890000D8F30000020000001F
:100AEC00EC0000204C00002014970020E0000020B7
:100AFC00ECF300008B8900008189000001000001EB
:100B0C0000000000000000000000000000000000D9
:100B1C0000000000000000040A2850010100000041
:100B2C0000000000000000000000000000000000B9
:100B3C0001010101000000000000000000000000A5
:100B4C000000030000000300000000040A2850000D
:100B5C000000000000000000000000000000000089
:100B6C000000000000000000000100005001000027
:100B7C00FF0700000A000800B8950020109600201E
:100B8C000000000000000000010000000001000057
:100B9C00E2050000FF070000F4010800C0950020EA
:100BAC001296002000090000010000000200000065
:100BBC0000010000C2010000FF0700001400080043
:100BCC00C8950020149600200012000002000000BE
:100BDC000300000000010000A0020000FF0700005D
:100BEC0032000800D0950020169600200018000056
:100BFC00030000000400000000010000AE03000030
:100C0C00FF07000064000800D8950020189600200B
:100C1C000026000004000000050000000001000098
:100C2C00AF030000FF07000064000800E0950020FF
:100C3C001A960020002A00000500000006000000A3
:100C4C0000010000AA030000FF0700006400080078
:100C5C00E89500201C960020002D000006000000E6
:100C6C000700000000010000C0060000FF070000A4
:100C7C0000000800F09500201E96002000010000E6
:100C8C000700000008000000000100003F04000005
:100C9C008007000000000800F89500202096002036
:100CAC0000320000080000000900000000010000F4
:100CBC00DF070000FF07000000000800009600207E
:100CCC002296002000040000090000000A00000029
:100CDC000001000071070000FF0700000000080081
:100CEC000896002024960020000300000A00000053
:100CFC0000000000C3050000000002000008000016
:100D0C00289600200B00000001000000B603000034
:100D1C000100140000080000309600200C000000B8
:100D2C0002000000A60300000200140000080000EE
:100D3C00389600200D00000003000000C1060000E2
:100D4C000300000000080000409600200E00000088
:100D5C000400000071040000040000000008000002
:100D6C00489600200F0000000500000079070000E5
:100D7C000500000000080000509600200E00000046
:100D8C000100000000000000000000000000000056
:100D9C000000000000000000000000000000000047
:100DAC00148B002000000000058A0000098A000056
:100DBC000D8A0000918A0000000000000200000073
:100DCC000000000000000000000000000000000017
:100DDC00000000000000000000000000D48800208B
:100DEC0000000000F1890000078A00000B8A000057
:100DFC00118A000000000000010100000201000047
:100E0C00000000000001000000010000FF070000CE
:100E1C000001000001010000FF07000001010000BB
:100E2C00C30500000000000001010000B603000033
:100E3C000000000001010000A603000000000000FB
:100E4C0001010000C10600000000000001010000CB
:100E5C00710400000000000001010000790700008F
:100E6C00000000000001000050010000FF0700001E
:100E7C0000010000E2050000FF0700000001000077
:100E8C00C2010000FF07000000010000A0020000EA
:100E9C00FF07000000010000AE030000FF07000088
:100EAC0000010000AF030000FF070000000100007C
:100EBC00AA030000FF07000000010000C0060000AC
:100ECC00FF070000000100003F0400008007000045
:100EDC0000010000DF070000FF0700000001000018
:100EEC0071070000FF07000000D080010200000025
:100EFC00010201000001000091930000401F00005E
:100F0C000000000018F70000A0040020AD930000C2
:100F1C00E1930000D1930000C1930000B193000055
:100F2C0095930000020205000001000035940000BA
:100F3C0050C300000000000038F70000D40400206B
:100F4C0075940000A9940000999400008994000005
:100F5C0079940000519400000001B80B00000103CB
:100F6C000000000102020000000000000000000070
:100F7C00000000000000000004020000000000005F
:100F8C00000000000000000000000000060200004D
:100F9C000000000000000000000000000000000045
:100FAC0058F7000008050020F19600008995000014
:100FBC007995000069950000119500004D95000091
:100FCC00040000000002000001000000010000000D
:100FDC0020000000010000000200000008000000DA
:100FEC000100000003000000800000000100000070
:100FFC00030000004000000000000000030000009F
:10100C0020000000000000000300000000020000AF
:10101C0001000000020000000000020001000000BE
:10102C0000000000020000000100000002000000AF
:10103C004000000000000000010000000000000063
:10104C00020000000000000003000000000000008F
:10105C000400000000000000080000000800000070
:10106C0000040000400000000040000000080000E8
:10107C00000400000200000001000000200000003D
:10108C0000020000200000000800000080000000AA
:10109C0040000000200000000002000000000200E0
:1010AC0002000000400000000403010400000004E2
:1010BC0004020000040102030303030200027D008A
:1010CC0089009500A1000000710200000C000000D6
:1010DC0000000101000000002800010100000000D8
:1010EC00500000000000000078000000000000002C
:1010FC00A000000000000000020000007C96002010
:10110C000000000000000000030000007C9600209E
:10111C000000000000000000040000007C9600208D
:10112C000000000000000000050000007C9600207C
:10113C000000000000000000060000007C9600206B
:10114C000000000000000000070000007C9600205A
:10115C000000000000000000000000007C96002051
:10116C000000000000000000000000007C96002041
:10117C000000000000000000000000000000000063
:10118C000000000000000000000000000000000053
:10119C000000000000000000000000000000000043
:1011AC000000000000000000000000000000000033
:1011BC000000000000000000000000000000000023
:1011CC000000000000000000000000000100000012
:1011DC000000000000000000000000000000000003
:1011EC0000000000000000000000000000000000F3
:1011FC0000000000000000000000000000000000E3
:10120C0000000000000000000000000000000000D2
:10121C0000000000000000000000000000000000C2
:10122C0002000000000000000000000000000000B0
:10123C0000000000000000000000000000000000A2
:10124C000000000000000000000000000000000092
:10125C000000000000000000000000000000000082
:10126C000000000000000000000000000000000072
:10127C00000000000300000000000000000000005F
:10128C000000000000000000000000000000000052
:10129C000000000000000000000000000000000042
:1012AC000000000000000000000000000000000032
:1012BC000000000000000000000000000000000022
:1012CC0000000000000000000101010156010100B6
:1012DC00D0070E010100E80301000000002474494E
:1012EC009FABAD3B0000B44500401C4A0000F042EF
:1012FC009FABAD3B9FABAD3B00000C420AD7A33D6F
:10130C00010000006F12033A52499D3900000000A1
:10131C00333373BF3333733F01000000D008002018
:10132C0000000000BC0B0020240C00208C0C0020C2
:10133C0000000000000000000000000000000000A1
:10134C000000000000000000000000000000000091
:10135C000000000000000000000000000000000081
:10136C000000000000000000000000000000000071
:10137C000000000000000000000000000000000061
:10138C000000000000000000000000000000000051
:10139C000000000000000000000000000000000041
:1013AC000000000000000000000000000000000031
:1013BC000000000000000000000000000000000021
:1013CC000000000000000000010000000000000010
:1013DC000E33CDAB34126DE6ECDE05000B000000D5
:1013EC0000000000000000000000000000000000F1
:1013FC0000000000000000000000000000000000E1
:10140C0000000000000000000000000000000000D0
:10141C0000000000000000000000000000000000C0
:10142C0000000000000000000000000000000000B0
:10143C0000000000000000000000000000000000A0
:10144C000000000000000000000000000000000090
:10145C000000000000000000000000000000000080
:10146C000000000000000000000000000000000070
:10147C000000000000000000000000000000000060
:10148C000000000000000000000000000000000050
:10149C000000000000000000000000000000000040
:1014AC000000000000000000000000000000000030
:1014BC000000000000000000000000000000000020
:1014CC000000000000000000000000000000000010
:1014DC000000000000000000000000000000000000
:1014EC0000000000000000000000000000000000F0
:1014FC0000000000000000000000000000000000E0
:10150C0000000000000000000000000000000000CF
:10151C0000000000000000000000000000000000BF
:10152C0000000000000000000000000000000000AF
:10153C00000000000000000000000000000000009F
:10154C00000000000000000000000000000000008F
:10155C00000000000000000000000000000000007F
:10156C00000000000000000000000000000000006F
:10157C00000000000000000000000000000000005F
:10158C00000000000000000000000000000000004F
:10159C00000000000000000000000000000000003F
:1015AC00000000000000000000000000000000002F
:1015BC00000000000000000000000000000000001F
:1015CC00000000000000000000000000000000000F
:1015DC0000000000000000000000000000000000FF
:1015EC0000000000000000000000000000000000EF
:1015FC0000000000000000000000000000000000DF
:10160C0000000000000000000000000000000000CE
:10161C0000000000000000000000000000000000BE
:10162C0000000000000000000000000000000000AE
:10163C00000000000000000000000000000000009E
:10164C00000000000000000000000000000000008E
:10165C00000000000000000000000000000000007E
:10166C00000000000000000000000000000000006E
:10167C00000000000000000000000000000000005E
:10168C00000000000000000000000000000000004E
:10169C00000000000000000000000000000000003E
:1016AC00000000000000000000000000000000002E
:1016BC00000000000000000000000000000000001E
:1016CC00000000000000000000000000000000000E
:1016DC0000000000000000000000000000000000FE
:1016EC0000000000000000000000000000000000EE
:1016FC0000000000000000000000000000000000DE
:10170C0000000000000000000000000000000000CD
:10171C0000000000000000000000000000000000BD
:10172C0000000000000000000000000000000000AD
:10173C00000000000000000000000000000000009D
:08174C00000000000000000095
:04000003000003BD39
:00000001FF
